customer_id,first_name,last_name,display_name_used,email,phone,country,city,account_created,vip_flag,preferred_language,product_owned
CUST00001,Holly,Davis,Holly,holly.davis915@outlook.com,+639178122362,Philippines,East Ethan,2023-08-30,False,English/Tagalog,PROD002
CUST00002,Matthew,Lynch,Matthew,matthew.lynch399@yahoo.com,9179096705,Philippines,New Mary,2025-01-09,False,English/Tagalog,PROD013
CUST00003,Scott,Delgado,Scott,scott.delgado280@yahoo.com,(0917) 670-6562,Philippines,Michaelburgh,2023-07-05,False,English,PROD015
CUST00004,Samantha,Howe,Samantha,samantha.howe439@gmial.com,+639172720465,Philippines,Smithland,2025-05-19,False,English/Tagalog,PROD008
CUST00005,Richard,Thompson,Richard,richard.thompson84@hotmail.com,009177080531,Philippines,New Carmenmouth,2025-07-16,False,English,PROD013
CUST00006,John,Turner,John,john.turner686@yahoo.com,009171937452,Saint Helena,North Laura,2024-11-16,False,English,PROD013
CUST00007,Jacqueline,Sims,Jacqueline,jacqueline.sims930@outlook.com,9176631931,Philippines,Rochaview,2022-08-15,False,English,PROD014
CUST00008,Matthew,Allen,Matthew,matthew.allen71@hotmail.com,9178506716,Canada,South Megan,2024-01-13,False,Tagalog,PROD011
CUST00009,Hannah,Hernandez,Hannah,hannah.hernandez942@outlook.com,+639178776945,South Georgia and the South Sandwich Islands,Johnside,2022-08-24,False,English/Tagalog,PROD014
CUST00010,Sarah,Jennings,Sarah,sarah.jennings685@hotmail.com,+639176507527,Tonga,Hammondport,2024-06-21,False,Cebuano,PROD006
CUST00011,Lynn,Bradford,Lynn,lynn.bradford738@yaho.com,009176783777,Philippines,South Michael,2025-10-09,False,Tagalog,PROD002
CUST00012,Natalie,Combs,Natalie,natalie.combs544@outlook.com,9175685574,Philippines,New Sharonville,2024-02-18,False,Cebuano,PROD005
CUST00013,Christopher,Powell,Stacy,stacy.powell757@yahoo.com,+639177498941,Philippines,East Jessica,2024-07-30,False,English,PROD005
CUST00014,Elizabeth,Tyler,Elizabeth,elizabeth.tyler998@yahoo.com,9170842710,Philippines,Taylortown,2024-03-11,False,English,PROD008
CUST00015,Connie,Cruz,Connie,connie.cruz67@hotmail.com,9176719022,Anguilla,Garciaville,2023-03-06,False,English/Tagalog,PROD002
CUST00016,Lisa,Scott,Lisa,lisa.scott390@yahoo.com,009177749649,Kuwait,Port Anita,2024-10-27,False,Tagalog,PROD010
CUST00017,John,Young,John,john.young161@outlook.com,(0917) 328-1206,Philippines,Michaelhaven,2025-12-30,False,Tagalog,PROD012
CUST00018,Susan,Mendoza,Susan,susan.mendoza465@outlook.com,+639171349361,Philippines,Jennifertown,2022-09-13,False,Tagalog,PROD011
CUST00019,Tammy,Wilson,Douglas,douglas.wilson610@yahoo.com,9179471746,Philippines,North Lisatown,2025-09-14,False,English,PROD009
CUST00020,Alexa,Castillo,Alexa,alexa.castillo27@outlook.com,009171399049,France,Ryanberg,2025-12-11,False,English/Tagalog,PROD013
CUST00021,Benjamin,Beck,Benjamin,benjamin.beck447@yahoo.com,009177175655,Philippines,South Henrystad,2022-08-07,False,English/Tagalog,PROD014
CUST00022,Sherry,Rodriguez,Sherry,sherry.rodriguez564@hotmail.com,(0917) 071-5451,Philippines,West Morgan,2025-01-13,False,English/Tagalog,PROD014
CUST00023,Elizabeth,Parsons,Elizabeth,elizabeth.parsons638@yahoo.com,9177703482,Germany,Jessicaton,2024-02-03,False,English,PROD008
CUST00024,Carrie,Turner,Carrie,carrie.turner319@yahoo.com,(0917) 808-6131,Philippines,Moodyborough,2022-09-19,False,Cebuano,PROD002
CUST00025,Dave,Bailey,Dave,dave.bailey495@outlook.com,+639177378263,Philippines,North Jonathan,2024-09-27,False,English/Tagalog,PROD014
CUST00026,Michael,Brown,Michael,michael.brown290@outlook.com,(0917) 499-7278,Philippines,Rachelbury,2024-09-06,False,English/Tagalog,PROD006
CUST00027,David,Sims,David,david.sims715@outlook.com,(0917) 396-3605,Syrian Arab Republic,Lake Alyssa,2022-08-19,False,Tagalog,PROD012
CUST00028,Andre,Black,Andre,andre.black989@gmail.com,009179517187,Philippines,Willisberg,2022-12-13,False,Tagalog,PROD012
CUST00029,Brittany,Mejia,Brian,brian.mejia710@outlook.com,009176158657,Philippines,Gonzalezland,2024-11-15,False,Cebuano,PROD010
CUST00030,Rachel,Zhang,Rachel,rachel.zhang101@gmail.com,009171724005,Philippines,East Todd,2024-07-16,False,Tagalog,PROD005
CUST00031,Jacob,Cobb,Jacob,jacob.cobb81@yahoo.com,+639179693792,Philippines,East Manuelhaven,2025-06-16,False,English,PROD008
CUST00032,Natalie,Watson,Natalie,natalie.watson694@hotmail.com,(0917) 821-7594,Philippines,New Robert,2022-11-22,False,Tagalog,PROD012
CUST00033,Wayne,Montgomery,Wayne,wayne.montgomery391@hotmail.com,9179594406,Philippines,Olsenberg,2022-11-12,False,English,PROD001
CUST00034,Melissa,York,Melissa,melissa.york925@hotmail.com,9174395339,Northern Mariana Islands,South Kentchester,2023-05-17,False,Tagalog,PROD011
CUST00035,Stephanie,Shepherd,Stephanie,stephanie.shepherd452@gmail.com,(0917) 095-2145,Philippines,New Abigail,2026-03-06,False,Cebuano,PROD003
CUST00036,Abigail,Watson,Abigail,abigail.watson264@outlook.com,+639177451712,Philippines,North Katherinemouth,2025-10-16,False,English/Tagalog,PROD014
CUST00037,Catherine,Maxwell,Catherine,catherine.maxwell405@outlok.com,(0917) 048-1754,Philippines,Port Tammytown,2024-10-20,False,Tagalog,PROD014
CUST00038,Christine,Lewis,Christine,christine.lewis227@outlook.com,009171746120,Chad,Turnerland,2025-07-02,False,Tagalog,PROD005
CUST00039,Michael,Mccoy,Michael,michael.mccoy380@yahoo.com,(0917) 869-2617,Philippines,Gonzalezstad,2024-07-12,False,English/Tagalog,PROD005
CUST00040,Sergio,Shaffer,Sergio,sergio.shaffer102@yahoo.com,009175850643,Brazil,Shanechester,2025-03-05,False,Tagalog,PROD014
CUST00041,Valerie,Lewis,Valerie,valerie.lewis342@gmial.com,+639173293183,Northern Mariana Islands,Myersburgh,2025-12-02,False,Tagalog,PROD014
CUST00042,Toni,Esparza,Toni,toni.esparza149@gmail.com,009172842102,Slovakia (Slovak Republic),New Meganmouth,2026-02-26,False,Cebuano,PROD006
CUST00043,Logan,Ramos,Olivia,olivia.ramos760@outlok.com,009176811775,Philippines,New Vincentberg,2025-05-26,False,English,PROD008
CUST00044,Michael,Aguirre,Michael,michael.aguirre988@outlook.com,(0917) 007-6617,Indonesia,West Morgan,2024-03-21,False,Tagalog,PROD002
CUST00045,Louis,Martinez,Rebecca,rebecca.martinez600@outlook.com,(0917) 856-9847,Martinique,North Shane,2024-09-26,False,Tagalog,PROD002
CUST00046,Rebecca,Glover,Rebecca,rebecca.glover848@yahoo.com,9177661565,Martinique,Melissashire,2026-04-03,False,English/Tagalog,PROD006
CUST00047,Patrick,Lopez,Kevin,kevin.lopez99@gmial.com,9175280988,Philippines,Stewartchester,2023-03-25,False,English/Tagalog,PROD011
CUST00048,Cassandra,Robinson,Cassandra,cassandra.robinson615@gmail.com,(0917) 451-9832,Western Sahara,Floreshaven,2023-12-26,False,Cebuano,PROD004
CUST00049,Amanda,Jones,Nicole,nicole.jones827@outlook.com,9176899809,Philippines,North Austin,2025-10-04,False,Cebuano,PROD001
CUST00050,Amy,Spencer,Amy,amy.spencer891@outlok.com,+639172961201,Philippines,Matthewshaven,2025-09-12,False,Cebuano,PROD007
CUST00051,Victor,Powell,Victor,victor.powell582@outlook.com,009179102290,Philippines,Wilsonland,2023-06-24,False,English/Tagalog,PROD005
CUST00052,Emily,Moore,Emily,emily.moore117@yahoo.com,9175614978,Philippines,Brookefurt,2025-07-26,False,English,PROD001
CUST00053,Bobby,Chen,Pamela,pamela.chen786@outlook.com,(0917) 244-5107,Philippines,New Mariatown,2023-12-04,False,Tagalog,PROD003
CUST00054,Miguel,White,Miguel,miguel.white883@outlok.com,(0917) 060-7159,Philippines,West Erinshire,2022-08-18,False,Cebuano,PROD010
CUST00055,Maria,Mitchell,Robert,robert.mitchell176@gmail.com,(0917) 975-1613,Philippines,Elliottfurt,2024-10-27,True,Cebuano,PROD010
CUST00056,Sherry,Jordan,Sherry,sherry.jordan173@yahoo.com,9171818835,Nigeria,North Elizabeth,2024-01-06,False,Tagalog,PROD012
CUST00057,Maria,Patterson,Maria,maria.patterson178@yahoo.com,(0917) 921-2779,South Africa,Maryview,2024-01-14,False,Cebuano,PROD011
CUST00058,Lucas,Taylor,Lucas,lucas.taylor70@outlook.com,009177744905,Philippines,Cartermouth,2026-04-27,True,Cebuano,PROD005
CUST00059,Henry,Phillips,Henry,henry.phillips876@gmail.com,009171998679,Armenia,Irwinland,2023-07-09,False,Tagalog,PROD008
CUST00060,Hector,Murphy,Hector,hector.murphy981@hotmail.com,009170715182,Spain,Murilloside,2023-04-11,False,Tagalog,PROD004
CUST00061,Dawn,Martin,Dawn,dawn.martin794@outlook.com,(0917) 590-5151,Philippines,Jacobfurt,2022-08-31,False,Tagalog,PROD005
CUST00062,Michael,Weaver,Michael,michael.weaver318@yahoo.com,9176291486,Philippines,East Kelseytown,2024-04-23,False,English,PROD014
CUST00063,Rebecca,Lopez,Rebecca,rebecca.lopez19@hotmail.com,+639175423573,Philippines,Josephport,2023-05-06,False,English,PROD003
CUST00064,Ronald,Cruz,Ronald,ronald.cruz898@gmail.com,+639179296222,Philippines,Brandonberg,2025-09-26,False,Tagalog,PROD012
CUST00065,Chad,Navarro,Chad,chad.navarro803@outlook.com,9177383473,Romania,Traviston,2025-10-23,False,English/Tagalog,PROD011
CUST00066,Tina,Craig,Tina,tina.craig429@hotmail.com,9172392407,Vanuatu,East Cherylbury,2026-04-21,False,English,PROD009
CUST00067,Christopher,Dominguez,Christopher,christopher.dominguez928@yahoo.com,009178261375,Philippines,East Cheryl,2024-05-06,False,Tagalog,PROD007
CUST00068,Anthony,Caldwell,Anthony,anthony.caldwell29@gmail.com,(0917) 515-2204,Guinea,Garciaville,2023-07-24,False,English/Tagalog,PROD012
CUST00069,Derek,Carter,Derek,derek.carter20@gmail.com,009174328986,Philippines,Brendaland,2026-02-27,False,English,PROD013
CUST00070,Crystal,Schneider,Crystal,crystal.schneider857@hotmial.com,+639177980893,Philippines,North Laura,2022-12-10,False,Tagalog,PROD005
CUST00071,Heather,Alvarez,Heather,heather.alvarez88@yahoo.com,009178518888,Colombia,Gloriaside,2023-05-26,True,English/Tagalog,PROD007
CUST00072,Elizabeth,Wells,Elizabeth,elizabeth.wells366@outlook.com,009171531952,Philippines,East Brian,2022-11-10,False,Tagalog,PROD006
CUST00073,Crystal,Williams,Crystal,crystal.williams491@hotmail.com,009172217043,Philippines,Keithview,2023-12-08,True,Cebuano,PROD013
CUST00074,Erika,Lester,Erika,erika.lester772@hotmail.com,9173450541,Netherlands,South Dale,2022-10-31,False,English/Tagalog,PROD007
CUST00075,Erin,Mccall,Erin,erin.mccall510@yahoo.com,+639175841616,Philippines,Allisonberg,2024-07-02,False,Cebuano,PROD009
CUST00076,Christopher,Washington,Christopher,christopher.washington735@outlook.com,(0917) 627-5705,Philippines,Atkinsontown,2025-06-24,False,English,PROD005
CUST00077,Margaret,Walters,Justin,justin.walters821@hotmail.com,009172029702,Swaziland,Josephfurt,2026-01-31,False,English/Tagalog,PROD004
CUST00078,Darryl,Cline,Darryl,darryl.cline696@gmail.com,9177557192,Philippines,East Brett,2024-07-01,False,English,PROD007
CUST00079,Christopher,Cordova,April,april.cordova397@yahoo.com,9178144739,Palau,Morrisstad,2025-06-15,False,English,PROD012
CUST00080,Rodney,Brown,David,david.brown921@gmail.com,9177155188,Philippines,West Christian,2023-10-01,False,Tagalog,PROD015
CUST00081,Michael,Greene,Michael,michael.greene206@yahoo.com,9172370589,Saint Lucia,Nashside,2023-06-14,False,English,PROD008
CUST00082,Crystal,Kennedy,Steven,steven.kennedy737@hotmail.com,9177866912,Philippines,Margaretfurt,2026-03-28,False,Cebuano,PROD011
CUST00083,Shelby,Townsend,Aaron,aaron.townsend133@yahoo.com,+639176801824,Philippines,South John,2023-03-12,False,Cebuano,PROD003
CUST00084,Jeffrey,Riley,Jeffrey,jeffrey.riley257@outlook.com,009173842498,Philippines,North Kathleen,2023-04-27,False,Tagalog,PROD009
CUST00085,Victoria,Taylor,Elizabeth,elizabeth.taylor578@outlook.com,(0917) 001-0943,Philippines,Brownfort,2024-01-14,False,Cebuano,PROD010
CUST00086,Taylor,Lane,Taylor,taylor.lane825@outlook.com,(0917) 647-1027,Philippines,Jessicaview,2023-05-21,False,Tagalog,PROD008
CUST00087,Michael,Herrera,Michael,michael.herrera882@outlook.com,9175625881,Philippines,Collinchester,2025-04-24,False,Tagalog,PROD004
CUST00088,Christine,Harvey,Howard,howard.harvey394@gmail.com,+639179632595,Philippines,Cartermouth,2023-09-12,False,English/Tagalog,PROD013
CUST00089,Brandon,Murphy,Brandon,brandon.murphy93@outlook.com,009176873395,Philippines,East Arielhaven,2025-08-24,False,English/Tagalog,PROD001
CUST00090,Joshua,Black,Joshua,joshua.black442@gmail.com,009172456506,Philippines,North Danielside,2024-01-03,False,Cebuano,PROD010
CUST00091,Allison,Haney,Jessica,jessica.haney287@hotmail.com,9179912165,Iran,Nicoleview,2024-09-18,False,Tagalog,PROD009
CUST00092,Samantha,Barnes,Samantha,samantha.barnes47@hotmail.com,+639170257872,Azerbaijan,Westland,2025-01-17,False,English/Tagalog,PROD006
CUST00093,Gary,Garcia,Gary,gary.garcia520@outlook.com,9178879470,Philippines,Janetbury,2025-08-15,False,Cebuano,PROD006
CUST00094,Barbara,Richard,Barbara,barbara.richard272@gmail.com,(0917) 993-0972,Kuwait,Port Oliviaport,2023-07-29,False,English,PROD003
CUST00095,Michael,Decker,Kelsey,kelsey.decker156@hotmail.com,+639176368970,Philippines,Sellersburgh,2023-03-16,False,English/Tagalog,PROD009
CUST00096,Justin,Clark,Justin,justin.clark471@outlook.com,+639178585497,Philippines,South Victor,2025-01-24,False,Cebuano,PROD004
CUST00097,Hannah,Rogers,Hannah,hannah.rogers501@yahoo.com,(0917) 575-8441,Hong Kong,Baileymouth,2023-01-15,False,Tagalog,PROD015
CUST00098,Joshua,Snyder,Joshua,joshua.snyder81@outlook.com,9175747338,Philippines,Lake Drew,2026-05-10,False,English,PROD015
CUST00099,Heidi,Brown,Heidi,heidi.brown686@yahoo.com,(0917) 833-0165,Philippines,Lake Anthony,2025-07-29,False,Tagalog,PROD002
CUST00100,Jacqueline,Smith,Jacqueline,jacqueline.smith205@hotmail.com,009174540193,Ireland,Kristinville,2025-12-29,False,Tagalog,PROD015
CUST00101,Justin,Davies,Justin,justin.davies407@gmail.com,009177240049,Cayman Islands,South Thomas,2025-04-13,False,English/Tagalog,PROD015
CUST00102,Kimberly,Hill,Kimberly,kimberly.hill480@yahoo.com,+639174315274,United States of America,Josephville,2025-07-21,False,Tagalog,PROD001
CUST00103,Martha,Porter,Stacy,stacy.porter528@hotmail.com,9175161227,Philippines,Vickiberg,2026-04-22,False,Tagalog,PROD015
CUST00104,Michelle,Thomas,Michelle,michelle.thomas310@outlook.com,009179904530,Philippines,Josephmouth,2022-08-18,False,Cebuano,PROD008
CUST00105,Samuel,Quinn,Samuel,samuel.quinn227@outlook.com,(0917) 327-2795,Philippines,Watkinsberg,2024-02-12,False,Tagalog,PROD012
CUST00106,Pamela,Valencia,Pamela,pamela.valencia541@gmail.com,+639175191088,Philippines,Tiffanymouth,2025-10-24,False,English/Tagalog,PROD010
CUST00107,Shaun,Harper,Anita,anita.harper501@yahoo.com,(0917) 187-0728,Philippines,Lopezshire,2025-08-01,False,Cebuano,PROD008
CUST00108,Edwin,Roberts,Edwin,edwin.roberts4@hotmail.com,009173910651,Liechtenstein,Port Jonmouth,2024-11-25,False,English/Tagalog,PROD015
CUST00109,Cynthia,Hall,Laura,laura.hall139@hotmail.com,+639176567661,Hong Kong,New Jonfort,2025-02-19,False,English/Tagalog,PROD011
CUST00110,Darrell,Swanson,Darrell,darrell.swanson775@yahoo.com,+639170478686,Philippines,Eugeneton,2024-02-12,False,Tagalog,PROD004
CUST00111,Molly,Barr,Molly,molly.barr677@gmial.com,009176903311,Philippines,North Mary,2024-10-14,False,English,PROD008
CUST00112,Mark,Hart,Mark,mark.hart240@gmail.com,9178302843,Philippines,Davidberg,2023-05-05,False,Cebuano,PROD010
CUST00113,Keith,Williams,Keith,keith.williams534@yahoo.com,+639173644089,Philippines,Alexandraside,2025-10-15,False,English,PROD011
CUST00114,Deanna,Lynn,Deanna,deanna.lynn327@hotmail.com,(0917) 662-4628,Namibia,Michaelton,2023-01-23,False,Tagalog,PROD004
CUST00115,Daniel,Harris,Daniel,daniel.harris992@gmail.com,+639176882634,Philippines,Sherryland,2025-02-04,False,Cebuano,PROD006
CUST00116,Jennifer,Cook,Marc,marc.cook387@yaho.com,+639179901398,Philippines,Josemouth,2022-12-24,False,Cebuano,PROD008
CUST00117,Billy,Barker,Billy,billy.barker195@gmail.com,9171739363,Philippines,Michaelstad,2025-06-13,False,Cebuano,PROD013
CUST00118,Ashley,Medina,Ashley,ashley.medina510@outlook.com,(0917) 717-5355,Philippines,Russellfurt,2024-05-08,False,Tagalog,PROD001
CUST00119,Susan,Shelton,Laura,laura.shelton201@hotmail.com,9175369378,Liechtenstein,East Christopher,2025-06-15,False,English/Tagalog,PROD005
CUST00120,Kayla,Patton,Kayla,kayla.patton738@outlook.com,009178728080,Philippines,Alyssaton,2023-04-03,False,English/Tagalog,PROD014
CUST00121,George,Hernandez,Ann,ann.hernandez155@yaho.com,(0917) 038-7509,Philippines,East Elizabethbury,2025-07-13,True,English/Tagalog,PROD011
CUST00122,Lindsay,Day,Kimberly,kimberly.day294@outlook.com,+639170862118,Philippines,Port Justinborough,2024-06-03,False,Cebuano,PROD004
CUST00123,Kayla,Maxwell,Kayla,kayla.maxwell983@hotmial.com,009176793341,Philippines,Joneshaven,2025-04-06,False,English/Tagalog,PROD002
CUST00124,Nicholas,Ayala,Catherine,catherine.ayala85@gmail.com,+639177659180,Namibia,East Donna,2025-03-11,False,English/Tagalog,PROD004
CUST00125,Samantha,Jones,Samantha,samantha.jones288@gmail.com,+639178902503,Suriname,Joannaville,2024-04-22,False,English,PROD013
CUST00126,Hannah,Ryan,Hannah,hannah.ryan870@yahoo.com,9176856218,Philippines,North Michelle,2023-11-16,False,English,PROD001
CUST00127,Sean,Donovan,Sean,sean.donovan335@hotmail.com,(0917) 047-7358,Philippines,Brendaburgh,2023-02-03,False,English/Tagalog,PROD007
CUST00128,Michelle,Gonzales,Kimberly,kimberly.gonzales731@outlook.com,9171142626,Philippines,East Anitahaven,2025-09-22,True,Cebuano,PROD006
CUST00129,Tamara,Mcmahon,Tamara,tamara.mcmahon90@outlook.com,009172678886,Philippines,East Stephaniebury,2025-10-07,False,Cebuano,PROD001
CUST00130,Diane,Gutierrez,Diane,diane.gutierrez398@gmail.com,+639171839826,Philippines,Grahambury,2025-04-14,False,Tagalog,PROD003
CUST00131,Jason,Elliott,Tyler,tyler.elliott307@hotmail.com,+639177154379,Philippines,Padillamouth,2026-04-24,False,English/Tagalog,PROD008
CUST00132,James,Bean,James,james.bean338@hotmail.com,+639177569245,Philippines,Flynntown,2024-03-19,False,Cebuano,PROD008
CUST00133,Stephanie,Harvey,Stephanie,stephanie.harvey801@hotmail.com,+639173564651,American Samoa,Kennethton,2023-06-21,False,English,PROD010
CUST00134,Cassandra,Hansen,Cassandra,cassandra.hansen215@hotmail.com,+639177416724,Philippines,West Rachel,2023-07-04,False,English/Tagalog,PROD005
CUST00135,Madison,Vargas,Brittany,brittany.vargas548@hotmail.com,009178680589,Bosnia and Herzegovina,Schroederchester,2022-08-26,False,Cebuano,PROD002
CUST00136,Michael,Perry,Anthony,anthony.perry661@gmail.com,+639176561014,Nepal,Port Jared,2025-09-07,False,Tagalog,PROD009
CUST00137,Patricia,Rice,Patricia,patricia.rice696@hotmail.com,9179825071,French Southern Territories,Port Lisa,2024-10-30,False,Tagalog,PROD007
CUST00138,Amanda,Juarez,Amanda,amanda.juarez212@outlook.com,9178757177,Philippines,South Christopherton,2026-05-09,False,English,PROD002
CUST00139,Michael,Mclaughlin,Heather,heather.mclaughlin694@outlook.com,(0917) 238-2825,Philippines,Lisaborough,2022-10-30,False,Tagalog,PROD008
CUST00140,Heather,Curtis,Jimmy,jimmy.curtis756@hotmail.com,+639179379660,Philippines,New Meghanburgh,2023-10-03,False,English,PROD004
CUST00141,Kathleen,Jackson,Kathleen,kathleen.jackson202@yahoo.com,(0917) 714-7859,Philippines,Shaneville,2025-12-14,False,Cebuano,PROD010
CUST00142,Richard,Robbins,Richard,richard.robbins723@yahoo.com,+639174991251,Philippines,South Steven,2023-08-07,False,Tagalog,PROD005
CUST00143,Sean,Williams,Sean,sean.williams589@hotmail.com,+639176627828,Philippines,Aaronborough,2023-09-18,False,English/Tagalog,PROD008
CUST00144,Catherine,Yates,Catherine,catherine.yates497@outlook.com,(0917) 236-8876,Gambia,South April,2026-02-18,False,Tagalog,PROD007
CUST00145,Diana,Sullivan,Peter,peter.sullivan226@gmail.com,(0917) 404-3842,Germany,Port Joshuahaven,2024-11-12,False,English,PROD010
CUST00146,Adam,Wilson,Adam,adam.wilson844@outlook.com,009175807836,Peru,Lake Michaelhaven,2025-04-15,False,Cebuano,PROD012
CUST00147,April,Tapia,April,april.tapia357@gmail.com,(0917) 171-3395,Philippines,Dianabury,2024-05-17,False,Tagalog,PROD003
CUST00148,Brandon,Smith,Brandon,brandon.smith612@outlook.com,009178254494,Equatorial Guinea,Port Joshua,2024-09-05,False,English,PROD003
CUST00149,Christopher,Avila,Christopher,christopher.avila136@yahoo.com,9173253672,Philippines,Lake Adamhaven,2026-01-15,False,English,PROD011
CUST00150,Joseph,Lee,Joseph,joseph.lee899@outlook.com,(0917) 577-5901,Philippines,Fosterchester,2023-02-07,False,English,PROD011
CUST00151,Leah,Lee,Leah,leah.lee440@hotmail.com,+639173745458,Martinique,Chungburgh,2026-03-17,False,English,PROD010
CUST00152,Briana,Perez,Dorothy,dorothy.perez952@hotmial.com,9172770632,South Georgia and the South Sandwich Islands,Andersonside,2023-11-11,False,English,PROD003
CUST00153,Emily,Smith,Emily,emily.smith681@outlok.com,009172064361,Philippines,Wandaside,2023-12-30,True,Tagalog,PROD001
CUST00154,Ian,Davis,Ian,ian.davis713@hotmial.com,(0917) 516-2713,Swaziland,Tiffanyview,2025-08-07,False,Cebuano,PROD002
CUST00155,Michael,Pearson,Michael,michael.pearson793@outlook.com,+639172218909,Philippines,South Robert,2023-03-23,False,Tagalog,PROD008
CUST00156,Christopher,Taylor,Christopher,christopher.taylor89@hotmail.com,9171219656,Philippines,Julieside,2025-09-12,False,English,PROD013
CUST00157,Kathryn,Jimenez,Kathryn,kathryn.jimenez708@outlook.com,(0917) 043-8983,Philippines,West Erica,2024-12-21,False,Tagalog,PROD005
CUST00158,Russell,Krause,Russell,russell.krause654@gmail.com,(0917) 918-0552,Greece,Websterchester,2023-06-04,False,Tagalog,PROD014
CUST00159,James,Nguyen,James,james.nguyen70@gmial.com,9170430068,Russian Federation,Khanfort,2023-07-19,False,English/Tagalog,PROD011
CUST00160,Rebecca,Dickson,Rebecca,rebecca.dickson551@gmail.com,+639179241418,Philippines,Lake Erica,2024-07-20,False,English,PROD013
CUST00161,Haley,Murphy,Haley,haley.murphy867@hotmail.com,009173031617,Philippines,Mooreborough,2025-03-23,False,Tagalog,PROD005
CUST00162,Courtney,Salazar,Katie,katie.salazar168@yahoo.com,+639177588425,Senegal,Johnsonfort,2024-01-12,False,English,PROD012
CUST00163,Angela,Roberson,Angela,angela.roberson440@gmail.com,(0917) 481-4917,Philippines,Davidbury,2022-07-23,False,Tagalog,PROD009
CUST00164,Sergio,Campbell,Sergio,sergio.campbell916@outlook.com,+639179138000,Philippines,New Jonathanmouth,2022-12-27,False,Tagalog,PROD001
CUST00165,Christopher,Robertson,Shawn,shawn.robertson936@gmail.com,009176353654,Philippines,Dannyfurt,2023-05-24,False,English,PROD010
CUST00166,Connor,Williams,Julie,julie.williams71@gmail.com,009177445187,Philippines,East Mary,2022-08-15,False,Cebuano,PROD006
CUST00167,Monica,Coleman,Monica,monica.coleman606@yahoo.com,009177383206,Philippines,West Mackenziemouth,2023-04-18,False,English,PROD004
CUST00168,Christopher,Wells,Christopher,christopher.wells386@gmail.com,009174138367,Poland,Jameshaven,2024-03-05,False,Tagalog,PROD003
CUST00169,Michael,Roy,Michael,michael.roy382@hotmail.com,009177191826,Philippines,Scottton,2024-12-27,False,Tagalog,PROD010
CUST00170,Timothy,Chavez,Timothy,timothy.chavez949@outlook.com,+639176557431,Western Sahara,East Felicia,2024-04-07,False,Tagalog,PROD003
CUST00171,Victoria,Freeman,Megan,megan.freeman417@hotmail.com,9171853747,Philippines,South Michael,2023-06-18,False,Cebuano,PROD014
CUST00172,James,Hampton,James,james.hampton878@gmail.com,009175213568,Philippines,Lindaside,2024-03-05,False,Tagalog,PROD011
CUST00173,Valerie,Villarreal,Christopher,christopher.villarreal570@hotmail.com,009178317121,Solomon Islands,Port Jason,2025-10-26,False,Tagalog,PROD001
CUST00174,Keith,Copeland,William,william.copeland646@hotmail.com,+639171994101,Philippines,Port Luis,2023-12-25,False,English,PROD015
CUST00175,Victoria,Brady,Victoria,victoria.brady965@outlook.com,009177029667,Philippines,Kramerborough,2023-06-22,False,Tagalog,PROD007
CUST00176,Anthony,Gonzales,Anthony,anthony.gonzales905@outlook.com,(0917) 209-9934,Mali,Rodriguezland,2023-03-20,False,English,PROD007
CUST00177,Jennifer,Smith,Jennifer,jennifer.smith659@yahoo.com,(0917) 838-0657,Haiti,Tracychester,2024-01-14,False,English/Tagalog,PROD006
CUST00178,Cheryl,Mcdonald,Cheryl,cheryl.mcdonald225@gmail.com,+639170407859,Philippines,Lake Jenniferfort,2025-06-18,False,Cebuano,PROD003
CUST00179,Alexander,Herrera,Alexander,alexander.herrera971@gmail.com,9173965223,Guatemala,Mcneilton,2023-12-30,False,English,PROD013
CUST00180,Gina,Young,Gina,gina.young578@outlook.com,(0917) 293-7842,Philippines,South Mallorytown,2025-03-29,False,Tagalog,PROD001
CUST00181,Larry,Hill,John,john.hill940@hotmial.com,009179325250,Philippines,East Caitlynstad,2025-02-23,False,English,PROD003
CUST00182,Crystal,Singleton,Crystal,crystal.singleton383@outlook.com,+639176915452,Brazil,New Caleb,2022-11-27,False,English/Tagalog,PROD012
CUST00183,Chris,Delgado,Chris,chris.delgado576@yahoo.com,9179539264,Philippines,South Charleston,2025-11-27,True,English/Tagalog,PROD003
CUST00184,Jason,Choi,Jason,jason.choi326@gmail.com,009179391725,Philippines,Matthewstad,2023-11-13,False,English,PROD004
CUST00185,Larry,Cabrera,Larry,larry.cabrera272@outlook.com,009173315410,Philippines,Clarkfort,2025-11-06,False,Tagalog,PROD007
CUST00186,Angela,Rowe,Angela,angela.rowe360@hotmail.com,(0917) 861-7932,United Kingdom,West Kevin,2023-06-02,True,English,PROD002
CUST00187,Anthony,Alvarado,Anthony,anthony.alvarado175@gmial.com,(0917) 621-8159,Philippines,Rachelland,2023-10-12,False,Tagalog,PROD012
CUST00188,Timothy,Lucas,Timothy,timothy.lucas104@hotmail.com,9175336884,Philippines,South Michelle,2025-11-02,True,English/Tagalog,PROD005
CUST00189,Emily,Norton,Michael,michael.norton90@outlok.com,+639174973103,Philippines,New Jerry,2024-02-06,False,English,PROD011
CUST00190,Anthony,Dunn,Anthony,anthony.dunn917@hotmail.com,9174186256,Philippines,Scotttown,2023-08-31,False,English/Tagalog,PROD003
CUST00191,Joshua,Miller,Joshua,joshua.miller155@outlook.com,009171158693,Philippines,Meganton,2026-02-16,False,English/Tagalog,PROD014
CUST00192,Chelsea,Rodriguez,Chelsea,chelsea.rodriguez81@yahoo.com,+639176089899,Romania,Lake Meganshire,2024-06-01,False,Tagalog,PROD002
CUST00193,Latasha,Butler,Latasha,latasha.butler434@yahoo.com,009171632945,Philippines,Schmidtberg,2023-09-26,False,Cebuano,PROD002
CUST00194,Kyle,Taylor,Kyle,kyle.taylor13@hotmail.com,+639179986162,Philippines,Lake Emily,2023-01-30,False,English,PROD010
CUST00195,Michael,Roberson,Michael,michael.roberson889@gmail.com,(0917) 856-4679,Philippines,East Brendastad,2025-12-09,False,English/Tagalog,PROD001
CUST00196,Edwin,Guzman,Alexander,alexander.guzman51@outlook.com,9177450544,Philippines,West Marilyn,2024-05-08,False,English,PROD014
CUST00197,Elizabeth,Snyder,Elizabeth,elizabeth.snyder998@yahoo.com,(0917) 754-6913,Seychelles,South David,2025-09-23,False,English/Tagalog,PROD004
CUST00198,James,Gamble,James,james.gamble528@outlook.com,009172148628,Philippines,Landryburgh,2024-03-07,False,English,PROD003
CUST00199,Nicholas,Jones,Nicholas,nicholas.jones370@hotmial.com,009173457861,Philippines,South Henry,2024-05-04,False,Tagalog,PROD004
CUST00200,Andrea,Ray,Andrea,andrea.ray359@hotmail.com,009175241406,Norway,Alyssastad,2023-12-02,False,Tagalog,PROD003
CUST00201,Angie,Evans,Angie,angie.evans276@yahoo.com,009176800722,Philippines,Patrickfort,2026-04-21,False,Cebuano,PROD004
CUST00202,Luis,Smith,Luis,luis.smith386@outlook.com,(0917) 574-3748,Philippines,Lake Vincenthaven,2023-01-15,False,Cebuano,PROD010
CUST00203,John,Herring,John,john.herring111@outlook.com,9177154544,Philippines,Port Sheenamouth,2022-10-18,False,English,PROD004
CUST00204,Brian,Norris,Brian,brian.norris698@hotmail.com,(0917) 207-4466,Philippines,Hortonborough,2026-01-02,False,Tagalog,PROD012
CUST00205,Danielle,Salas,Danielle,danielle.salas654@yahoo.com,9177584282,Philippines,West Vanessa,2023-07-12,False,Tagalog,PROD002
CUST00206,Michelle,Morton,Michelle,michelle.morton228@outlook.com,9175346554,Cyprus,Janetmouth,2022-11-02,False,English,PROD008
CUST00207,Jennifer,Lee,Jennifer,jennifer.lee889@yahoo.com,+639176846022,Philippines,Michelefurt,2024-05-28,False,English/Tagalog,PROD006
CUST00208,Lauren,Foster,Elizabeth,elizabeth.foster500@yahoo.com,+639175250074,Austria,Patrickfort,2024-03-30,False,Tagalog,PROD013
CUST00209,Barry,Burns,Barry,barry.burns445@gmail.com,+639176667600,Philippines,Lake Heidiview,2024-04-15,True,Cebuano,PROD012
CUST00210,Renee,Williams,Renee,renee.williams5@yaho.com,9173354216,Philippines,South Melaniefort,2026-04-16,True,Cebuano,PROD003
CUST00211,Christine,Collins,Christine,christine.collins704@outlook.com,009172575326,Philippines,South Josephton,2022-08-29,False,Tagalog,PROD004
CUST00212,Richard,Yang,Richard,richard.yang729@yahoo.com,009170648909,Philippines,Selenashire,2025-05-14,False,English,PROD011
CUST00213,Christopher,Oneill,Christopher,christopher.oneill127@hotmail.com,(0917) 847-2304,Philippines,Malonechester,2023-02-27,False,Tagalog,PROD011
CUST00214,Desiree,Marsh,Desiree,desiree.marsh633@gmail.com,+639171411739,Philippines,Martinchester,2025-02-16,False,Tagalog,PROD013
CUST00215,Felicia,Scott,Felicia,felicia.scott41@hotmail.com,009178737530,Philippines,Carolinefort,2024-10-17,False,English/Tagalog,PROD011
CUST00216,Tiffany,Skinner,Jennifer,jennifer.skinner77@gmail.com,009171437447,Thailand,Underwoodchester,2024-02-26,False,Cebuano,PROD002
CUST00217,Joshua,Campbell,Joshua,joshua.campbell119@outlook.com,(0917) 100-2255,Philippines,Port Brenda,2026-02-05,False,Cebuano,PROD010
CUST00218,Julie,Rhodes,Julie,julie.rhodes410@yahoo.com,+639177467621,Greece,New Thomasfort,2026-03-03,False,Tagalog,PROD012
CUST00219,Tyler,Woods,Lisa,lisa.woods695@hotmail.com,+639177296590,Lebanon,Kevintown,2025-04-09,False,English/Tagalog,PROD008
CUST00220,Eric,Floyd,Eric,eric.floyd322@gmail.com,009170899358,Philippines,Howardchester,2026-05-16,False,Cebuano,PROD007
CUST00221,Victor,Fuller,Victor,victor.fuller847@hotmail.com,(0917) 890-0287,Philippines,New Andreafort,2026-05-07,False,Cebuano,PROD014
CUST00222,Michael,Matthews,Michael,michael.matthews229@outlok.com,(0917) 866-3177,Lithuania,Angieborough,2025-12-01,False,English,PROD002
CUST00223,David,Cooper,David,david.cooper423@gmail.com,9170880199,Philippines,Tanyabury,2024-01-01,False,English/Tagalog,PROD015
CUST00224,Crystal,Hughes,Crystal,crystal.hughes837@outlook.com,9173758997,Philippines,Munozside,2026-03-17,False,Tagalog,PROD012
CUST00225,Brenda,Williams,Christopher,christopher.williams988@outlook.com,(0917) 488-5102,Comoros,Grossport,2025-11-28,False,English/Tagalog,PROD003
CUST00226,Samuel,Robinson,Joel,joel.robinson953@yahoo.com,009176373516,Philippines,Port James,2022-11-05,False,English,PROD015
CUST00227,James,Brown,James,james.brown604@hotmail.com,(0917) 827-0808,Philippines,South Christinebury,2026-04-28,False,Tagalog,PROD014
CUST00228,Matthew,Johnson,Matthew,matthew.johnson132@yahoo.com,(0917) 169-9586,Pakistan,New Latoya,2025-12-25,False,Cebuano,PROD010
CUST00229,Elizabeth,Choi,Elizabeth,elizabeth.choi464@outlook.com,9172269848,Haiti,Jenniferville,2024-04-25,False,Tagalog,PROD012
CUST00230,Adrienne,Peterson,Adrienne,adrienne.peterson944@outlook.com,(0917) 228-8515,Philippines,Port Jennifer,2025-12-17,False,English/Tagalog,PROD010
CUST00231,David,Peters,David,david.peters433@outlook.com,009170810620,Philippines,Rasmussenberg,2024-10-03,False,Cebuano,PROD004
CUST00232,Jeremiah,Jordan,Jeremiah,jeremiah.jordan708@yahoo.com,+639174380571,Philippines,Khanstad,2024-04-03,False,Cebuano,PROD012
CUST00233,Melissa,Woods,Melissa,melissa.woods397@gmail.com,(0917) 658-0043,Philippines,East Edwardburgh,2025-07-06,False,Cebuano,PROD014
CUST00234,Carrie,Smith,Carrie,carrie.smith988@yahoo.com,009173472122,Philippines,North David,2026-04-16,False,Cebuano,PROD007
CUST00235,Michael,Potts,David,david.potts478@outlok.com,9172025909,Uruguay,Potterbury,2025-08-06,False,English,PROD008
CUST00236,Timothy,Davis,Timothy,timothy.davis980@outlook.com,(0917) 281-8268,Philippines,Meghanberg,2026-02-18,False,Cebuano,PROD002
CUST00237,Courtney,Torres,Courtney,courtney.torres771@outlook.com,(0917) 987-8015,Afghanistan,Zamoratown,2024-06-14,False,Tagalog,PROD004
CUST00238,Tara,Arnold,Tara,tara.arnold816@outlook.com,9171648408,Mayotte,Lake Jennifer,2024-04-11,False,English,PROD009
CUST00239,Aaron,Cook,Aaron,aaron.cook85@yahoo.com,+639171288013,Philippines,Lauriechester,2024-12-05,False,Tagalog,PROD014
CUST00240,Stacey,Herring,Stacey,stacey.herring963@hotmail.com,009171207501,Philippines,Dennisburgh,2024-04-22,False,English,PROD001
CUST00241,Daniel,Mcdonald,Daniel,daniel.mcdonald418@yahoo.com,009176766506,Philippines,Alimouth,2024-10-05,False,English,PROD009
CUST00242,Wayne,Gonzales,Wayne,wayne.gonzales75@gmail.com,9175814491,Liberia,Timothyhaven,2024-12-19,False,English,PROD013
CUST00243,Ashley,Young,Ashley,ashley.young401@yahoo.com,+639178424508,Philippines,Herrerafort,2024-02-21,False,English/Tagalog,PROD002
CUST00244,Austin,Vasquez,Austin,austin.vasquez767@gmail.com,+639175368222,Iraq,North Toni,2025-10-14,False,Tagalog,PROD010
CUST00245,Dorothy,Mcgrath,Dorothy,dorothy.mcgrath955@gmail.com,009178781414,Israel,Lake Stephanieberg,2024-12-06,False,Cebuano,PROD004
CUST00246,Ryan,Lowe,Ryan,ryan.lowe635@yahoo.com,9171357759,Philippines,Brownmouth,2024-12-24,False,Cebuano,PROD012
CUST00247,Anita,Brown,Anita,anita.brown321@hotmail.com,(0917) 336-4525,Philippines,West Jennifer,2026-03-17,False,English/Tagalog,PROD008
CUST00248,Timothy,Thompson,Timothy,timothy.thompson84@yahoo.com,009174283411,Philippines,Andrewsview,2023-08-30,True,English/Tagalog,PROD014
CUST00249,James,Hale,James,james.hale565@yahoo.com,+639174887256,Netherlands Antilles,Sanderstown,2023-07-30,False,Cebuano,PROD015
CUST00250,Stephen,Bush,Brian,brian.bush515@gmail.com,+639170392827,Philippines,East Michaelmouth,2023-08-04,False,Tagalog,PROD003
CUST00251,Kyle,Smith,Kyle,kyle.smith42@hotmail.com,009173731453,Philippines,Parkerland,2025-11-02,False,Cebuano,PROD011
CUST00252,Douglas,Andrade,Douglas,douglas.andrade41@hotmail.com,+639175184498,Philippines,Jaystad,2022-07-27,False,English,PROD007
CUST00253,Karen,Hicks,Karen,karen.hicks229@hotmail.com,009178655779,Tonga,Morganbury,2025-08-11,False,Tagalog,PROD009
CUST00254,William,Riley,Harold,harold.riley192@outlook.com,009172591365,Philippines,Lake Elizabethstad,2025-06-18,False,Tagalog,PROD008
CUST00255,Andrea,Collins,Andrea,andrea.collins45@hotmial.com,+639172992280,Philippines,Lake Kylietown,2025-12-18,False,English/Tagalog,PROD001
CUST00256,Lisa,Peters,Lisa,lisa.peters746@gmail.com,+639174137977,Bosnia and Herzegovina,Tammybury,2023-02-21,False,Tagalog,PROD004
CUST00257,Angela,Henry,Angela,angela.henry703@outlook.com,(0917) 579-9136,Philippines,Brownfurt,2023-01-30,False,English/Tagalog,PROD003
CUST00258,Lisa,Oliver,Lisa,lisa.oliver924@gmail.com,(0917) 990-8811,Philippines,Lake Christopher,2023-08-17,False,English,PROD011
CUST00259,Carlos,Morgan,Carlos,carlos.morgan380@hotmail.com,009170863765,Philippines,New John,2024-08-21,False,Tagalog,PROD007
CUST00260,Bruce,Torres,Bruce,bruce.torres898@gmail.com,009178643009,Philippines,East Judith,2024-04-08,False,Cebuano,PROD009
CUST00261,Lindsay,Sanchez,Lindsay,lindsay.sanchez668@gmail.com,9179448695,Philippines,Vaughanmouth,2024-07-03,False,English/Tagalog,PROD011
CUST00262,Mark,Schultz,Rachel,rachel.schultz315@hotmail.com,+639179562137,Philippines,Cruztown,2023-05-09,False,Cebuano,PROD002
CUST00263,Christopher,Duran,Christopher,christopher.duran988@gmail.com,009170127961,Philippines,Brianside,2025-07-07,False,English,PROD005
CUST00264,William,Fields,William,william.fields534@hotmail.com,+639174902770,Philippines,Port Jessica,2024-11-15,False,Cebuano,PROD014
CUST00265,Jessica,Wood,Brandy,brandy.wood691@yahoo.com,(0917) 053-0214,Philippines,Villegasfurt,2023-01-08,False,Tagalog,PROD006
CUST00266,Caroline,Moore,Caroline,caroline.moore563@gmail.com,+639174895543,New Zealand,West Connieside,2023-11-01,False,Cebuano,PROD008
CUST00267,William,Hill,Lisa,lisa.hill516@gmail.com,9174518489,Philippines,East Peter,2024-05-23,False,English/Tagalog,PROD012
CUST00268,David,Hayes,David,david.hayes470@outlook.com,(0917) 790-7141,Iceland,Taylorshire,2024-06-20,False,Tagalog,PROD011
CUST00269,David,Hinton,David,david.hinton529@hotmail.com,9178043416,Philippines,Parkerborough,2023-12-04,False,Cebuano,PROD002
CUST00270,Howard,Stewart,Howard,howard.stewart765@outlook.com,+639173733343,Suriname,Grahammouth,2023-06-22,False,Cebuano,PROD004
CUST00271,Kenneth,Parks,Daniel,daniel.parks81@gmail.com,9177908075,Brunei Darussalam,New Tabitha,2024-11-11,False,Cebuano,PROD008
CUST00272,Patrick,Cantu,Patrick,patrick.cantu769@outlook.com,009179208678,Philippines,Millsville,2026-01-13,False,Tagalog,PROD009
CUST00273,Brent,Yates,Brent,brent.yates472@gmail.com,9175003691,Philippines,Burkehaven,2024-03-01,False,Cebuano,PROD006
CUST00274,Zachary,Guerrero,Zachary,zachary.guerrero352@hotmail.com,9175276365,Philippines,North Matthewchester,2024-01-19,False,Tagalog,PROD014
CUST00275,Joseph,Lambert,Joseph,joseph.lambert739@yahoo.com,+639174386632,Saint Helena,Christineside,2024-04-19,False,English/Tagalog,PROD008
CUST00276,Tyler,Hicks,Catherine,catherine.hicks308@outlook.com,009174890612,Namibia,West Kenneth,2025-10-30,False,English,PROD004
CUST00277,Suzanne,Hamilton,Suzanne,suzanne.hamilton369@outlook.com,9178845061,Philippines,New Brettfurt,2025-07-31,False,Tagalog,PROD014
CUST00278,Molly,Molina,Molly,molly.molina690@outlook.com,(0917) 877-1694,Turks and Caicos Islands,Hunttown,2024-06-26,False,Cebuano,PROD011
CUST00279,Laura,Ramsey,Laura,laura.ramsey74@hotmail.com,9171253554,Philippines,Sydneyton,2023-09-30,False,English/Tagalog,PROD010
CUST00280,Kelly,King,Kelly,kelly.king534@outlook.com,9177622023,Mayotte,South Kevinhaven,2023-06-25,False,Tagalog,PROD012
CUST00281,Emily,Esparza,Emily,emily.esparza900@gmial.com,009177800681,Philippines,Martinezmouth,2024-11-24,False,English/Tagalog,PROD005
CUST00282,Jason,Cabrera,Jason,jason.cabrera454@yahoo.com,9172282005,Philippines,Littleshire,2023-01-18,False,Cebuano,PROD014
CUST00283,Lauren,Garner,Lauren,lauren.garner715@yahoo.com,9178299796,Philippines,Joseville,2022-12-08,False,English,PROD015
CUST00284,Kyle,Johnson,Kyle,kyle.johnson160@outlook.com,(0917) 400-8254,Philippines,Port Kathrynchester,2024-06-22,False,English/Tagalog,PROD009
CUST00285,Samuel,Miller,Samuel,samuel.miller612@hotmail.com,(0917) 308-5368,Philippines,North Kristen,2025-05-16,False,English/Tagalog,PROD007
CUST00286,Suzanne,Fuller,Suzanne,suzanne.fuller433@yahoo.com,(0917) 389-4484,French Southern Territories,North Victoria,2023-07-14,False,Cebuano,PROD004
CUST00287,John,Jensen,Rebecca,rebecca.jensen279@hotmail.com,009179735020,Congo,Karentown,2022-11-21,False,Tagalog,PROD003
CUST00288,Cynthia,Miller,Cynthia,cynthia.miller155@gmail.com,9170735647,Philippines,Moorehaven,2025-02-17,True,English,PROD008
CUST00289,Bethany,Case,Bethany,bethany.case795@yaho.com,(0917) 618-7234,Philippines,New Chadtown,2023-03-02,False,Tagalog,PROD014
CUST00290,Jennifer,Duncan,Jennifer,jennifer.duncan35@hotmail.com,9173718376,Philippines,Lake Davidfurt,2023-09-09,False,English,PROD015
CUST00291,Leroy,Avery,Leroy,leroy.avery654@gmail.com,(0917) 435-0313,Philippines,Matthewfort,2025-07-15,False,English,PROD006
CUST00292,Cameron,Jackson,Cameron,cameron.jackson44@yaho.com,+639179792513,Philippines,Stephaniefort,2022-10-29,False,English,PROD008
CUST00293,Joseph,Owen,Jeremy,jeremy.owen811@yahoo.com,(0917) 127-3585,Philippines,Lake Seanton,2024-06-02,False,Cebuano,PROD012
CUST00294,Olivia,Hill,Olivia,olivia.hill497@outlook.com,+639177848739,Philippines,Rachelside,2025-08-01,False,Cebuano,PROD009
CUST00295,Rhonda,Watkins,Rhonda,rhonda.watkins159@yaho.com,(0917) 744-8570,Philippines,Lake Jenna,2026-05-19,True,Cebuano,PROD012
CUST00296,Megan,Garcia,Megan,megan.garcia65@yahoo.com,9178638782,Philippines,South Brian,2025-08-14,False,English,PROD006
CUST00297,Dustin,Stephens,Dustin,dustin.stephens961@gmial.com,009172203173,Philippines,New Jamesside,2024-08-19,False,English/Tagalog,PROD001
CUST00298,Morgan,Pollard,Morgan,morgan.pollard227@outlok.com,009179103717,Philippines,Stewartside,2025-01-26,False,English/Tagalog,PROD006
CUST00299,Jacob,Simmons,Jacob,jacob.simmons273@gmail.com,009178014138,Malawi,Westport,2024-08-16,False,Tagalog,PROD002
CUST00300,Mary,Arnold,Amber,amber.arnold971@yahoo.com,(0917) 288-6195,Philippines,Hancockburgh,2026-01-09,False,Tagalog,PROD012
CUST00301,Bailey,Rodriguez,Bailey,bailey.rodriguez674@hotmail.com,9172897558,Philippines,Clarkshire,2024-12-01,False,English/Tagalog,PROD014
CUST00302,Tiffany,White,Tiffany,tiffany.white577@outlook.com,(0917) 836-8457,Philippines,Clarkbury,2024-08-29,True,Cebuano,PROD007
CUST00303,John,Ramos,John,john.ramos310@yahoo.com,+639170433504,Philippines,Port Mikaylahaven,2025-08-13,False,Tagalog,PROD002
CUST00304,Katherine,Powell,Katherine,katherine.powell831@yahoo.com,9174196931,Philippines,Bradychester,2023-04-20,False,English,PROD013
CUST00305,Jennifer,Farmer,Jennifer,jennifer.farmer828@outlok.com,(0917) 961-0556,Guyana,New Dana,2022-12-18,False,Tagalog,PROD015
CUST00306,Frank,Porter,Frank,frank.porter648@gmail.com,+639176048058,Philippines,Paulhaven,2023-03-23,False,English,PROD006
CUST00307,Aaron,Smith,Aaron,aaron.smith771@hotmail.com,(0917) 998-1364,Philippines,Staceyport,2024-12-24,False,English,PROD003
CUST00308,Andrea,Dunn,Andrea,andrea.dunn514@outlok.com,(0917) 622-7837,Philippines,North Adammouth,2024-01-13,False,Tagalog,PROD011
CUST00309,Sydney,Ortega,Sydney,sydney.ortega332@outlook.com,+639179116655,Philippines,Wolfeview,2024-10-30,False,Cebuano,PROD006
CUST00310,Richard,Lucas,Justin,justin.lucas823@outlook.com,9177927033,Singapore,East Austin,2023-06-27,False,English,PROD003
CUST00311,Justin,Carter,Justin,justin.carter949@yahoo.com,(0917) 240-5147,Philippines,Lake Loriborough,2023-06-23,False,Tagalog,PROD001
CUST00312,Jamie,Warren,Jamie,jamie.warren638@outlook.com,+639172069804,Philippines,Port Christina,2022-12-03,False,Cebuano,PROD001
CUST00313,Julie,King,Mary,mary.king677@gmial.com,(0917) 451-0463,Switzerland,Heatherport,2023-12-03,False,Cebuano,PROD009
CUST00314,Joseph,Johnson,Joseph,joseph.johnson513@gmail.com,9177800384,Philippines,North John,2025-11-24,False,Cebuano,PROD008
CUST00315,Gregory,Coleman,Gregory,gregory.coleman242@outlook.com,9178404608,Philippines,Port Tammytown,2025-12-04,False,Tagalog,PROD004
CUST00316,Barbara,Wright,Kyle,kyle.wright695@hotmail.com,9179363926,Philippines,Lopezhaven,2025-06-24,False,Tagalog,PROD015
CUST00317,Larry,Wu,Larry,larry.wu701@yahoo.com,+639173248262,Philippines,Ericview,2024-05-27,False,English,PROD006
CUST00318,Gabriella,Stone,Jessica,jessica.stone784@yahoo.com,+639175664742,Philippines,Jacksonmouth,2025-07-02,True,Cebuano,PROD002
CUST00319,Kayla,Mcgrath,Kayla,kayla.mcgrath237@yahoo.com,(0917) 051-7289,Philippines,Carrton,2024-03-18,False,English/Tagalog,PROD012
CUST00320,Derek,Peterson,Derek,derek.peterson232@yahoo.com,+639170604633,Philippines,West Victor,2023-08-04,False,English/Tagalog,PROD002
CUST00321,Courtney,Hunter,Courtney,courtney.hunter888@hotmail.com,9177366096,Philippines,Cruztown,2024-02-10,False,English,PROD007
CUST00322,Daniel,Huber,Daniel,daniel.huber899@hotmail.com,(0917) 038-8608,Ecuador,South Summer,2025-08-18,False,Tagalog,PROD009
CUST00323,Adam,Figueroa,Adam,adam.figueroa793@hotmail.com,+639174726490,Iraq,West Julianshire,2023-09-16,False,English,PROD008
CUST00324,Michael,Parker,Nicole,nicole.parker332@yahoo.com,009177027937,Philippines,Johnborough,2025-03-03,False,Tagalog,PROD005
CUST00325,Laura,Dalton,Laura,laura.dalton724@gmial.com,+639177518689,Philippines,Jenniferburgh,2025-08-15,True,Tagalog,PROD007
CUST00326,Douglas,Hickman,Douglas,douglas.hickman149@yahoo.com,+639172064474,Croatia,Deleonburgh,2023-04-30,False,English,PROD002
CUST00327,Laura,Mclaughlin,Laura,laura.mclaughlin510@outlok.com,(0917) 780-9733,Philippines,West Austin,2023-08-13,True,English,PROD008
CUST00328,Paul,Williams,Paul,paul.williams571@outlook.com,+639173022050,Philippines,West Andrew,2022-08-06,False,Cebuano,PROD014
CUST00329,Miranda,Thomas,Miranda,miranda.thomas427@gmial.com,+639172249998,Thailand,Murrayfort,2026-02-20,False,English,PROD008
CUST00330,Larry,Yates,Christina,christina.yates920@outlook.com,+639176168147,Philippines,Tracyfort,2024-09-20,False,English/Tagalog,PROD002
CUST00331,Kimberly,Freeman,Kimberly,kimberly.freeman112@yahoo.com,9179817946,Philippines,South Eric,2023-10-10,False,Cebuano,PROD005
CUST00332,Claudia,Mendez,Claudia,claudia.mendez648@hotmail.com,009177729343,Philippines,Hollandshire,2025-08-13,False,English,PROD002
CUST00333,Lisa,Booker,Lisa,lisa.booker425@yahoo.com,+639176055830,Philippines,Barryberg,2022-09-23,False,Cebuano,PROD012
CUST00334,Fred,Flores,Fred,fred.flores117@outlook.com,+639175569902,Venezuela,Desireeborough,2024-03-05,False,English/Tagalog,PROD006
CUST00335,Sean,Williams,Sean,sean.williams494@gmail.com,9172785760,United States Minor Outlying Islands,New Jasonmouth,2023-08-03,False,English,PROD010
CUST00336,Samantha,James,Samantha,samantha.james910@outlook.com,+639175124056,Philippines,Vernonland,2023-12-08,False,English,PROD010
CUST00337,Christina,Branch,Christina,christina.branch323@outlook.com,(0917) 046-1735,Romania,Brettburgh,2025-01-18,False,Cebuano,PROD014
CUST00338,Kathleen,Edwards,Mark,mark.edwards797@outlook.com,+639173178078,Philippines,Perezmouth,2025-12-22,False,Cebuano,PROD004
CUST00339,Yvonne,Strickland,Yvonne,yvonne.strickland101@yahoo.com,009178230768,Philippines,Tracichester,2026-03-22,True,English,PROD001
CUST00340,Jimmy,Garcia,Jimmy,jimmy.garcia785@gmail.com,+639174094353,Philippines,North Anthony,2025-08-13,False,English/Tagalog,PROD005
CUST00341,Anthony,Mccarthy,Anthony,anthony.mccarthy281@outlook.com,9171098813,Philippines,Michaelstad,2025-02-20,False,Cebuano,PROD009
CUST00342,Brandon,Oconnor,Brandon,brandon.oconnor628@yaho.com,009175870207,Philippines,Fitzpatrickborough,2022-11-21,False,English/Tagalog,PROD002
CUST00343,Nicole,Wall,Stephanie,stephanie.wall320@hotmail.com,009175381792,Mauritania,Christianberg,2024-04-21,False,English,PROD014
CUST00344,Jessica,Lewis,Jessica,jessica.lewis971@hotmail.com,9173294562,South Georgia and the South Sandwich Islands,West Troy,2023-04-25,False,English/Tagalog,PROD013
CUST00345,Derek,Neal,George,george.neal491@hotmail.com,009177245992,Mozambique,Melissafurt,2024-04-12,False,Cebuano,PROD007
CUST00346,Michelle,Graham,Michelle,michelle.graham546@gmail.com,+639177696393,Philippines,Sheilaberg,2024-10-16,False,English/Tagalog,PROD008
CUST00347,Jenna,Mosley,Jenna,jenna.mosley351@hotmail.com,(0917) 832-1971,Philippines,Dennisshire,2023-11-19,False,Tagalog,PROD006
CUST00348,Susan,Long,Susan,susan.long112@hotmial.com,+639179657013,Philippines,Brianmouth,2023-03-05,False,English,PROD015
CUST00349,William,Mendoza,William,william.mendoza299@yahoo.com,9176997335,Ukraine,South Courtneyview,2026-04-23,False,English/Tagalog,PROD010
CUST00350,Jason,Carson,Jason,jason.carson597@outlook.com,9170986240,Philippines,Cohenborough,2024-09-23,True,Cebuano,PROD015
CUST00351,Beth,Garner,Ashley,ashley.garner241@outlook.com,(0917) 696-5666,Philippines,Robbinsburgh,2025-07-19,False,Tagalog,PROD009
CUST00352,Timothy,Hammond,Jaime,jaime.hammond369@hotmail.com,009176242201,Paraguay,West Shannonborough,2023-06-14,False,English/Tagalog,PROD003
CUST00353,Jeremiah,Evans,Jeremiah,jeremiah.evans658@yaho.com,(0917) 679-6927,Aruba,New Matthewstad,2022-12-06,False,Tagalog,PROD009
CUST00354,Kenneth,Burke,Jeffrey,jeffrey.burke868@gmail.com,009173846895,Philippines,South Jackview,2024-06-21,False,English,PROD001
CUST00355,Kenneth,Yang,Kenneth,kenneth.yang749@gmail.com,009178478189,Philippines,Turnerville,2023-08-16,False,English,PROD004
CUST00356,Cody,Barnett,Cody,cody.barnett926@outlook.com,9175807787,Philippines,East Paul,2022-09-27,False,Cebuano,PROD007
CUST00357,Ryan,Roth,Ryan,ryan.roth612@gmail.com,009174940792,Angola,Lake Janetfort,2022-10-02,False,English,PROD011
CUST00358,Scott,Barber,Scott,scott.barber79@gmail.com,009174429444,Philippines,Julieville,2026-03-04,False,Tagalog,PROD012
CUST00359,Samantha,Gaines,Samantha,samantha.gaines268@outlook.com,+639173728051,Philippines,New Jennifer,2026-03-26,False,English/Tagalog,PROD010
CUST00360,Michael,Walters,Michael,michael.walters244@hotmail.com,009177239504,Philippines,Kimberlyport,2026-04-23,False,Cebuano,PROD001
CUST00361,Virginia,Anderson,Virginia,virginia.anderson723@yahoo.com,9176742860,Burkina Faso,East Johnfurt,2023-01-25,False,Cebuano,PROD015
CUST00362,Perry,Cole,Perry,perry.cole545@gmial.com,009175694544,Philippines,Nancyborough,2023-09-05,False,Tagalog,PROD005
CUST00363,Scott,Peters,Scott,scott.peters694@yahoo.com,(0917) 258-0010,Philippines,East Sarahland,2026-04-28,False,Cebuano,PROD002
CUST00364,Brent,Brown,Brent,brent.brown35@outlook.com,009170910939,Slovenia,West Jennifer,2024-02-13,False,Tagalog,PROD012
CUST00365,Matthew,Edwards,Matthew,matthew.edwards713@yahoo.com,(0917) 244-7174,Congo,Henrychester,2024-02-02,False,Cebuano,PROD012
CUST00366,Richard,King,Richard,richard.king64@gmail.com,(0917) 665-0442,Philippines,Millerfort,2023-03-10,False,English/Tagalog,PROD002
CUST00367,Richard,Freeman,Gregory,gregory.freeman554@hotmail.com,009176391741,Philippines,South Kathleenshire,2022-11-18,False,English/Tagalog,PROD002
CUST00368,Connie,Henry,Chris,chris.henry656@hotmail.com,009170064256,Philippines,Port Garrett,2024-12-23,False,English/Tagalog,PROD009
CUST00369,Susan,Graham,Susan,susan.graham4@gmail.com,9176719855,Philippines,Lake Richardfurt,2025-07-27,False,English,PROD007
CUST00370,Warren,Craig,Warren,warren.craig471@outlok.com,9174328063,Philippines,Dominicburgh,2024-01-25,False,Cebuano,PROD012
CUST00371,Samuel,Neal,Samuel,samuel.neal144@hotmail.com,009170309376,Philippines,Port Duanefurt,2024-12-19,False,English/Tagalog,PROD013
CUST00372,Katrina,Rodriguez,Katrina,katrina.rodriguez58@gmial.com,+639175061387,Philippines,New Thomas,2023-03-16,False,English,PROD012
CUST00373,Robert,Martinez,Robert,robert.martinez483@hotmail.com,9179032020,Saint Vincent and the Grenadines,Lake Brenda,2023-05-13,False,Tagalog,PROD014
CUST00374,Denise,Neal,Denise,denise.neal109@gmail.com,(0917) 179-9313,Gabon,New Justin,2025-03-05,False,English/Tagalog,PROD006
CUST00375,Joshua,Wade,Joshua,joshua.wade988@yahoo.com,9173092511,Pakistan,Campbellside,2026-02-03,False,Cebuano,PROD003
CUST00376,Alex,Brown,Alex,alex.brown596@hotmail.com,(0917) 021-9620,Philippines,Lake Jeffrey,2023-05-27,False,English,PROD002
CUST00377,Kevin,Ali,Kevin,kevin.ali827@outlook.com,(0917) 723-2487,Cameroon,West Nicolefort,2023-01-18,False,English,PROD004
CUST00378,Jennifer,Mccall,Jennifer,jennifer.mccall91@hotmail.com,009174560833,Faroe Islands,South Christine,2025-09-13,False,Tagalog,PROD009
CUST00379,Christine,Kelley,Christine,christine.kelley199@yahoo.com,009171277220,Philippines,Daltonport,2022-12-26,False,Cebuano,PROD011
CUST00380,Samantha,Collins,Samantha,samantha.collins759@hotmial.com,009170822078,Haiti,Adamhaven,2023-06-20,False,Cebuano,PROD002
CUST00381,Christopher,Phillips,Christopher,christopher.phillips113@outlook.com,+639175313636,Philippines,Ponceview,2023-10-13,False,English/Tagalog,PROD002
CUST00382,John,Christensen,Allison,allison.christensen383@hotmail.com,+639172735435,Philippines,Cameronside,2025-03-01,True,Tagalog,PROD001
CUST00383,Jorge,Hobbs,Brandon,brandon.hobbs176@hotmail.com,+639175349292,Philippines,Jacquelineport,2022-11-02,False,Tagalog,PROD002
CUST00384,Kimberly,Hernandez,Kimberly,kimberly.hernandez748@hotmail.com,+639176335693,Philippines,Martineztown,2025-07-18,True,English,PROD015
CUST00385,Lauren,Petty,Andrea,andrea.petty517@hotmail.com,(0917) 068-6717,Philippines,West Benjaminchester,2025-12-01,False,English/Tagalog,PROD004
CUST00386,Laura,Colon,Laura,laura.colon245@yahoo.com,009171074279,Philippines,Gonzalezfort,2022-11-18,False,English/Tagalog,PROD008
CUST00387,Morgan,West,Monique,monique.west721@outlook.com,(0917) 016-5804,Philippines,North Dana,2024-07-08,False,Tagalog,PROD013
CUST00388,Jon,Mullen,Jon,jon.mullen344@gmail.com,(0917) 085-0165,Philippines,Johnsonstad,2025-01-06,False,English,PROD010
CUST00389,Emily,Gamble,Emily,emily.gamble343@yahoo.com,9173817933,Palestinian Territory,Lake Carrie,2022-08-04,False,English/Tagalog,PROD006
CUST00390,Katie,Foster,Katie,katie.foster464@gmail.com,9177881788,Philippines,East Jenniferland,2026-01-23,False,English,PROD008
CUST00391,Sandra,Osborn,Timothy,timothy.osborn401@hotmial.com,+639172411241,Philippines,Edwardsfurt,2023-01-04,False,English,PROD008
CUST00392,Amanda,Hull,Amanda,amanda.hull431@yahoo.com,9177043103,Philippines,Coreyville,2024-08-26,False,Cebuano,PROD007
CUST00393,Angela,Davis,Angela,angela.davis581@hotmail.com,9172424375,Spain,Wilsonside,2022-08-31,False,Cebuano,PROD013
CUST00394,Tiffany,Weber,Tiffany,tiffany.weber165@yahoo.com,009178422223,Mauritania,Lake Jasonshire,2023-04-18,False,English/Tagalog,PROD001
CUST00395,Thomas,Swanson,Thomas,thomas.swanson725@yahoo.com,+639170552578,Philippines,North Alishabury,2026-01-20,False,English/Tagalog,PROD009
CUST00396,Jacob,Robbins,Jacob,jacob.robbins951@yahoo.com,(0917) 520-8854,Philippines,North Henry,2024-08-08,False,Tagalog,PROD015
CUST00397,Katherine,Reeves,Katherine,katherine.reeves116@hotmail.com,(0917) 702-8140,Netherlands,Jacksonhaven,2024-12-29,False,English,PROD010
CUST00398,Jenny,Graves,Jenny,jenny.graves228@yahoo.com,(0917) 430-1871,Philippines,Rebeccaton,2025-01-09,False,English,PROD004
CUST00399,Kristin,Reyes,Kristin,kristin.reyes734@outlook.com,9176565045,Monaco,Port Randybury,2025-08-27,False,English,PROD005
CUST00400,Christina,Rodriguez,Christina,christina.rodriguez426@hotmail.com,009177426629,Philippines,Fosterborough,2022-12-26,False,Cebuano,PROD003
CUST00401,Micheal,Torres,Tiffany,tiffany.torres420@hotmial.com,+639174628792,Bouvet Island (Bouvetoya),New Patriciachester,2025-01-07,False,English/Tagalog,PROD003
CUST00402,Hayley,Alvarado,Briana,briana.alvarado312@outlook.com,9177873002,Pakistan,South Lisamouth,2025-06-21,False,English/Tagalog,PROD005
CUST00403,Chris,Rojas,Heidi,heidi.rojas504@outlook.com,9173014719,Philippines,Scottton,2024-09-15,False,Cebuano,PROD010
CUST00404,Elizabeth,Shelton,Elizabeth,elizabeth.shelton838@hotmail.com,009171589042,Philippines,Lake Daniel,2026-05-02,False,Tagalog,PROD003
CUST00405,Marcus,Jensen,Marcus,marcus.jensen430@gmail.com,+639175044818,Philippines,Matthewsmouth,2025-12-05,False,Tagalog,PROD013
CUST00406,Courtney,Wade,Courtney,courtney.wade702@outlook.com,+639174451895,Philippines,Coryville,2024-10-15,False,English/Tagalog,PROD001
CUST00407,Stacy,Tran,Stacy,stacy.tran159@yahoo.com,009178338988,Philippines,West Jonathanview,2025-06-06,True,Tagalog,PROD007
CUST00408,Alicia,Baker,Alicia,alicia.baker708@hotmail.com,9175279852,Mongolia,Port Heatherstad,2025-07-24,False,Tagalog,PROD001
CUST00409,Lisa,Brown,Lisa,lisa.brown315@yahoo.com,009172321611,Philippines,New Catherineberg,2025-08-08,False,Tagalog,PROD013
CUST00410,Erin,Estes,Dean,dean.estes931@gmail.com,+639174014011,Mongolia,East Sydneyville,2026-04-02,False,Cebuano,PROD010
CUST00411,Jason,Francis,Steven,steven.francis965@yahoo.com,+639174955289,Philippines,Williamsstad,2025-12-02,False,English,PROD009
CUST00412,Elizabeth,Roth,Elizabeth,elizabeth.roth176@yahoo.com,+639178013875,Philippines,East Bobby,2025-12-08,False,Cebuano,PROD008
CUST00413,Katherine,Garrett,Katherine,katherine.garrett234@hotmail.com,+639176151718,Saint Helena,Smithport,2024-02-29,False,English,PROD008
CUST00414,Robert,Wise,Edward,edward.wise291@hotmail.com,9177947386,Philippines,Marshallchester,2025-11-10,False,English/Tagalog,PROD014
CUST00415,Christopher,Morales,Christopher,christopher.morales691@outlook.com,+639177167811,Philippines,New Barbaraside,2023-03-30,False,English,PROD007
CUST00416,Steven,Patel,Steven,steven.patel999@yaho.com,(0917) 353-9613,Philippines,Lake Patrickton,2026-02-26,False,Cebuano,PROD012
CUST00417,Richard,Lewis,Richard,richard.lewis683@hotmail.com,009179678427,Philippines,Lake Emily,2025-07-26,False,Tagalog,PROD002
CUST00418,Patrick,Olson,Danny,danny.olson511@gmail.com,009170269524,Philippines,New Brandon,2025-12-02,False,English/Tagalog,PROD013
CUST00419,Lynn,Mayer,Lynn,lynn.mayer510@yahoo.com,009177848588,Philippines,East Robinchester,2024-10-25,False,English,PROD013
CUST00420,Dana,Long,Dana,dana.long454@outlook.com,(0917) 700-2842,Philippines,Campbellton,2025-01-16,False,English/Tagalog,PROD007
CUST00421,Jeffery,Morgan,Jeffery,jeffery.morgan702@hotmail.com,009178977828,Philippines,Nguyenview,2022-10-24,False,English/Tagalog,PROD007
CUST00422,Laura,Ponce,Laura,laura.ponce292@outlook.com,9175009025,Cayman Islands,Stoutville,2023-11-28,True,Cebuano,PROD013
CUST00423,Marcus,Foster,Marcus,marcus.foster366@hotmail.com,009176503334,Philippines,North Jacobton,2022-08-01,False,English,PROD015
CUST00424,Kevin,Sanders,Kevin,kevin.sanders39@gmail.com,(0917) 769-8640,Philippines,Alibury,2026-04-18,False,English/Tagalog,PROD010
CUST00425,John,Rubio,John,john.rubio103@gmail.com,9173578529,Grenada,Grimesville,2023-12-24,False,English,PROD006
CUST00426,Adam,Sutton,Adam,adam.sutton49@yahoo.com,009174963919,Philippines,West Angela,2025-05-23,True,English/Tagalog,PROD010
CUST00427,Rhonda,Phelps,Rhonda,rhonda.phelps668@outlook.com,(0917) 484-6853,Philippines,Port Taramouth,2024-12-27,False,Tagalog,PROD007
CUST00428,Stephanie,Mckee,Stephanie,stephanie.mckee219@yahoo.com,+639177489690,Philippines,Jacobfort,2024-05-05,False,Cebuano,PROD006
CUST00429,Nicholas,White,Nicholas,nicholas.white851@hotmail.com,+639171364424,Philippines,Wallaceland,2023-02-26,False,English,PROD007
CUST00430,Charles,Huff,Charles,charles.huff574@outlook.com,009176603242,Cote d'Ivoire,Port Brittanyton,2024-07-05,False,Tagalog,PROD005
CUST00431,Jeffrey,Greene,Jeffrey,jeffrey.greene498@gmail.com,(0917) 001-5941,Philippines,New Andrew,2025-02-12,False,English,PROD015
CUST00432,Michael,Gibson,Michael,michael.gibson585@yahoo.com,009178189847,Philippines,Saratown,2023-08-18,False,Cebuano,PROD004
CUST00433,Benjamin,Henry,Benjamin,benjamin.henry762@hotmail.com,9173632123,Philippines,Michaelborough,2024-09-21,False,English,PROD008
CUST00434,Angela,Lewis,Angela,angela.lewis116@outlook.com,9175867342,Latvia,Julieburgh,2026-03-05,False,English,PROD008
CUST00435,Brandi,Evans,Brandi,brandi.evans679@gmail.com,009170348645,Cocos (Keeling) Islands,Esparzashire,2024-01-08,False,English/Tagalog,PROD009
CUST00436,Kyle,Jones,Alvin,alvin.jones940@hotmail.com,(0917) 441-3432,Philippines,South Christianshire,2023-02-01,False,English/Tagalog,PROD011
CUST00437,Charles,Newton,Charles,charles.newton843@outlook.com,9177765612,Philippines,Port Christian,2024-05-30,False,Cebuano,PROD009
CUST00438,Heidi,Norman,Heidi,heidi.norman657@gmail.com,9172720634,Philippines,Nicholsborough,2024-11-25,False,Tagalog,PROD010
CUST00439,Tracy,Mckenzie,Tracy,tracy.mckenzie328@hotmail.com,9177724295,Philippines,Drakeside,2025-01-17,False,English/Tagalog,PROD004
CUST00440,John,Medina,John,john.medina24@yaho.com,+639178931734,Philippines,Port Nicole,2022-08-28,False,Cebuano,PROD001
CUST00441,Robert,Palmer,Kristen,kristen.palmer581@outlook.com,+639171086771,Philippines,Gutierrezhaven,2023-05-20,False,Cebuano,PROD012
CUST00442,Andrew,Wilson,Andrew,andrew.wilson442@hotmail.com,(0917) 393-4362,Philippines,Port Morgan,2025-03-26,False,Cebuano,PROD013
CUST00443,Theresa,Douglas,Theresa,theresa.douglas379@hotmail.com,(0917) 971-0725,Philippines,Joshuatown,2025-10-08,False,English/Tagalog,PROD011
CUST00444,Eric,Golden,Eric,eric.golden571@outlok.com,009170053759,Philippines,North Sonya,2022-08-19,False,Cebuano,PROD001
CUST00445,Anthony,Bolton,Anthony,anthony.bolton914@outlook.com,(0917) 809-2428,Philippines,Gonzalezland,2023-01-24,False,English,PROD015
CUST00446,Lawrence,Thomas,Lawrence,lawrence.thomas120@hotmail.com,9175027456,Togo,Melanieton,2023-11-15,False,Cebuano,PROD015
CUST00447,Kathryn,Brooks,Kathryn,kathryn.brooks324@hotmail.com,009177287032,Philippines,Port Alice,2022-12-12,False,Tagalog,PROD004
CUST00448,Christopher,Johnson,Christopher,christopher.johnson917@hotmail.com,(0917) 707-5877,Eritrea,Bryanshire,2024-06-02,False,English,PROD002
CUST00449,James,Adams,James,james.adams185@yahoo.com,009172849939,Lithuania,Lake William,2022-08-01,False,English,PROD009
CUST00450,Melissa,Meyer,Melissa,melissa.meyer909@hotmail.com,009175041659,Philippines,North Stacy,2022-12-16,True,English/Tagalog,PROD014
CUST00451,Sean,Cameron,Sean,sean.cameron979@hotmail.com,9174905097,Korea,Port James,2022-09-17,False,Tagalog,PROD012
CUST00452,Tyler,Mccormick,Tyler,tyler.mccormick290@gmail.com,(0917) 501-8961,Philippines,North Staceystad,2023-05-07,False,English/Tagalog,PROD005
CUST00453,Ethan,Lopez,Jane,jane.lopez799@yahoo.com,9176421476,Philippines,Lake Rebecca,2025-05-21,False,English,PROD015
CUST00454,Elizabeth,Welch,Elizabeth,elizabeth.welch907@yahoo.com,(0917) 674-9961,Philippines,East David,2025-02-04,False,English/Tagalog,PROD013
CUST00455,Amy,Pacheco,Catherine,catherine.pacheco693@outlook.com,(0917) 327-8814,Philippines,Porterville,2024-11-30,False,Cebuano,PROD007
CUST00456,Dawn,Bauer,Melissa,melissa.bauer308@yahoo.com,009173864908,Philippines,Cannonhaven,2025-12-29,False,English/Tagalog,PROD015
CUST00457,Anthony,Cook,Anthony,anthony.cook583@hotmail.com,009174549180,Philippines,Hunterton,2023-12-30,False,Tagalog,PROD012
CUST00458,Robert,Moreno,Robert,robert.moreno898@gmial.com,9174597794,Bahamas,Stevensborough,2024-04-14,False,Tagalog,PROD015
CUST00459,Lance,Fields,Daniel,daniel.fields109@outlook.com,+639176800610,Philippines,Lake Lisatown,2025-01-27,False,English/Tagalog,PROD011
CUST00460,Sandra,Edwards,Sandra,sandra.edwards987@outlook.com,009176412203,Philippines,Rodriguezfurt,2023-08-28,False,English,PROD014
CUST00461,Greg,Carter,Greg,greg.carter447@yahoo.com,(0917) 831-4727,Philippines,Lake Matthewburgh,2024-12-07,False,English/Tagalog,PROD001
CUST00462,Timothy,Lynch,Timothy,timothy.lynch461@hotmial.com,9179334960,Philippines,Cookchester,2025-05-05,False,English/Tagalog,PROD001
CUST00463,Kellie,Brown,Kellie,kellie.brown611@hotmail.com,(0917) 840-7678,Saint Helena,Donnashire,2024-07-28,False,English/Tagalog,PROD004
CUST00464,Jessica,Reyes,Jessica,jessica.reyes664@gmail.com,(0917) 671-7957,Philippines,Michaelfurt,2024-11-30,False,English/Tagalog,PROD001
CUST00465,Amy,Hamilton,Amy,amy.hamilton602@yahoo.com,9175972466,Philippines,West Jessica,2022-11-23,False,Tagalog,PROD013
CUST00466,John,Patterson,John,john.patterson89@outlook.com,009177223297,Philippines,Durhamville,2022-12-17,False,Cebuano,PROD013
CUST00467,Carlos,Weber,Carlos,carlos.weber368@gmail.com,9174522801,Philippines,Harrismouth,2024-11-21,False,Tagalog,PROD007
CUST00468,Paul,Clarke,Paul,paul.clarke788@outlook.com,009170842891,Azerbaijan,West Jamesfort,2024-02-09,False,English,PROD015
CUST00469,Nathaniel,Sloan,Nathaniel,nathaniel.sloan43@gmail.com,9178121352,Philippines,Thomasburgh,2026-05-21,False,English,PROD012
CUST00470,Kenneth,Moon,Miranda,miranda.moon142@outlook.com,9171376037,Philippines,Kennethfurt,2024-11-30,False,Cebuano,PROD005
CUST00471,Michael,Chan,Michael,michael.chan681@hotmail.com,(0917) 328-6326,Philippines,North Kimberlychester,2023-01-12,False,Cebuano,PROD015
CUST00472,Jason,Pierce,Jason,jason.pierce11@hotmail.com,(0917) 811-5562,Philippines,Horneland,2025-02-28,True,Tagalog,PROD001
CUST00473,Jonathan,Holmes,Jonathan,jonathan.holmes731@gmail.com,9178466845,Macao,New Brooke,2026-02-21,False,Tagalog,PROD001
CUST00474,Phillip,Harris,Phillip,phillip.harris909@hotmail.com,9178997563,Philippines,Scottton,2024-12-10,False,Tagalog,PROD002
CUST00475,Cassidy,Gaines,Cassidy,cassidy.gaines524@outlook.com,9178485200,Oman,Williamston,2023-08-30,False,English/Tagalog,PROD004
CUST00476,Carla,Duncan,Carla,carla.duncan862@gmail.com,(0917) 548-5101,Philippines,Reyeshaven,2024-06-14,True,Cebuano,PROD005
CUST00477,Crystal,Collins,Crystal,crystal.collins292@yahoo.com,+639179268315,Chile,Lake Sandra,2022-12-02,False,Tagalog,PROD014
CUST00478,Autumn,Chambers,Autumn,autumn.chambers64@hotmial.com,(0917) 627-3715,Philippines,East Suzanne,2025-09-11,False,Cebuano,PROD010
CUST00479,Rhonda,Anderson,Rhonda,rhonda.anderson706@hotmail.com,(0917) 762-2827,Northern Mariana Islands,West Teresa,2023-11-27,False,English,PROD003
CUST00480,Corey,Johnson,Corey,corey.johnson765@hotmail.com,009172851961,Philippines,Edwardton,2023-06-29,True,Tagalog,PROD006
CUST00481,Christopher,Williams,Daniel,daniel.williams311@outlook.com,009174702296,Thailand,Lake Melaniefort,2023-08-23,False,Tagalog,PROD015
CUST00482,Anthony,Smith,Andrew,andrew.smith561@hotmial.com,(0917) 510-6794,Philippines,Farmermouth,2024-02-17,False,Tagalog,PROD015
CUST00483,Russell,Lara,Russell,russell.lara684@hotmail.com,(0917) 725-1996,Tanzania,Vickistad,2026-05-21,False,English,PROD004
CUST00484,Tyler,Lee,Tyler,tyler.lee662@hotmail.com,009171209481,British Indian Ocean Territory (Chagos Archipelago),South Paul,2023-12-01,False,English,PROD004
CUST00485,Diana,Chambers,Diana,diana.chambers515@yahoo.com,+639170182043,Cayman Islands,Samanthamouth,2022-12-27,False,English/Tagalog,PROD014
CUST00486,Michael,Griffin,Stephanie,stephanie.griffin47@outlook.com,9177056260,Philippines,East Sarah,2023-08-06,False,English,PROD007
CUST00487,Craig,Brown,Craig,craig.brown262@outlook.com,9171246209,Philippines,East Ronaldville,2022-10-08,True,English/Tagalog,PROD003
CUST00488,Robin,Stuart,Tammy,tammy.stuart332@yahoo.com,+639174610339,Philippines,Port Eugene,2025-12-23,False,English,PROD008
CUST00489,Kristen,Fischer,Kristen,kristen.fischer417@outlook.com,009171706304,Serbia,North Johnny,2025-03-29,False,Tagalog,PROD004
CUST00490,Alec,Galloway,Alec,alec.galloway867@hotmail.com,(0917) 832-5823,Philippines,Lake Loriberg,2026-05-17,True,English/Tagalog,PROD015
CUST00491,Jennifer,Hernandez,Jennifer,jennifer.hernandez172@outlook.com,9170074946,Philippines,East Jenniferton,2024-06-19,False,Cebuano,PROD014
CUST00492,Gregory,Clay,Michelle,michelle.clay405@gmail.com,9171284639,Philippines,Riverabury,2024-04-16,False,Cebuano,PROD015
CUST00493,Mia,Gray,Mia,mia.gray679@hotmail.com,+639175537950,Cayman Islands,West Danielfort,2023-01-20,False,English,PROD011
CUST00494,Katelyn,Lee,Katelyn,katelyn.lee917@yahoo.com,(0917) 768-1180,Philippines,East Jessicamouth,2023-08-24,False,English/Tagalog,PROD011
CUST00495,Jeff,Maxwell,Jeff,jeff.maxwell860@outlook.com,+639170175370,Philippines,Cartertown,2025-03-19,False,Cebuano,PROD012
CUST00496,Charles,Martinez,Stephanie,stephanie.martinez227@outlook.com,+639173750479,Philippines,Stephentown,2024-03-12,False,English/Tagalog,PROD001
CUST00497,Alvin,Flores,Sydney,sydney.flores506@outlook.com,009172839992,Philippines,Lake David,2025-03-08,True,Cebuano,PROD010
CUST00498,James,Roman,James,james.roman747@yahoo.com,(0917) 430-8948,Liberia,Jonesborough,2025-05-13,False,English,PROD001
CUST00499,Aaron,Sanchez,Aaron,aaron.sanchez417@outlook.com,009174187758,Vietnam,Sueside,2023-02-14,True,English/Tagalog,PROD015
CUST00500,Randall,Jenkins,Randall,randall.jenkins200@outlok.com,+639175190361,Philippines,New Alexandermouth,2026-04-04,False,English,PROD004
CUST00501,Joseph,Pearson,Kristina,kristina.pearson607@hotmail.com,009175431735,Philippines,Brianland,2022-12-14,False,English,PROD014
CUST00502,Christine,Willis,Christine,christine.willis641@hotmail.com,9177911006,El Salvador,Haleyfurt,2023-07-27,True,Tagalog,PROD015
CUST00503,Robert,Brown,Sonya,sonya.brown626@hotmial.com,(0917) 611-0804,Philippines,Mendozamouth,2025-02-20,False,Tagalog,PROD007
CUST00504,Teresa,Smith,Teresa,teresa.smith476@gmail.com,9176991507,Philippines,Lake Joshua,2025-01-09,False,English,PROD010
CUST00505,Lisa,Reyes,Lisa,lisa.reyes130@yahoo.com,+639178456797,Philippines,Danielshire,2025-10-30,True,Tagalog,PROD004
CUST00506,Amanda,Sanchez,Amanda,amanda.sanchez668@hotmail.com,9175498227,Philippines,Port Eric,2026-04-05,False,English,PROD010
CUST00507,Tiffany,Barry,Tiffany,tiffany.barry520@yaho.com,009178065333,Philippines,Randymouth,2023-12-07,False,English/Tagalog,PROD006
CUST00508,Emily,Rush,Emily,emily.rush580@outlook.com,(0917) 594-6521,Holy See (Vatican City State),Edwardborough,2024-01-03,True,Tagalog,PROD015
CUST00509,Mark,Durham,Mark,mark.durham478@yahoo.com,(0917) 933-7563,San Marino,Port Carolinehaven,2025-09-28,True,English,PROD003
CUST00510,Todd,Graham,Courtney,courtney.graham146@gmail.com,+639174739500,Philippines,North Marybury,2024-03-13,False,Cebuano,PROD004
CUST00511,Andre,Flores,Andre,andre.flores252@outlook.com,+639172302410,Philippines,Port Eric,2025-09-02,False,Cebuano,PROD007
CUST00512,Robert,Mccullough,Robert,robert.mccullough379@outlook.com,+639175289611,Hong Kong,Lake Eric,2022-09-04,False,Tagalog,PROD015
CUST00513,Regina,Taylor,Regina,regina.taylor440@outlook.com,+639173099384,Philippines,New Jean,2022-07-27,False,Cebuano,PROD006
CUST00514,Gary,Dominguez,Gary,gary.dominguez84@hotmail.com,9177912868,Philippines,South Jonathan,2025-10-24,False,Cebuano,PROD008
CUST00515,Tina,Jackson,Tina,tina.jackson507@hotmail.com,+639177496903,Philippines,Port Jerryshire,2025-04-04,False,English/Tagalog,PROD015
CUST00516,Theodore,Matthews,Theodore,theodore.matthews586@hotmail.com,9172548121,Philippines,North Ivanland,2023-05-30,False,English,PROD008
CUST00517,Jonathan,George,Jonathan,jonathan.george479@outlook.com,009176657546,Philippines,West Kaylafort,2024-12-16,False,English,PROD003
CUST00518,Jessica,Davis,Jessica,jessica.davis514@gmail.com,009178814311,Philippines,Port Hannahborough,2023-01-25,False,Tagalog,PROD006
CUST00519,Sergio,Butler,Sergio,sergio.butler836@outlook.com,9174392840,Holy See (Vatican City State),Robertport,2023-03-15,False,English/Tagalog,PROD005
CUST00520,James,Lam,James,james.lam525@gmail.com,(0917) 263-3373,Panama,Miguelmouth,2022-12-29,False,English,PROD012
CUST00521,Kevin,Lewis,Kevin,kevin.lewis965@yahoo.com,+639176377805,Tuvalu,South Melissaside,2022-12-23,False,English,PROD010
CUST00522,Valerie,Curry,Valerie,valerie.curry430@outlook.com,009176684590,Philippines,Mccormickfort,2023-06-23,False,Cebuano,PROD015
CUST00523,John,Davis,John,john.davis210@hotmail.com,9176186371,Saudi Arabia,Erinbury,2024-05-10,False,Cebuano,PROD010
CUST00524,Kelly,Benton,Timothy,timothy.benton182@gmail.com,(0917) 097-0231,Philippines,Abigailstad,2023-06-11,False,English,PROD005
CUST00525,Linda,Hall,Linda,linda.hall176@outlook.com,(0917) 566-2128,Austria,Shannonshire,2024-09-05,False,Tagalog,PROD008
CUST00526,Jeffrey,Weaver,Lauren,lauren.weaver838@yahoo.com,(0917) 729-9493,Philippines,Port Keithhaven,2024-11-08,False,English/Tagalog,PROD005
CUST00527,Sean,Morales,Alexander,alexander.morales253@hotmail.com,009178597779,Philippines,Watkinsmouth,2023-05-19,False,English/Tagalog,PROD012
CUST00528,Diana,Holt,Diana,diana.holt844@outlook.com,(0917) 263-2967,Philippines,Watsonbury,2024-02-06,False,English,PROD015
CUST00529,Nicole,Madden,Nicole,nicole.madden892@gmail.com,(0917) 248-4137,Philippines,Maloneberg,2023-05-06,False,English,PROD013
CUST00530,James,Walker,James,james.walker169@outlook.com,(0917) 438-0701,Philippines,North Caitlinton,2024-12-02,False,Tagalog,PROD007
CUST00531,Brian,Young,Brian,brian.young727@gmail.com,+639172577711,Malaysia,Collinsmouth,2024-01-03,False,Cebuano,PROD012
CUST00532,Edward,Hubbard,Edward,edward.hubbard622@yahoo.com,009171241862,Belarus,Port Diana,2025-02-03,False,Tagalog,PROD011
CUST00533,Kayla,Underwood,Kayla,kayla.underwood36@yahoo.com,9178370816,Philippines,Keithview,2025-03-07,True,English/Tagalog,PROD008
CUST00534,Jacqueline,Tucker,Jacqueline,jacqueline.tucker245@yahoo.com,+639173106005,Philippines,Trujillohaven,2022-07-28,False,English,PROD011
CUST00535,Daniel,Jackson,Daniel,daniel.jackson46@yahoo.com,+639176815583,Philippines,Christophermouth,2023-03-26,False,English,PROD015
CUST00536,Allen,Hernandez,Allen,allen.hernandez178@gmail.com,+639170650637,Philippines,East Tashaside,2023-06-24,False,Cebuano,PROD002
CUST00537,Mary,King,Kayla,kayla.king786@yahoo.com,009179718924,Philippines,Port Raymondmouth,2025-04-30,False,English/Tagalog,PROD010
CUST00538,Kaitlin,Fischer,Kaitlin,kaitlin.fischer651@yahoo.com,(0917) 571-5099,Philippines,Charlesstad,2026-01-01,False,English,PROD007
CUST00539,Amanda,Spears,Amanda,amanda.spears756@gmail.com,(0917) 639-1025,Philippines,Emilymouth,2025-07-13,False,English,PROD005
CUST00540,Brianna,Deleon,Brianna,brianna.deleon337@hotmail.com,009172450864,Brazil,Laneville,2025-10-20,False,Tagalog,PROD004
CUST00541,Kelly,French,Kelly,kelly.french681@gmail.com,(0917) 339-6852,Philippines,New John,2023-06-28,False,English,PROD011
CUST00542,Suzanne,Abbott,Suzanne,suzanne.abbott145@gmail.com,+639173212983,Philippines,South Benjamin,2026-02-13,False,Cebuano,PROD009
CUST00543,Elizabeth,Patterson,David,david.patterson181@yahoo.com,9179344973,Malta,Philipside,2024-05-01,False,Cebuano,PROD014
CUST00544,Brian,Arias,Brian,brian.arias433@yahoo.com,(0917) 896-2706,Philippines,Torreston,2024-07-09,False,Cebuano,PROD014
CUST00545,Levi,Bentley,Levi,levi.bentley180@yahoo.com,(0917) 467-4746,Philippines,Kimberlyport,2023-11-09,False,Tagalog,PROD002
CUST00546,Robert,Baldwin,Charles,charles.baldwin883@yaho.com,(0917) 857-6665,Philippines,New Mary,2024-02-24,False,English,PROD008
CUST00547,John,Odom,John,john.odom128@gmail.com,(0917) 692-3645,Philippines,Port Jennifer,2023-02-09,False,English/Tagalog,PROD011
CUST00548,Gloria,Thompson,Gloria,gloria.thompson36@yahoo.com,9175024972,Philippines,East Christopher,2025-05-13,False,Tagalog,PROD004
CUST00549,Tiffany,Wolf,Christopher,christopher.wolf939@gmail.com,+639176691836,Philippines,West Brittneyville,2024-01-15,False,English/Tagalog,PROD014
CUST00550,Heather,Hudson,Heather,heather.hudson947@hotmail.com,(0917) 119-5243,Philippines,West Robertland,2023-07-08,False,English/Tagalog,PROD012
CUST00551,Kathleen,Bennett,Joshua,joshua.bennett428@gmail.com,+639178646225,Philippines,Michaelshire,2023-04-24,False,English,PROD012
CUST00552,Patrick,Black,Patrick,patrick.black61@yahoo.com,+639172346791,Philippines,South Lisaport,2023-03-02,False,Cebuano,PROD002
CUST00553,Patrick,Simpson,Courtney,courtney.simpson490@gmail.com,009177100409,Philippines,Williammouth,2023-03-08,False,English/Tagalog,PROD002
CUST00554,Micheal,Livingston,Micheal,micheal.livingston485@outlook.com,+639175965555,Philippines,Jasonshire,2026-03-05,False,English,PROD006
CUST00555,Marissa,Hamilton,Marissa,marissa.hamilton4@outlook.com,9177620918,Singapore,New Jennifermouth,2024-11-16,False,English/Tagalog,PROD012
CUST00556,Virginia,Lopez,Virginia,virginia.lopez677@hotmail.com,(0917) 305-0505,Philippines,Tiffanychester,2023-01-13,False,English,PROD004
CUST00557,Daniel,Hayes,Daniel,daniel.hayes878@hotmail.com,009171649328,Philippines,Martinezborough,2023-07-17,False,English/Tagalog,PROD003
CUST00558,James,Rodriguez,Thomas,thomas.rodriguez494@hotmail.com,(0917) 833-3211,Philippines,North Karen,2025-10-27,False,Cebuano,PROD012
CUST00559,David,Sampson,David,david.sampson264@outlook.com,+639177128715,Philippines,Mullinsfort,2023-05-18,False,English,PROD015
CUST00560,Alec,Riley,Alec,alec.riley761@hotmail.com,9176863341,Philippines,East Danielle,2025-07-20,False,Tagalog,PROD002
CUST00561,Ashley,Phillips,Ashley,ashley.phillips131@gmail.com,+639175690409,Philippines,Lake Mariahhaven,2026-05-16,False,Cebuano,PROD014
CUST00562,Patrick,Rodriguez,Patrick,patrick.rodriguez617@yahoo.com,9179316087,Netherlands,Melissafort,2023-06-29,False,Tagalog,PROD003
CUST00563,William,Holmes,William,william.holmes291@hotmail.com,9172095481,Western Sahara,Lake Michaelview,2023-01-05,False,Tagalog,PROD014
CUST00564,Jason,Gonzalez,Jason,jason.gonzalez830@hotmial.com,(0917) 523-3027,Mexico,Jamesview,2025-11-27,False,Tagalog,PROD005
CUST00565,Ryan,Gonzales,Ryan,ryan.gonzales695@hotmail.com,9177566184,Bolivia,Martinville,2026-04-16,False,English/Tagalog,PROD012
CUST00566,Aaron,Rose,Marcia,marcia.rose595@outlook.com,(0917) 047-2927,Turkey,Lyonsfurt,2024-02-23,False,Tagalog,PROD005
CUST00567,Elizabeth,Powell,Elizabeth,elizabeth.powell877@gmail.com,009179126620,Peru,Johnsonville,2023-06-22,False,English,PROD006
CUST00568,Jason,Smith,Robert,robert.smith994@outlook.com,(0917) 263-0136,Philippines,Gonzalezborough,2023-04-30,False,English/Tagalog,PROD005
CUST00569,Sheila,Perkins,Sheila,sheila.perkins886@gmail.com,009176475011,Philippines,West Richard,2023-04-04,False,Tagalog,PROD002
CUST00570,Joseph,Hood,Beverly,beverly.hood764@hotmail.com,+639171926764,Philippines,West Juliefurt,2023-07-29,False,Tagalog,PROD002
CUST00571,William,Navarro,William,william.navarro838@gmail.com,009178871898,Lao People's Democratic Republic,Sarahhaven,2023-05-30,False,English,PROD013
CUST00572,Matthew,Mcintyre,Timothy,timothy.mcintyre458@yaho.com,009175102932,Philippines,West Patrick,2022-11-14,False,English,PROD009
CUST00573,Danny,Castaneda,Danny,danny.castaneda558@outlook.com,9172603408,Philippines,New Erin,2025-10-05,False,English/Tagalog,PROD011
CUST00574,Dennis,Elliott,Dennis,dennis.elliott523@outlook.com,9173103032,Saint Helena,Waltonside,2024-01-18,False,Tagalog,PROD014
CUST00575,Brian,Moore,Brian,brian.moore638@outlook.com,(0917) 618-4462,Philippines,Lake Jeffrey,2026-05-09,False,English/Tagalog,PROD008
CUST00576,Steven,Gonzalez,Steven,steven.gonzalez73@yahoo.com,(0917) 435-9892,Philippines,Port Tammy,2025-08-22,False,English/Tagalog,PROD014
CUST00577,Sean,Cook,Sean,sean.cook128@yaho.com,9178186151,Philippines,New Deborah,2026-04-29,False,Tagalog,PROD015
CUST00578,Kimberly,Byrd,Kimberly,kimberly.byrd993@gmail.com,(0917) 361-1284,Philippines,South Gregory,2023-09-16,False,Cebuano,PROD002
CUST00579,Kathy,Holmes,Kathy,kathy.holmes175@gmail.com,(0917) 562-5889,Philippines,Millerbury,2023-12-31,False,Tagalog,PROD008
CUST00580,Albert,Collins,Albert,albert.collins754@yahoo.com,+639174053967,Puerto Rico,Yangmouth,2022-08-15,False,Cebuano,PROD008
CUST00581,James,White,James,james.white736@hotmail.com,009173414651,Egypt,Ralphtown,2023-07-28,False,Tagalog,PROD002
CUST00582,Cynthia,Vaughn,Cynthia,cynthia.vaughn568@gmail.com,009177068277,Philippines,Cummingshaven,2024-12-04,False,English,PROD007
CUST00583,James,Paul,James,james.paul757@outlook.com,+639178909728,Philippines,South Jonathan,2024-08-25,False,Cebuano,PROD003
CUST00584,Caleb,Johnson,Caleb,caleb.johnson175@hotmail.com,9175153814,Philippines,Davisfort,2024-05-03,False,English/Tagalog,PROD008
CUST00585,Gregory,Sanchez,Gregory,gregory.sanchez983@outlook.com,009178079705,Philippines,Navarroton,2022-11-01,False,English,PROD010
CUST00586,Gina,Lutz,Kevin,kevin.lutz10@yahoo.com,+639171673188,Philippines,Port Johnland,2024-06-03,False,Tagalog,PROD007
CUST00587,Alexis,Blankenship,Alexis,alexis.blankenship405@outlook.com,009175456284,Philippines,East Lisa,2024-05-11,False,Tagalog,PROD008
CUST00588,James,Romero,James,james.romero905@hotmial.com,(0917) 313-4026,Philippines,Monicastad,2024-02-08,True,Tagalog,PROD012
CUST00589,Sarah,Harrington,Sarah,sarah.harrington501@outlook.com,+639178725686,Martinique,Matthewside,2024-10-30,False,Tagalog,PROD002
CUST00590,Caitlyn,Smith,Thomas,thomas.smith243@gmail.com,9170569067,Philippines,New Christopherfort,2024-05-17,False,Tagalog,PROD005
CUST00591,Crystal,Casey,Crystal,crystal.casey786@yahoo.com,+639171436371,Greece,Alexanderborough,2024-09-12,False,Tagalog,PROD004
CUST00592,Christopher,Kelley,Christopher,christopher.kelley281@yahoo.com,009173260931,Philippines,South Madison,2025-09-13,False,Tagalog,PROD007
CUST00593,Ryan,Davis,Ryan,ryan.davis523@hotmail.com,9176041454,Philippines,Lisahaven,2025-09-01,False,English,PROD012
CUST00594,Cynthia,Mitchell,Michael,michael.mitchell763@gmial.com,(0917) 534-7491,Philippines,Lowerytown,2024-05-08,False,Cebuano,PROD003
CUST00595,Alejandra,Russell,Alejandra,alejandra.russell700@gmail.com,9178255598,Philippines,New Aaronton,2022-12-14,False,English/Tagalog,PROD004
CUST00596,Reginald,Martinez,Adam,adam.martinez761@gmail.com,009179109337,Solomon Islands,Heatherside,2023-08-01,False,Cebuano,PROD002
CUST00597,Andrew,Mora,Andrew,andrew.mora158@yahoo.com,9170236848,Philippines,Andradefort,2024-08-30,False,English,PROD015
CUST00598,Antonio,Blanchard,Antonio,antonio.blanchard537@gmail.com,009178029424,Philippines,South Wendy,2026-05-10,False,Tagalog,PROD010
CUST00599,James,Smith,James,james.smith546@hotmail.com,(0917) 812-7868,Philippines,Silvashire,2025-03-23,False,English,PROD007
CUST00600,Amber,Howell,Sean,sean.howell10@yahoo.com,9178788443,Philippines,East Kathy,2026-01-21,False,Tagalog,PROD012
CUST00601,Melissa,Jensen,Donald,donald.jensen655@yahoo.com,009172424033,Philippines,Sanchezburgh,2026-01-16,False,Cebuano,PROD001
CUST00602,Alan,Rhodes,Alan,alan.rhodes419@outlook.com,9179450053,Philippines,East Danielfurt,2026-02-24,True,English,PROD003
CUST00603,Justin,Bowman,Justin,justin.bowman264@hotmail.com,+639179837354,Philippines,Port Ana,2023-01-08,False,English/Tagalog,PROD010
CUST00604,Ray,Lewis,Veronica,veronica.lewis445@yahoo.com,+639175271727,Reunion,Wattsborough,2025-05-27,False,English/Tagalog,PROD014
CUST00605,Paul,Lopez,Paul,paul.lopez22@yahoo.com,+639174226931,Philippines,South Laurahaven,2024-10-23,False,English/Tagalog,PROD002
CUST00606,James,Brown,Joshua,joshua.brown828@yahoo.com,009170916601,Philippines,Mariabury,2023-12-21,False,Tagalog,PROD013
CUST00607,Stephanie,King,Stephanie,stephanie.king962@gmail.com,+639179001851,Philippines,East Justin,2023-09-02,False,English/Tagalog,PROD003
CUST00608,Jacob,Rose,Jacob,jacob.rose159@outlook.com,009173084810,Philippines,Joshuaborough,2025-03-01,False,English/Tagalog,PROD002
CUST00609,Christopher,Lambert,Thomas,thomas.lambert438@yaho.com,(0917) 625-4361,Lao People's Democratic Republic,East Jacqueline,2022-12-27,False,Cebuano,PROD003
CUST00610,Laura,Wise,Laura,laura.wise946@outlook.com,9171092268,Philippines,Port David,2024-06-16,False,Cebuano,PROD010
CUST00611,Steven,Moore,Steven,steven.moore107@outlook.com,+639174754102,Philippines,New Ellenhaven,2025-01-08,False,English/Tagalog,PROD006
CUST00612,Miguel,Ali,Miguel,miguel.ali983@gmail.com,9174215226,Philippines,Tylerhaven,2026-03-20,False,English/Tagalog,PROD006
CUST00613,James,Flores,James,james.flores967@outlook.com,(0917) 366-8788,Philippines,Matthewtown,2025-10-09,False,English,PROD009
CUST00614,Jennifer,Guzman,Jennifer,jennifer.guzman796@hotmail.com,9173135030,Philippines,Brandonborough,2025-06-11,False,English,PROD009
CUST00615,Kurt,Baker,Robert,robert.baker870@outlook.com,+639172472863,Philippines,East Caitlinshire,2023-03-09,False,English,PROD014
CUST00616,Courtney,Hill,Courtney,courtney.hill27@yahoo.com,+639176501917,Philippines,South Taylorborough,2026-03-11,False,Tagalog,PROD001
CUST00617,Sara,Larson,Tabitha,tabitha.larson187@hotmail.com,(0917) 728-4765,Philippines,Lake Ernest,2023-05-12,True,English,PROD013
CUST00618,Amanda,Wilson,Rebecca,rebecca.wilson178@gmail.com,9178206678,Philippines,Diazbury,2023-10-22,False,Tagalog,PROD015
CUST00619,Daniel,Brown,Daniel,daniel.brown95@yahoo.com,+639178623690,Philippines,Valenciamouth,2023-06-14,False,English,PROD007
CUST00620,Bob,Smith,Bob,bob.smith669@hotmail.com,9176620563,Philippines,West Travis,2023-04-04,False,Cebuano,PROD002
CUST00621,David,Burnett,Brenda,brenda.burnett110@outlook.com,+639171390438,Kazakhstan,Heatherbury,2024-10-06,False,English,PROD011
CUST00622,Curtis,Johnson,Curtis,curtis.johnson810@gmail.com,9177005140,Philippines,Daleview,2025-02-15,False,Tagalog,PROD013
CUST00623,Daniel,Spencer,Daniel,daniel.spencer998@hotmail.com,+639172156818,Philippines,Jenniferside,2025-08-28,False,English,PROD001
CUST00624,Daniel,Stafford,Daniel,daniel.stafford81@yahoo.com,9171332288,Gabon,Johntown,2023-01-28,False,Cebuano,PROD008
CUST00625,Emily,Boyle,Emily,emily.boyle730@hotmial.com,(0917) 633-9912,Ghana,North Kathyton,2024-08-16,False,Cebuano,PROD002
CUST00626,Jennifer,Baker,Jennifer,jennifer.baker466@gmail.com,9175242149,Philippines,West Nicholas,2022-12-27,False,English/Tagalog,PROD006
CUST00627,James,Miller,James,james.miller782@hotmail.com,9177219705,Philippines,East Christina,2022-12-02,False,Tagalog,PROD007
CUST00628,Stephanie,Cruz,Stephanie,stephanie.cruz699@outlook.com,+639176874090,Malaysia,Devinburgh,2024-12-20,True,English,PROD012
CUST00629,Katie,Lewis,Katie,katie.lewis875@yahoo.com,(0917) 136-7157,Philippines,East Terri,2024-12-29,False,English,PROD011
CUST00630,Kirk,Stokes,Megan,megan.stokes945@gmail.com,9176636515,Philippines,Gilesview,2022-10-14,False,English/Tagalog,PROD010
CUST00631,David,Houston,Ryan,ryan.houston160@hotmial.com,(0917) 723-5909,Palau,Willieborough,2023-01-30,False,English/Tagalog,PROD001
CUST00632,Hunter,Brown,Hunter,hunter.brown889@yaho.com,009170644212,Philippines,Foxchester,2024-06-16,False,English/Tagalog,PROD005
CUST00633,Maria,Jones,Maria,maria.jones266@yahoo.com,+639172016542,French Polynesia,Diazchester,2026-03-07,False,Tagalog,PROD006
CUST00634,Michael,Murray,Michael,michael.murray710@hotmail.com,+639179608931,Philippines,Andrewfort,2024-04-03,False,Cebuano,PROD006
CUST00635,Henry,Stuart,Veronica,veronica.stuart512@hotmail.com,+639175164807,Philippines,West Davidtown,2023-05-11,False,English,PROD011
CUST00636,Michael,Larson,Stephen,stephen.larson560@yahoo.com,009172963533,Korea,New Roberthaven,2022-09-19,True,Cebuano,PROD006
CUST00637,Paul,Arroyo,Paul,paul.arroyo665@gmail.com,9177665586,Egypt,Porterton,2022-10-05,False,Cebuano,PROD002
CUST00638,Joshua,Hall,Mark,mark.hall391@yahoo.com,009174649111,Philippines,Nicholsbury,2022-12-07,False,English,PROD011
CUST00639,Melissa,Adams,Melissa,melissa.adams516@gmail.com,(0917) 904-6337,Philippines,Josephport,2024-09-05,False,English,PROD002
CUST00640,Michael,Rhodes,Michael,michael.rhodes841@hotmail.com,9176053844,Tanzania,Robinsonmouth,2023-09-14,False,English/Tagalog,PROD005
CUST00641,Catherine,Lopez,Catherine,catherine.lopez425@gmail.com,9170002589,Philippines,Sydneyhaven,2022-12-20,False,English/Tagalog,PROD006
CUST00642,Samantha,Garza,Samantha,samantha.garza660@hotmail.com,(0917) 609-6262,Philippines,New Shane,2024-12-04,False,Tagalog,PROD015
CUST00643,Nathan,Diaz,Madison,madison.diaz647@yahoo.com,009179648253,Philippines,Sanchezfort,2023-11-13,True,Tagalog,PROD002
CUST00644,Andrew,Sutton,Megan,megan.sutton26@gmail.com,+639172752334,Latvia,North Davidmouth,2024-09-16,False,English/Tagalog,PROD009
CUST00645,Lori,Mcintyre,Lori,lori.mcintyre958@gmail.com,009172091179,Philippines,Anthonyport,2022-08-04,False,Tagalog,PROD002
CUST00646,Evan,Hudson,James,james.hudson935@hotmail.com,(0917) 361-7061,Philippines,Lake Erichaven,2024-12-19,False,English/Tagalog,PROD011
CUST00647,Patricia,Donaldson,Patricia,patricia.donaldson185@hotmail.com,9174029901,Philippines,Port Jodi,2024-04-04,False,English,PROD006
CUST00648,Heather,Soto,Bethany,bethany.soto198@outlook.com,+639179080882,Philippines,North Garyhaven,2024-08-16,False,English,PROD014
CUST00649,Christopher,Phillips,Christopher,christopher.phillips709@yaho.com,9172447315,Azerbaijan,Port Jeffreyview,2022-08-24,False,English/Tagalog,PROD008
CUST00650,Brian,Hernandez,Brian,brian.hernandez704@outlook.com,+639174619942,Philippines,East Davidstad,2023-08-23,False,English/Tagalog,PROD012
CUST00651,Richard,Wilson,Richard,richard.wilson638@outlook.com,9171966395,Philippines,East Jenna,2024-11-11,True,Tagalog,PROD015
CUST00652,Jessica,Brown,Jessica,jessica.brown301@outlook.com,9179856012,Falkland Islands (Malvinas),South Jeffreymouth,2025-12-29,False,English,PROD007
CUST00653,Joshua,Knapp,Joshua,joshua.knapp799@outlook.com,(0917) 510-5053,Reunion,New Codyburgh,2024-06-11,False,English,PROD010
CUST00654,Brian,Munoz,Brian,brian.munoz106@yahoo.com,9178491966,Philippines,Stephenville,2025-08-13,False,English/Tagalog,PROD014
CUST00655,Dawn,Williams,Dawn,dawn.williams128@outlook.com,009177295963,Philippines,New Jeffrey,2026-03-02,False,English,PROD005
CUST00656,Austin,Johnson,Austin,austin.johnson991@outlook.com,009176088050,Philippines,Angelaport,2023-04-15,False,Cebuano,PROD008
CUST00657,Randy,Hall,Randy,randy.hall570@outlook.com,(0917) 579-0647,Philippines,Mcculloughshire,2024-08-11,False,Cebuano,PROD014
CUST00658,Sherry,Jones,Sherry,sherry.jones49@gmial.com,009170215632,Sierra Leone,North Laura,2026-01-18,False,English,PROD004
CUST00659,Timothy,Chandler,Timothy,timothy.chandler804@gmail.com,(0917) 010-4145,Philippines,Raymondtown,2022-08-07,False,English/Tagalog,PROD005
CUST00660,Raymond,Bryant,Michael,michael.bryant772@outlook.com,(0917) 967-1883,Philippines,Davidchester,2023-08-27,False,English/Tagalog,PROD011
CUST00661,Hannah,Potter,Hannah,hannah.potter729@outlook.com,(0917) 158-3311,Philippines,Matthewport,2025-01-21,False,English/Tagalog,PROD001
CUST00662,Christopher,Hooper,Christopher,christopher.hooper349@yahoo.com,+639173988547,Philippines,Justinland,2025-01-29,False,Tagalog,PROD014
CUST00663,Crystal,Hernandez,Crystal,crystal.hernandez889@hotmail.com,(0917) 983-6314,Philippines,Crawfordchester,2023-06-16,False,English,PROD003
CUST00664,Lisa,Park,Elizabeth,elizabeth.park247@gmail.com,(0917) 072-4078,Philippines,South Michele,2026-02-15,False,English,PROD006
CUST00665,Amber,Montgomery,Amber,amber.montgomery515@yahoo.com,009176850745,Philippines,Whitetown,2024-04-11,False,English/Tagalog,PROD001
CUST00666,Tracy,Marsh,Carmen,carmen.marsh609@yahoo.com,009174897861,Philippines,Tapiaberg,2025-07-16,False,English,PROD011
CUST00667,Jeffrey,Acosta,Shannon,shannon.acosta245@gmail.com,(0917) 181-4396,Philippines,Johnfurt,2025-05-23,False,Cebuano,PROD007
CUST00668,David,Morrow,David,david.morrow356@yahoo.com,(0917) 494-0128,Philippines,Wagnerberg,2025-06-24,False,Tagalog,PROD012
CUST00669,Kevin,Lowe,Destiny,destiny.lowe341@gmail.com,+639177207650,Samoa,East Kendra,2024-10-01,False,English,PROD005
CUST00670,Hunter,Ross,Hunter,hunter.ross501@hotmail.com,+639173710094,Philippines,Maxwellville,2025-06-18,False,English,PROD009
CUST00671,Cindy,Thomas,Nicole,nicole.thomas753@outlook.com,009175847457,Philippines,Hallton,2025-06-24,False,English/Tagalog,PROD014
CUST00672,Stacy,Taylor,Vincent,vincent.taylor421@gmail.com,(0917) 325-7039,Philippines,Port Ashley,2026-03-04,False,English/Tagalog,PROD006
CUST00673,Pamela,Johnson,Pamela,pamela.johnson696@outlook.com,(0917) 878-2455,Philippines,Julianmouth,2024-11-17,False,Cebuano,PROD010
CUST00674,Mark,Russell,Jessica,jessica.russell126@outlook.com,(0917) 679-5410,Philippines,Lake Amy,2024-03-11,False,Tagalog,PROD015
CUST00675,Maxwell,Bowman,Maxwell,maxwell.bowman681@outlook.com,(0917) 247-4140,Philippines,South Joan,2026-04-10,False,English,PROD001
CUST00676,Eric,Owens,Bobby,bobby.owens361@outlok.com,+639170042548,Mauritius,Darrellfurt,2026-05-14,False,Tagalog,PROD002
CUST00677,Laura,Quinn,Laura,laura.quinn33@gmail.com,9177536661,Philippines,Johnsonport,2026-02-26,False,English/Tagalog,PROD015
CUST00678,Tiffany,Morris,Tiffany,tiffany.morris143@outlook.com,9173426834,Philippines,Colleenburgh,2022-09-11,False,English/Tagalog,PROD002
CUST00679,Pamela,Paul,Pamela,pamela.paul854@hotmail.com,9176128758,Philippines,Mitchellview,2025-08-07,False,English/Tagalog,PROD008
CUST00680,Michael,Larson,Michael,michael.larson432@gmail.com,9171294398,Philippines,Lake Ryanland,2025-09-02,False,Cebuano,PROD003
CUST00681,Amy,Adams,Aaron,aaron.adams687@hotmail.com,9170787010,Tonga,Port Heathermouth,2022-07-27,False,English,PROD014
CUST00682,Michael,Jackson,Michael,michael.jackson886@hotmail.com,+639170198038,Norfolk Island,Port Tamaramouth,2025-10-20,False,Tagalog,PROD009
CUST00683,Parker,Howard,Parker,parker.howard319@yahoo.com,+639170793110,American Samoa,East Jessica,2024-03-29,False,Tagalog,PROD010
CUST00684,Eugene,Oliver,Eugene,eugene.oliver518@hotmial.com,+639177601467,Philippines,South Christopherbury,2023-01-03,False,Cebuano,PROD014
CUST00685,Marilyn,Rose,Marilyn,marilyn.rose632@hotmail.com,+639171620223,Sao Tome and Principe,Port Stevenside,2023-06-16,False,English/Tagalog,PROD009
CUST00686,Lori,Simon,Lori,lori.simon983@outlook.com,(0917) 975-4661,Saudi Arabia,Codyside,2024-02-06,False,Cebuano,PROD007
CUST00687,Daniel,Diaz,Daniel,daniel.diaz311@hotmial.com,(0917) 097-0527,Philippines,North David,2022-08-13,False,Tagalog,PROD005
CUST00688,Dana,Walsh,Dana,dana.walsh179@hotmail.com,9172595724,Philippines,Luisfurt,2023-02-18,False,English/Tagalog,PROD015
CUST00689,Christopher,Summers,Christopher,christopher.summers185@hotmail.com,9179884259,Philippines,Port Christianton,2022-11-08,False,English,PROD010
CUST00690,Eric,Wilson,Sean,sean.wilson682@yahoo.com,+639171775331,Egypt,Tamiburgh,2024-10-02,False,English/Tagalog,PROD012
CUST00691,Julie,Marsh,Julie,julie.marsh118@gmail.com,9170175902,Philippines,Kaitlynton,2023-07-19,False,Tagalog,PROD002
CUST00692,Jay,Wilson,David,david.wilson293@hotmail.com,009173326831,Kenya,East Jasonborough,2026-01-08,False,English,PROD011
CUST00693,Edward,Thompson,Edward,edward.thompson418@gmail.com,+639179815287,Philippines,North Samuelport,2024-04-13,False,Cebuano,PROD014
CUST00694,Michael,Davis,Michael,michael.davis450@yahoo.com,9176619128,Philippines,Denisefurt,2023-11-18,False,Cebuano,PROD002
CUST00695,Jeffrey,Potter,Latoya,latoya.potter258@outlook.com,+639176512418,Philippines,East Danielhaven,2023-02-11,False,Cebuano,PROD014
CUST00696,Krystal,Taylor,Krystal,krystal.taylor914@gmail.com,(0917) 197-4005,Philippines,Port Scottberg,2022-11-01,False,English,PROD005
CUST00697,Matthew,Copeland,John,john.copeland680@outlook.com,9170371990,India,Derrickburgh,2025-04-01,False,English,PROD002
CUST00698,John,Zimmerman,John,john.zimmerman278@hotmail.com,(0917) 010-7835,Philippines,North Kathrynview,2023-07-23,False,Tagalog,PROD008
CUST00699,Victoria,Johnson,Michele,michele.johnson801@gmial.com,009173896087,South Africa,West Sarah,2024-05-31,False,English/Tagalog,PROD007
CUST00700,Julia,Johnson,Julia,julia.johnson121@yahoo.com,+639179553560,Philippines,Mollymouth,2022-12-02,True,English/Tagalog,PROD004
CUST00701,Charles,Cantrell,Charles,charles.cantrell16@gmail.com,9173010272,Philippines,Travisfort,2023-05-18,False,Tagalog,PROD001
CUST00702,Jean,Robbins,Jean,jean.robbins491@yahoo.com,9171114837,Nicaragua,East Christopherstad,2023-01-09,False,Cebuano,PROD015
CUST00703,Michelle,Stewart,Michelle,michelle.stewart251@outlook.com,9178458810,Philippines,New Cody,2025-04-14,False,English/Tagalog,PROD015
CUST00704,Cynthia,Calderon,Cynthia,cynthia.calderon862@yahoo.com,+639178348315,Heard Island and McDonald Islands,East Michaelside,2024-05-07,False,English/Tagalog,PROD001
CUST00705,Tanya,Stevens,Tanya,tanya.stevens35@gmail.com,9174496410,Philippines,Port Andreafurt,2023-03-22,False,English/Tagalog,PROD014
CUST00706,Morgan,Stone,Morgan,morgan.stone389@gmail.com,9172680408,Philippines,Kevintown,2024-05-28,False,Cebuano,PROD015
CUST00707,Douglas,Morales,Douglas,douglas.morales606@outlook.com,009173059660,Philippines,Boydfort,2026-01-19,False,Cebuano,PROD009
CUST00708,Steven,Mcmahon,Steven,steven.mcmahon737@hotmail.com,+639179842673,Philippines,West Dawnshire,2023-09-22,False,Cebuano,PROD015
CUST00709,Cynthia,Powers,Jessica,jessica.powers303@yahoo.com,9175960945,Philippines,Wilsonfort,2022-09-06,False,English,PROD011
CUST00710,Kathryn,Jones,Stephen,stephen.jones868@outlook.com,009172770707,Philippines,Santosport,2023-06-03,False,Tagalog,PROD006
CUST00711,Sandra,Christensen,Sandra,sandra.christensen625@gmail.com,9178517244,Philippines,North Derrick,2024-10-01,False,Tagalog,PROD014
CUST00712,Patrick,Peterson,Christy,christy.peterson671@gmail.com,+639170287950,Uganda,New David,2026-03-16,False,Cebuano,PROD001
CUST00713,Courtney,Bennett,Raymond,raymond.bennett46@outlook.com,009179351187,Philippines,Sabrinaton,2022-12-30,False,Cebuano,PROD009
CUST00714,Deborah,Hernandez,Deborah,deborah.hernandez437@hotmial.com,(0917) 420-5955,Philippines,Whiteborough,2023-06-21,False,Cebuano,PROD015
CUST00715,Kayla,Liu,Kayla,kayla.liu298@yahoo.com,9172901935,Philippines,South Erin,2023-02-08,False,Tagalog,PROD004
CUST00716,Dana,Scott,Dana,dana.scott982@gmail.com,009173989868,El Salvador,West Samuel,2022-09-08,False,English/Tagalog,PROD014
CUST00717,Kelly,Garcia,Kelly,kelly.garcia200@hotmail.com,(0917) 943-5353,Bulgaria,Staceyport,2025-12-15,False,Tagalog,PROD006
CUST00718,Elizabeth,Walsh,Elizabeth,elizabeth.walsh361@hotmail.com,(0917) 881-5793,Philippines,West Catherine,2024-04-04,False,Tagalog,PROD013
CUST00719,Amy,Williams,Amy,amy.williams418@yahoo.com,009179294455,Philippines,East Timothy,2025-12-04,False,Tagalog,PROD002
CUST00720,Christina,Benton,Christina,christina.benton898@yahoo.com,(0917) 702-1648,Philippines,North Brian,2025-09-21,False,English/Tagalog,PROD012
CUST00721,Angela,Jones,Emily,emily.jones136@yahoo.com,+639178866526,Philippines,South Erica,2022-07-26,False,Cebuano,PROD012
CUST00722,Micheal,Estes,Micheal,micheal.estes47@gmail.com,(0917) 157-6764,Philippines,Meganville,2022-12-23,False,English,PROD012
CUST00723,Howard,Camacho,Vanessa,vanessa.camacho379@gmail.com,9177657289,Philippines,Port Peterland,2024-09-01,False,Cebuano,PROD013
CUST00724,Sean,Davis,Tiffany,tiffany.davis394@hotmail.com,9175220368,Brunei Darussalam,South Meredith,2023-04-27,False,Cebuano,PROD010
CUST00725,Zachary,Lucero,Zachary,zachary.lucero499@gmail.com,+639177324491,Philippines,Aliciachester,2025-12-15,False,Tagalog,PROD011
CUST00726,Christopher,Williamson,Brandon,brandon.williamson553@gmail.com,9178307053,Philippines,West Anthony,2023-03-30,False,Tagalog,PROD010
CUST00727,Amanda,Williams,Amanda,amanda.williams734@outlook.com,9171767412,Philippines,Sandrafort,2023-01-12,False,English,PROD012
CUST00728,Lisa,Meyer,Lisa,lisa.meyer335@yahoo.com,9172854781,Bahamas,Lake Shannonport,2023-03-07,False,Cebuano,PROD015
CUST00729,Monica,Allen,Heather,heather.allen643@gmail.com,9170329633,Philippines,Lake Stacy,2026-04-19,False,English/Tagalog,PROD008
CUST00730,Sarah,Marshall,Sarah,sarah.marshall91@yahoo.com,+639178306178,Philippines,Johnsonshire,2024-02-02,False,Cebuano,PROD012
CUST00731,April,Cooper,April,april.cooper496@yahoo.com,(0917) 824-3477,Philippines,Amandachester,2022-11-27,False,English,PROD010
CUST00732,Corey,Williams,Corey,corey.williams458@outlook.com,009175361275,Philippines,Robertston,2024-08-17,False,English/Tagalog,PROD006
CUST00733,Katrina,Drake,Katrina,katrina.drake704@hotmail.com,009173044836,Saint Vincent and the Grenadines,Lake Carrieland,2024-08-14,False,Cebuano,PROD009
CUST00734,Michele,Davis,Michele,michele.davis267@hotmail.com,(0917) 047-3504,Philippines,West Ronaldchester,2024-01-01,False,Tagalog,PROD007
CUST00735,Kendra,Sims,Kendra,kendra.sims629@gmail.com,(0917) 952-9800,Croatia,New Renee,2025-10-13,False,Cebuano,PROD002
CUST00736,Kathryn,Hodge,Kathryn,kathryn.hodge532@gmail.com,+639173583286,Turkmenistan,New Patrick,2023-08-13,False,Cebuano,PROD005
CUST00737,Casey,Evans,Casey,casey.evans37@yahoo.com,+639170818670,Philippines,Katieside,2023-02-19,False,Tagalog,PROD005
CUST00738,Nicole,Wilson,Victor,victor.wilson387@gmail.com,(0917) 624-1118,Philippines,Burtonfurt,2024-09-14,False,Tagalog,PROD001
CUST00739,Dustin,Vaughn,Alexandra,alexandra.vaughn621@hotmail.com,(0917) 456-8044,Philippines,North Charlesmouth,2025-03-15,False,English/Tagalog,PROD004
CUST00740,Laura,Dean,Laura,laura.dean991@hotmial.com,+639176847488,Philippines,Phillipston,2022-08-21,False,English/Tagalog,PROD007
CUST00741,Tracey,Jones,Tracey,tracey.jones592@gmail.com,009170637579,Philippines,Jenniferborough,2023-01-27,False,English,PROD011
CUST00742,John,Wright,Jonathan,jonathan.wright965@yahoo.com,(0917) 793-1269,French Southern Territories,Katieshire,2024-03-09,False,Tagalog,PROD009
CUST00743,Christopher,Carrillo,Gilbert,gilbert.carrillo319@hotmail.com,009175205996,Philippines,Riveraborough,2023-12-27,False,English/Tagalog,PROD005
CUST00744,Lynn,Walker,Lynn,lynn.walker242@outlook.com,(0917) 577-8811,Philippines,Kimbury,2023-01-01,False,English,PROD012
CUST00745,Kyle,Williams,Brett,brett.williams449@gmail.com,+639171067287,Lesotho,Alyssaview,2022-11-03,False,English,PROD012
CUST00746,Isabel,Martin,Isabel,isabel.martin738@hotmail.com,+639174859592,Philippines,Angelaburgh,2022-09-25,False,Cebuano,PROD005
CUST00747,Paul,Pham,Paul,paul.pham216@outlook.com,(0917) 522-8705,Philippines,North Christopher,2023-06-17,True,English,PROD003
CUST00748,Carl,Wilson,Carl,carl.wilson97@yahoo.com,+639178751097,Philippines,Martinside,2025-03-04,False,Tagalog,PROD002
CUST00749,Jennifer,Ortiz,Jennifer,jennifer.ortiz282@gmail.com,9174694596,Philippines,Alvarezland,2023-04-09,False,English,PROD009
CUST00750,Traci,Hernandez,Traci,traci.hernandez287@gmail.com,(0917) 249-1289,Philippines,Donaldside,2025-01-10,False,Cebuano,PROD006
CUST00751,Michael,Vang,Michael,michael.vang3@hotmail.com,(0917) 331-9222,Philippines,New Jeremyland,2023-01-22,True,English,PROD014
CUST00752,Tina,Park,Emily,emily.park484@hotmail.com,(0917) 548-1386,Philippines,Abigailport,2024-08-06,False,Cebuano,PROD013
CUST00753,Danielle,Quinn,Danielle,danielle.quinn905@outlook.com,(0917) 932-4268,Philippines,Port Susanmouth,2025-12-23,False,English,PROD008
CUST00754,Jacob,Edwards,Jacob,jacob.edwards183@hotmail.com,+639170575639,Philippines,West Jordan,2025-03-05,False,English,PROD007
CUST00755,Brian,Wilkins,Mary,mary.wilkins6@outlook.com,009179451548,Philippines,New Bradleyside,2024-04-16,False,English/Tagalog,PROD010
CUST00756,Tiffany,Cortez,Tiffany,tiffany.cortez59@outlook.com,(0917) 907-9772,Moldova,West Jennifer,2023-03-15,False,English,PROD012
CUST00757,Larry,Hernandez,Kelsey,kelsey.hernandez731@gmail.com,(0917) 222-1610,Australia,Lake Meaganport,2023-02-24,False,Cebuano,PROD011
CUST00758,Amber,Garcia,Amber,amber.garcia756@yahoo.com,009170552958,Philippines,South Kellyfort,2025-08-16,False,English,PROD011
CUST00759,Benjamin,Sims,Nicholas,nicholas.sims86@yahoo.com,(0917) 270-4938,Philippines,New Stevenborough,2024-05-19,False,English,PROD003
CUST00760,Katie,Hooper,Katie,katie.hooper478@outlook.com,+639179197111,Philippines,Morrisonchester,2023-12-29,False,English,PROD012
CUST00761,Lorraine,Holloway,Lorraine,lorraine.holloway384@gmail.com,009177134324,United Kingdom,Georgefurt,2024-03-07,False,Tagalog,PROD007
CUST00762,Christopher,Sawyer,Christopher,christopher.sawyer193@hotmail.com,009174324474,Philippines,Port Joseph,2023-10-22,False,English/Tagalog,PROD008
CUST00763,Holly,Harvey,Holly,holly.harvey855@yaho.com,9179628936,Mauritania,Christopherborough,2022-12-18,False,Tagalog,PROD011
CUST00764,Corey,Sullivan,Corey,corey.sullivan792@outlok.com,+639173437401,Philippines,Kristinbury,2022-10-01,False,Cebuano,PROD008
CUST00765,Glenn,Wagner,Glenn,glenn.wagner108@gmail.com,009175026755,Monaco,New Elaineview,2024-11-26,False,English/Tagalog,PROD003
CUST00766,Kelsey,Taylor,Kelsey,kelsey.taylor632@gmail.com,9177996673,Philippines,East Trevortown,2024-05-23,False,English/Tagalog,PROD012
CUST00767,Erica,Hall,Erica,erica.hall923@yahoo.com,009178166496,Philippines,North Amy,2024-03-07,False,Tagalog,PROD003
CUST00768,Michael,Buckley,Michael,michael.buckley342@yahoo.com,+639170142576,Philippines,New Aprilland,2024-03-02,False,Tagalog,PROD008
CUST00769,Steven,Hoffman,Steven,steven.hoffman879@gmail.com,009173613285,Philippines,Taylorstad,2023-11-21,False,English/Tagalog,PROD008
CUST00770,David,Hughes,David,david.hughes852@hotmail.com,(0917) 731-6252,Philippines,Grantmouth,2024-06-25,False,English/Tagalog,PROD013
CUST00771,John,Banks,John,john.banks686@gmail.com,9179039235,Philippines,North Amber,2024-10-06,True,English/Tagalog,PROD006
CUST00772,Scott,Keller,Scott,scott.keller193@yahoo.com,+639170346156,Philippines,Gabriellaview,2025-10-22,False,English/Tagalog,PROD007
CUST00773,Jennifer,Norris,Nancy,nancy.norris408@hotmail.com,009178171516,Philippines,Lake Alexa,2024-05-31,False,English/Tagalog,PROD003
CUST00774,Julia,Clark,Julia,julia.clark983@gmail.com,(0917) 660-4641,Philippines,West Joseph,2025-01-04,False,Cebuano,PROD009
CUST00775,Cory,Schwartz,Cory,cory.schwartz184@outlook.com,9176861205,Philippines,Wilsonmouth,2025-10-24,False,English/Tagalog,PROD004
CUST00776,Scott,Walsh,Scott,scott.walsh125@hotmail.com,(0917) 775-0954,Philippines,Rivaston,2023-05-05,False,English,PROD006
CUST00777,Heather,Arnold,Heather,heather.arnold428@yahoo.com,9170754091,Philippines,Lake Kathryntown,2023-01-06,False,Tagalog,PROD012
CUST00778,Bradley,Allen,Todd,todd.allen149@gmail.com,(0917) 764-5793,Philippines,New Christopherstad,2023-07-28,False,Tagalog,PROD001
CUST00779,Jodi,Jackson,Jodi,jodi.jackson743@gmail.com,9171546602,Philippines,Hartland,2025-12-03,False,English/Tagalog,PROD012
CUST00780,Jeremy,Parks,Jeremy,jeremy.parks311@yahoo.com,(0917) 988-3059,Micronesia,West Calvinmouth,2022-10-18,False,Tagalog,PROD004
CUST00781,Monique,Scott,Monique,monique.scott932@gmail.com,(0917) 244-0630,Philippines,Thomastown,2022-10-10,False,Cebuano,PROD011
CUST00782,Cassandra,Thomas,Robert,robert.thomas333@yaho.com,(0917) 319-4979,Philippines,Kendraberg,2022-12-24,False,English/Tagalog,PROD011
CUST00783,Melinda,Stevens,Melinda,melinda.stevens328@gmail.com,+639175727738,Philippines,Wilsonville,2022-12-07,False,English,PROD011
CUST00784,Connie,Hanson,Connie,connie.hanson766@outlok.com,009178544577,Philippines,Lake Autumnfort,2026-01-04,False,Cebuano,PROD003
CUST00785,Michael,Holloway,Michael,michael.holloway24@hotmail.com,(0917) 487-3682,Reunion,Johnschester,2024-08-08,False,English/Tagalog,PROD010
CUST00786,Alejandro,Walker,Alejandro,alejandro.walker183@gmail.com,9172686536,Sri Lanka,Margaretton,2024-11-15,False,Cebuano,PROD006
CUST00787,Nicole,Rivera,Nicole,nicole.rivera414@hotmail.com,9177747226,Philippines,Carrollshire,2025-08-28,False,English/Tagalog,PROD001
CUST00788,Richard,Bentley,Richard,richard.bentley669@gmail.com,+639176663093,Philippines,Jensenhaven,2025-12-02,False,English/Tagalog,PROD010
CUST00789,Crystal,Shelton,Crystal,crystal.shelton171@outlook.com,+639179715096,Congo,Port Christopher,2023-05-27,False,Tagalog,PROD014
CUST00790,Troy,Mitchell,Ashley,ashley.mitchell301@yahoo.com,(0917) 103-9773,Mayotte,Jefferyton,2024-07-16,False,English,PROD004
CUST00791,Anna,Boyle,Anna,anna.boyle931@outlook.com,(0917) 237-1006,Philippines,Jonathanshire,2023-06-21,False,Cebuano,PROD014
CUST00792,Carol,Williamson,Carol,carol.williamson622@gmail.com,009178077046,Philippines,Jesusberg,2022-12-18,False,English/Tagalog,PROD006
CUST00793,Jimmy,White,Jimmy,jimmy.white868@gmail.com,+639174912565,Philippines,Marytown,2025-04-12,False,Cebuano,PROD015
CUST00794,Sean,Weaver,Angela,angela.weaver727@gmail.com,(0917) 734-5475,Philippines,New Johntown,2023-04-11,False,English,PROD012
CUST00795,Joshua,Willis,Joshua,joshua.willis27@yahoo.com,9173595442,Liberia,South Brittany,2023-09-09,False,Tagalog,PROD008
CUST00796,Craig,Jenkins,Craig,craig.jenkins300@yahoo.com,+639176430394,Philippines,Annaville,2025-10-26,False,English/Tagalog,PROD010
CUST00797,Michele,Jordan,Michele,michele.jordan660@yahoo.com,(0917) 298-5856,Philippines,North Bryceview,2023-09-24,False,Tagalog,PROD011
CUST00798,Richard,Bishop,Richard,richard.bishop970@hotmial.com,9171534332,Singapore,North Ryanshire,2022-07-26,False,Tagalog,PROD010
CUST00799,Mark,Caldwell,Mark,mark.caldwell654@hotmail.com,009170833506,Philippines,Wardland,2024-01-20,False,English,PROD006
CUST00800,Kimberly,Hopkins,Kimberly,kimberly.hopkins536@gmail.com,+639173342337,Panama,Harrisonburgh,2025-03-15,False,Cebuano,PROD001
CUST00801,Karen,Matthews,Elijah,elijah.matthews940@yahoo.com,+639171284033,Congo,Port Kristinshire,2023-06-07,False,English,PROD010
CUST00802,Sheila,Butler,Sheila,sheila.butler650@gmail.com,+639171371717,Philippines,Cainberg,2024-12-15,False,English/Tagalog,PROD002
CUST00803,Christopher,Torres,Christopher,christopher.torres882@gmail.com,9171739970,Philippines,Leachfort,2025-04-08,False,Tagalog,PROD013
CUST00804,Daniel,Cox,Daniel,daniel.cox975@hotmail.com,9174483548,Philippines,Teresaport,2025-11-10,False,Tagalog,PROD011
CUST00805,Sharon,Garcia,Sharon,sharon.garcia522@outlook.com,009177722164,Palestinian Territory,Watsonport,2024-12-30,False,Tagalog,PROD015
CUST00806,Brittany,Hester,Marcus,marcus.hester219@gmail.com,9174845871,Philippines,Port William,2026-03-05,False,Tagalog,PROD015
CUST00807,Tonya,Randall,Tonya,tonya.randall805@yahoo.com,(0917) 229-2587,Nepal,Boyerchester,2023-04-03,False,Cebuano,PROD013
CUST00808,Jessica,Roberts,Jessica,jessica.roberts314@outlook.com,(0917) 555-7469,Philippines,Julieberg,2024-03-28,False,English/Tagalog,PROD013
CUST00809,Lori,Hamilton,Taylor,taylor.hamilton825@hotmail.com,9172740334,Philippines,North Christopherberg,2025-05-10,False,English/Tagalog,PROD014
CUST00810,Tracey,Alexander,Tracey,tracey.alexander633@yahoo.com,9178741132,Philippines,South Matthewtown,2023-12-13,False,English/Tagalog,PROD012
CUST00811,Kenneth,Reed,Kenneth,kenneth.reed400@gmail.com,009177349960,Philippines,South Crystal,2024-03-18,False,Cebuano,PROD001
CUST00812,Colton,Benjamin,Colton,colton.benjamin138@outlook.com,+639171562294,Philippines,Johnathanton,2025-03-13,False,Cebuano,PROD009
CUST00813,Lindsey,Hammond,Lindsey,lindsey.hammond144@outlook.com,(0917) 155-7325,Philippines,Johnstonhaven,2022-08-25,False,Cebuano,PROD004
CUST00814,Jason,Torres,Jason,jason.torres658@gmail.com,9176667080,Philippines,New Jennifer,2023-07-02,False,Cebuano,PROD001
CUST00815,Michelle,Smith,Michelle,michelle.smith342@hotmail.com,+639171191818,Philippines,West Brandymouth,2023-08-16,False,English/Tagalog,PROD013
CUST00816,Ashley,Jordan,Ashley,ashley.jordan786@yahoo.com,+639176477251,Philippines,Elizabethside,2024-06-11,False,English/Tagalog,PROD011
CUST00817,Shane,Henderson,Shane,shane.henderson7@hotmail.com,+639179600356,Turks and Caicos Islands,South Matthewborough,2026-03-19,False,Cebuano,PROD005
CUST00818,Joshua,Green,Joshua,joshua.green589@yahoo.com,+639175923234,Philippines,Mayofort,2023-12-01,False,English,PROD002
CUST00819,Jonathan,Shaw,Jonathan,jonathan.shaw336@outlook.com,9175333426,Ghana,Anthonyfort,2026-01-17,False,Cebuano,PROD004
CUST00820,Shannon,Bennett,Holly,holly.bennett971@hotmail.com,(0917) 607-3607,Philippines,East Robertport,2023-03-02,False,English,PROD007
CUST00821,Rachel,Torres,Michael,michael.torres593@yahoo.com,9178123179,Falkland Islands (Malvinas),Sharonstad,2022-10-07,False,Tagalog,PROD012
CUST00822,John,Webb,John,john.webb521@outlook.com,009171700666,Philippines,West Robertberg,2025-05-13,False,English,PROD006
CUST00823,Jennifer,Mullins,Jennifer,jennifer.mullins719@outlook.com,+639171670450,Philippines,Port Adriennestad,2025-11-09,False,Tagalog,PROD014
CUST00824,Mary,Torres,Mary,mary.torres781@yahoo.com,(0917) 009-3459,Philippines,East John,2023-12-05,False,Tagalog,PROD014
CUST00825,Elizabeth,Snyder,Elizabeth,elizabeth.snyder948@yahoo.com,9171207346,Dominican Republic,New Melissa,2023-02-23,False,English,PROD015
CUST00826,Zachary,Edwards,Zachary,zachary.edwards482@outlok.com,+639170260869,Philippines,Fowlermouth,2025-07-12,False,Tagalog,PROD003
CUST00827,James,Callahan,Alexander,alexander.callahan488@gmail.com,9177687290,Philippines,Gonzalesfurt,2025-01-29,False,Tagalog,PROD008
CUST00828,Crystal,Wright,Crystal,crystal.wright685@outlook.com,+639171779323,Vietnam,Zacharyberg,2026-03-17,False,English,PROD013
CUST00829,Alexis,Castillo,Alexis,alexis.castillo630@hotmail.com,(0917) 133-4245,Philippines,New Kimberlyfort,2023-03-07,False,Cebuano,PROD011
CUST00830,Eric,Lindsey,Eric,eric.lindsey384@yahoo.com,009172906032,Philippines,Lake Jodimouth,2025-08-03,False,Tagalog,PROD003
CUST00831,Cynthia,Dunlap,Clinton,clinton.dunlap493@outlok.com,(0917) 753-9673,Philippines,Port Seanfurt,2023-01-20,False,Cebuano,PROD010
CUST00832,Adam,Williams,Adam,adam.williams914@outlook.com,9172457871,Philippines,Port Brandonton,2025-05-03,True,Cebuano,PROD013
CUST00833,James,Robertson,James,james.robertson130@gmail.com,+639171371184,Philippines,Andreaborough,2023-08-10,False,English,PROD014
CUST00834,Tony,Jackson,Tony,tony.jackson964@yahoo.com,+639178323035,Palestinian Territory,Martinezchester,2024-11-01,False,Cebuano,PROD010
CUST00835,Jimmy,Payne,Jimmy,jimmy.payne103@yahoo.com,+639172932896,Philippines,Aprilfurt,2025-09-20,False,English/Tagalog,PROD005
CUST00836,Sarah,Aguirre,Sarah,sarah.aguirre480@hotmail.com,9175240148,Pakistan,Port Alexis,2022-12-19,False,English,PROD004
CUST00837,Kayla,Parrish,Robert,robert.parrish493@hotmail.com,+639172362669,Saint Helena,West Alexa,2024-02-01,True,Cebuano,PROD004
CUST00838,Louis,Smith,Anthony,anthony.smith758@hotmail.com,009179237245,Philippines,East Marychester,2023-10-20,False,English,PROD011
CUST00839,Justin,Taylor,Justin,justin.taylor449@hotmail.com,9174189721,Philippines,Sloanfurt,2023-07-10,False,English/Tagalog,PROD015
CUST00840,Kristin,Orozco,Kristin,kristin.orozco478@outlook.com,009176927438,Yemen,Jonfurt,2024-06-29,False,Cebuano,PROD002
CUST00841,Denise,Evans,Denise,denise.evans987@hotmail.com,9176601444,Philippines,East Garyville,2023-02-22,False,Cebuano,PROD007
CUST00842,Harold,Castillo,Elizabeth,elizabeth.castillo498@gmail.com,009173973964,Cape Verde,East Kristin,2023-05-30,False,English/Tagalog,PROD013
CUST00843,Anthony,Ross,Anthony,anthony.ross111@hotmial.com,(0917) 919-1135,Philippines,Snyderfurt,2025-03-14,False,Cebuano,PROD014
CUST00844,George,Fernandez,George,george.fernandez588@hotmail.com,+639178066039,Philippines,Brentmouth,2025-02-06,False,Cebuano,PROD001
CUST00845,Paul,Clay,Paul,paul.clay870@gmail.com,009174555347,Philippines,Vanessaburgh,2025-11-20,False,Cebuano,PROD006
CUST00846,Jason,Conway,Jason,jason.conway790@yahoo.com,9178565271,Philippines,East Lauren,2025-09-27,False,Tagalog,PROD006
CUST00847,Sandra,Lawrence,Sandra,sandra.lawrence740@outlook.com,+639171659726,Vietnam,North Zachary,2023-08-05,False,Cebuano,PROD005
CUST00848,Thomas,Estrada,Thomas,thomas.estrada983@outlook.com,9172501394,Philippines,New Kent,2023-01-24,False,English,PROD013
CUST00849,Sharon,Melendez,David,david.melendez937@gmail.com,+639176425856,Philippines,North Michelle,2023-10-27,False,Cebuano,PROD015
CUST00850,Suzanne,Briggs,Suzanne,suzanne.briggs231@gmail.com,(0917) 703-8240,Cocos (Keeling) Islands,Torresville,2024-12-29,False,Tagalog,PROD004
CUST00851,Madison,Jensen,Madison,madison.jensen222@hotmail.com,(0917) 204-3097,Philippines,East Nathanfurt,2025-10-22,False,Tagalog,PROD007
CUST00852,Timothy,Gonzales,Timothy,timothy.gonzales910@hotmail.com,+639176454655,Philippines,New Brittneyland,2022-11-10,True,Tagalog,PROD006
CUST00853,Charles,Guzman,Charles,charles.guzman593@yahoo.com,+639172187851,Philippines,West Brianmouth,2024-12-26,False,Tagalog,PROD012
CUST00854,Barbara,Vega,Barbara,barbara.vega449@gmail.com,(0917) 796-1208,Philippines,Jessicamouth,2026-02-14,False,English/Tagalog,PROD009
CUST00855,Miranda,Jones,Miranda,miranda.jones363@yaho.com,(0917) 149-4097,Venezuela,Crawfordstad,2025-04-04,False,English/Tagalog,PROD012
CUST00856,Stephanie,Richmond,Stephanie,stephanie.richmond714@hotmail.com,9174539862,Philippines,Port Kimberlychester,2025-08-16,False,Cebuano,PROD014
CUST00857,Kelly,Myers,Kelly,kelly.myers543@gmail.com,009176233922,Guinea,Dianebury,2023-08-24,False,Cebuano,PROD011
CUST00858,Julian,Ramos,Nancy,nancy.ramos972@hotmail.com,009176667252,Philippines,New Jasonview,2025-10-26,False,Cebuano,PROD005
CUST00859,Scott,Hill,Scott,scott.hill206@yahoo.com,9173515718,Suriname,South Kristineborough,2023-01-18,True,English,PROD001
CUST00860,Catherine,Turner,Catherine,catherine.turner987@gmail.com,9178005640,Philippines,Donnaberg,2023-02-04,False,English/Tagalog,PROD014
CUST00861,Nicolas,Sanchez,Leah,leah.sanchez100@yahoo.com,+639172959272,India,Lake Julieview,2022-10-03,True,English,PROD014
CUST00862,Allen,Ray,Allen,allen.ray320@gmail.com,009174152982,Philippines,West Teresa,2024-03-19,False,Cebuano,PROD008
CUST00863,Julia,Vasquez,Julia,julia.vasquez967@hotmail.com,+639171815352,Philippines,Lake Cherylfort,2026-04-12,False,English,PROD014
CUST00864,Phillip,Nelson,Phillip,phillip.nelson932@hotmail.com,(0917) 918-1589,Philippines,Port Jenniferhaven,2023-05-05,False,Cebuano,PROD013
CUST00865,Yvonne,Matthews,Michael,michael.matthews642@yahoo.com,(0917) 666-6170,Philippines,New Jeffreyshire,2025-12-25,False,English/Tagalog,PROD002
CUST00866,Heather,Robbins,Heather,heather.robbins716@outlook.com,+639170803149,Philippines,Harrisonshire,2022-09-25,True,English,PROD011
CUST00867,Rachel,Holland,Justin,justin.holland361@outlook.com,9178068828,Philippines,Fischerstad,2022-10-18,False,English,PROD011
CUST00868,Debbie,Andrade,Debbie,debbie.andrade730@yahoo.com,009175137399,Sudan,Laurastad,2026-02-26,False,English,PROD001
CUST00869,Anthony,Wilkerson,Anthony,anthony.wilkerson676@gmail.com,+639175263560,Philippines,West Brian,2023-06-17,False,Cebuano,PROD003
CUST00870,Kristy,Combs,Kristy,kristy.combs728@hotmail.com,(0917) 434-6066,Algeria,New Mathew,2025-01-25,False,English/Tagalog,PROD005
CUST00871,Craig,Hughes,Craig,craig.hughes405@gmail.com,+639170723111,Norfolk Island,South Joshuabury,2024-11-04,True,Cebuano,PROD015
CUST00872,David,Ramirez,Crystal,crystal.ramirez733@outlook.com,009176484494,Philippines,Lake Samantha,2023-10-09,False,Tagalog,PROD013
CUST00873,Katelyn,Johnson,Katelyn,katelyn.johnson531@hotmail.com,(0917) 077-1130,Philippines,Dorothymouth,2025-11-04,False,English,PROD003
CUST00874,James,Smith,James,james.smith147@outlook.com,009177908335,Philippines,Port Amy,2026-03-09,False,Cebuano,PROD010
CUST00875,Brian,Smith,Brian,brian.smith924@outlook.com,+639170662481,Philippines,West Holly,2022-09-29,False,English/Tagalog,PROD003
CUST00876,Ethan,Rodriguez,Andrea,andrea.rodriguez252@hotmial.com,9179848228,Philippines,Stephanieville,2025-11-04,True,English,PROD001
CUST00877,Justin,Valdez,Justin,justin.valdez330@yahoo.com,009175021306,Philippines,Port Cassandratown,2026-05-13,False,English,PROD010
CUST00878,Alan,Gill,Alan,alan.gill76@gmail.com,(0917) 079-6496,United States Minor Outlying Islands,New Eric,2024-06-23,False,Cebuano,PROD015
CUST00879,Lauren,Choi,Lauren,lauren.choi921@hotmail.com,+639172785324,Palestinian Territory,Dianeburgh,2022-08-02,False,Cebuano,PROD007
CUST00880,Darren,Shields,Darren,darren.shields148@hotmail.com,9170768362,Bouvet Island (Bouvetoya),Lake Michaelside,2025-08-04,False,English/Tagalog,PROD004
CUST00881,Kathleen,Jackson,Kathleen,kathleen.jackson398@hotmail.com,+639177555628,Philippines,Langview,2025-12-28,False,Tagalog,PROD004
CUST00882,Elizabeth,Powell,Elizabeth,elizabeth.powell562@outlook.com,009176543627,Philippines,South Gregory,2025-07-11,False,English/Tagalog,PROD009
CUST00883,Ricardo,Gordon,Erika,erika.gordon912@yahoo.com,+639172686270,Philippines,Alvarezside,2025-02-04,False,Tagalog,PROD007
CUST00884,Cynthia,Palmer,Cynthia,cynthia.palmer325@yahoo.com,009177327599,Philippines,Shawnberg,2025-01-18,True,English,PROD011
CUST00885,Tonya,Alvarado,Andrew,andrew.alvarado93@gmail.com,9175532341,Senegal,Powellview,2025-01-07,False,English/Tagalog,PROD010
CUST00886,Michelle,Olsen,Michelle,michelle.olsen104@yahoo.com,(0917) 822-2618,Philippines,West Wayneside,2025-05-15,False,Cebuano,PROD003
CUST00887,Katrina,White,Katrina,katrina.white680@yahoo.com,(0917) 271-0267,Philippines,Yorkburgh,2025-10-07,True,Cebuano,PROD008
CUST00888,Jeffrey,Khan,Jeffrey,jeffrey.khan21@yahoo.com,+639177955151,Philippines,East Michelle,2024-10-01,False,Tagalog,PROD003
CUST00889,Donna,Diaz,Luke,luke.diaz329@yahoo.com,(0917) 415-9709,Philippines,Sarahside,2023-04-07,False,Cebuano,PROD003
CUST00890,Dana,Gregory,Dana,dana.gregory928@gmail.com,9172034476,Philippines,Jenkinsbury,2024-01-07,False,English/Tagalog,PROD001
CUST00891,Jessica,Jones,Jessica,jessica.jones134@outlook.com,(0917) 909-0463,Philippines,North Jerome,2023-08-23,False,Cebuano,PROD007
CUST00892,Kelsey,Robinson,Kelsey,kelsey.robinson525@outlook.com,+639176652548,Philippines,New Michelle,2025-10-01,False,English/Tagalog,PROD008
CUST00893,Gregory,Kelly,Gregory,gregory.kelly936@gmail.com,009175810213,Philippines,Loriside,2025-01-10,False,Tagalog,PROD003
CUST00894,Jade,Berry,Jade,jade.berry14@gmial.com,009175912975,Philippines,Bentonchester,2025-06-07,False,Tagalog,PROD010
CUST00895,Robert,Garcia,Robert,robert.garcia736@gmail.com,(0917) 106-3301,Philippines,Jamesville,2026-01-01,False,Tagalog,PROD006
CUST00896,Judy,Johnson,Judy,judy.johnson191@hotmail.com,009177490728,Philippines,East Nicholas,2023-04-18,False,Tagalog,PROD002
CUST00897,Dylan,Ramirez,Dylan,dylan.ramirez720@yahoo.com,9171325326,Philippines,West Richardchester,2023-08-20,False,Tagalog,PROD010
CUST00898,Elizabeth,Cook,Elizabeth,elizabeth.cook544@outlook.com,(0917) 044-2101,Sierra Leone,Port Deanna,2023-07-05,True,English/Tagalog,PROD006
CUST00899,Troy,Lee,Carl,carl.lee763@hotmial.com,9171595919,Samoa,South Mario,2023-07-08,False,English/Tagalog,PROD012
CUST00900,Pam,Miller,Pam,pam.miller321@outlook.com,(0917) 833-9205,Tanzania,South Williammouth,2024-09-15,False,English/Tagalog,PROD008
CUST00901,Dennis,Scott,Dennis,dennis.scott146@hotmail.com,(0917) 660-2562,Philippines,North Clinton,2023-02-08,False,Tagalog,PROD006
CUST00902,Haley,Lewis,Jessica,jessica.lewis17@yahoo.com,(0917) 672-4530,Philippines,Valeriemouth,2025-01-11,False,Cebuano,PROD007
CUST00903,Stephanie,Garcia,Stephanie,stephanie.garcia512@hotmail.com,009176627051,Sri Lanka,Phillipsport,2026-01-25,False,Tagalog,PROD006
CUST00904,Victoria,Gutierrez,Victoria,victoria.gutierrez427@hotmail.com,(0917) 704-2549,Philippines,New Melodytown,2024-03-02,False,Cebuano,PROD010
CUST00905,Alexandra,Shelton,Alexandra,alexandra.shelton885@outlook.com,9172597107,Philippines,Thomaston,2023-02-10,False,Tagalog,PROD007
CUST00906,Dawn,Yang,Dawn,dawn.yang924@outlook.com,+639177485953,Gambia,Lake Jenniferland,2023-09-20,False,Tagalog,PROD006
CUST00907,Sydney,Robertson,Sydney,sydney.robertson256@yahoo.com,(0917) 797-0581,Philippines,Wisetown,2025-08-01,False,English/Tagalog,PROD013
CUST00908,Jeffrey,Jones,Jeffrey,jeffrey.jones399@outlok.com,+639173425073,Philippines,Campbellberg,2022-08-18,False,English/Tagalog,PROD011
CUST00909,Glenda,Herrera,Glenda,glenda.herrera497@outlook.com,009175983399,Antarctica (the territory South of 60 deg S),West Jamesbury,2024-06-10,False,Tagalog,PROD005
CUST00910,Joseph,Le,Joseph,joseph.le386@outlook.com,009176044324,Philippines,South Jamieview,2025-12-23,False,English,PROD001
CUST00911,Rhonda,Scott,Rhonda,rhonda.scott392@yahoo.com,(0917) 829-7514,Philippines,Port Taylorbury,2022-10-23,False,Cebuano,PROD005
CUST00912,Travis,Smith,Hector,hector.smith18@yahoo.com,9171058752,British Virgin Islands,West Courtney,2023-08-19,False,English/Tagalog,PROD014
CUST00913,Brandon,Garcia,Brandon,brandon.garcia628@hotmail.com,009170459908,Suriname,Huffmanfort,2025-04-09,False,English,PROD012
CUST00914,Jeffrey,Robbins,Jeffrey,jeffrey.robbins536@yahoo.com,(0917) 231-5551,Lao People's Democratic Republic,West Natashashire,2023-09-13,False,English,PROD006
CUST00915,Ryan,Wallace,Ryan,ryan.wallace562@hotmail.com,+639171372143,Philippines,Port Brenda,2024-09-30,False,English,PROD001
CUST00916,Julie,Willis,Julie,julie.willis44@yahoo.com,(0917) 332-2855,Philippines,Sarahaven,2023-11-15,False,Cebuano,PROD013
CUST00917,Ashley,Torres,Ashley,ashley.torres42@hotmail.com,009173903397,North Macedonia,Martinborough,2025-03-21,False,Cebuano,PROD006
CUST00918,Jennifer,Butler,Jennifer,jennifer.butler156@yahoo.com,(0917) 809-4485,Ukraine,Samuelland,2022-10-17,False,Cebuano,PROD003
CUST00919,Ann,Jones,Ann,ann.jones403@outlook.com,(0917) 147-0798,Philippines,Robertsmouth,2024-04-05,True,English,PROD004
CUST00920,Theodore,Harris,Theodore,theodore.harris584@yahoo.com,+639174394570,American Samoa,Port Sabrinamouth,2024-02-11,False,Tagalog,PROD010
CUST00921,Michael,Haynes,Michael,michael.haynes850@outlok.com,(0917) 253-7657,South Africa,West Daniel,2024-01-18,False,English/Tagalog,PROD010
CUST00922,Keith,Benson,Keith,keith.benson684@outlook.com,009173191009,Philippines,Lake Michael,2023-05-12,False,English,PROD014
CUST00923,Heather,Watkins,Heather,heather.watkins985@hotmail.com,9172105336,Philippines,North Jorgeville,2023-06-14,False,Cebuano,PROD002
CUST00924,Cynthia,Pierce,Cynthia,cynthia.pierce270@gmail.com,009177310720,Sudan,Amybury,2025-10-16,False,Cebuano,PROD002
CUST00925,Michelle,Blanchard,Michelle,michelle.blanchard709@hotmial.com,(0917) 231-6600,Netherlands Antilles,Jacksonhaven,2022-10-09,False,English,PROD007
CUST00926,Thomas,Lawrence,Thomas,thomas.lawrence983@gmail.com,+639174473404,Philippines,Douglasfort,2026-02-04,False,English,PROD004
CUST00927,Jill,Gross,Jill,jill.gross720@hotmail.com,9177304519,Bhutan,Dianeland,2023-12-19,False,Cebuano,PROD008
CUST00928,Jeanette,Mendoza,Jeanette,jeanette.mendoza554@outlook.com,9172556296,Brazil,East Nancy,2023-02-23,False,Tagalog,PROD008
CUST00929,Timothy,Mitchell,Timothy,timothy.mitchell418@hotmail.com,9175619425,Philippines,New Meredithshire,2022-09-03,False,Tagalog,PROD011
CUST00930,Jeffery,Ramirez,Jeffery,jeffery.ramirez881@outlook.com,+639172958292,Philippines,Hubbardmouth,2023-03-11,False,English/Tagalog,PROD014
CUST00931,Debbie,Davis,Debbie,debbie.davis590@gmail.com,009170482357,Saint Barthelemy,South Cory,2023-04-23,False,English/Tagalog,PROD006
CUST00932,Courtney,Thompson,Courtney,courtney.thompson360@hotmail.com,009176137230,Philippines,Port Diane,2024-12-27,True,Cebuano,PROD008
CUST00933,Alan,Gray,Alan,alan.gray215@hotmail.com,009178130004,Philippines,Mccormickmouth,2026-03-01,False,English,PROD004
CUST00934,Tammy,Jones,Maria,maria.jones433@hotmail.com,9175609456,Philippines,Saundershaven,2026-02-23,False,English/Tagalog,PROD004
CUST00935,Amanda,Jennings,Amanda,amanda.jennings33@gmail.com,009177550476,Philippines,Laraville,2025-10-02,False,Cebuano,PROD007
CUST00936,Kelly,Griffin,Kelly,kelly.griffin390@hotmail.com,009170717481,British Virgin Islands,Georgeview,2023-07-02,False,English,PROD004
CUST00937,Jenna,Martinez,Jenna,jenna.martinez481@outlook.com,(0917) 054-8739,Philippines,North Kimberlyberg,2023-07-17,False,English,PROD002
CUST00938,Jeffrey,Parker,Jeffrey,jeffrey.parker186@hotmial.com,009177496804,Philippines,Lake Anthonyton,2025-11-03,False,English/Tagalog,PROD012
CUST00939,Emily,White,Emily,emily.white616@yaho.com,(0917) 561-2137,Philippines,Matthewland,2025-01-14,False,Tagalog,PROD004
CUST00940,Eric,Pratt,Eric,eric.pratt229@gmail.com,+639175973711,Philippines,East Joelburgh,2025-05-24,False,English,PROD003
CUST00941,Rhonda,Grant,Rhonda,rhonda.grant441@outlook.com,009170858167,Philippines,South Matthewberg,2025-08-13,False,English,PROD005
CUST00942,Andrew,Smith,David,david.smith681@outlook.com,009175768321,Philippines,Deanland,2026-04-13,False,Tagalog,PROD003
CUST00943,Amanda,Lucas,Amanda,amanda.lucas490@outlook.com,+639171296180,Philippines,Danielmouth,2023-05-26,False,English/Tagalog,PROD004
CUST00944,Angela,Smith,Kevin,kevin.smith13@gmail.com,+639171849804,Bhutan,Stephanieton,2025-05-30,False,Tagalog,PROD006
CUST00945,Laurie,Edwards,Sara,sara.edwards220@hotmail.com,+639171268812,Philippines,Nicholehaven,2025-01-01,False,English,PROD014
CUST00946,Michael,Rivera,Michael,michael.rivera253@gmail.com,009176534606,Philippines,New Ashleymouth,2026-02-28,False,Tagalog,PROD014
CUST00947,Katie,Miller,Katie,katie.miller621@outlook.com,+639173279862,Philippines,East Josephtown,2025-04-09,False,English,PROD010
CUST00948,Julie,Quinn,Julie,julie.quinn576@gmail.com,(0917) 120-5464,Serbia,Lake Charlesshire,2022-07-24,False,Cebuano,PROD011
CUST00949,Madison,Gay,Madison,madison.gay876@outlook.com,+639177876989,Philippines,Taylormouth,2025-10-04,False,Cebuano,PROD008
CUST00950,Stacie,Turner,Stacie,stacie.turner275@gmail.com,+639174498355,Philippines,West Wanda,2023-11-24,False,Tagalog,PROD010
CUST00951,Rhonda,Caldwell,Rhonda,rhonda.caldwell613@hotmail.com,9176392435,Greenland,New Cindystad,2023-07-09,False,Tagalog,PROD004
CUST00952,Richard,Edwards,Peggy,peggy.edwards211@outlook.com,(0917) 952-7536,Philippines,Higginsshire,2024-12-22,False,Cebuano,PROD012
CUST00953,Dawn,Blackburn,Betty,betty.blackburn990@gmail.com,(0917) 686-0134,Albania,Sanchezview,2023-08-26,False,Cebuano,PROD008
CUST00954,James,Hampton,James,james.hampton53@hotmail.com,9176791766,Philippines,North Annberg,2023-12-29,False,English,PROD002
CUST00955,Jonathan,Wilcox,Laura,laura.wilcox562@gmail.com,009178421630,Philippines,Lake Leslie,2024-06-15,False,Cebuano,PROD001
CUST00956,Adrian,Perry,Adrian,adrian.perry634@yahoo.com,009179948532,Philippines,Baileyberg,2024-10-18,False,Tagalog,PROD009
CUST00957,Jacqueline,Green,Jacqueline,jacqueline.green632@hotmail.com,009170219947,Philippines,North Anthonyport,2024-06-28,False,Tagalog,PROD002
CUST00958,Amanda,Dyer,Amanda,amanda.dyer940@yahoo.com,(0917) 341-0346,Philippines,North Charlesview,2025-05-25,False,English,PROD008
CUST00959,Frances,Williams,Frances,frances.williams757@hotmail.com,(0917) 696-0843,Northern Mariana Islands,Port Robertmouth,2025-09-13,False,Cebuano,PROD007
CUST00960,Andrew,Kane,Donald,donald.kane622@hotmail.com,(0917) 352-1962,Philippines,New Nancy,2024-09-20,False,Cebuano,PROD004
CUST00961,Kevin,Caldwell,Kevin,kevin.caldwell389@outlook.com,009179709317,Philippines,Manningberg,2025-07-09,False,English,PROD007
CUST00962,Kristy,Andrews,Kristy,kristy.andrews92@hotmail.com,(0917) 645-3454,Philippines,South Christopher,2024-03-15,False,Tagalog,PROD003
CUST00963,Jeffrey,Powell,Jeffrey,jeffrey.powell779@hotmail.com,9173121980,Philippines,East Erica,2024-02-25,False,Tagalog,PROD002
CUST00964,Marcus,Kramer,Marcus,marcus.kramer938@hotmail.com,+639172364281,Philippines,Longhaven,2024-09-05,True,Tagalog,PROD014
CUST00965,Jimmy,Burgess,Jimmy,jimmy.burgess917@hotmail.com,009172303911,Burundi,Kerrfort,2022-09-03,False,English,PROD005
CUST00966,Miguel,Johnson,Miguel,miguel.johnson157@outlook.com,009178230524,Philippines,Williamsfort,2024-11-21,True,Tagalog,PROD009
CUST00967,Andrea,Martin,Michael,michael.martin136@hotmail.com,(0917) 395-9473,Antigua and Barbuda,Hodgesbury,2025-08-11,False,Tagalog,PROD003
CUST00968,Melissa,Johnson,Melissa,melissa.johnson387@gmial.com,(0917) 204-7876,Philippines,North Tylerfort,2025-12-05,False,Cebuano,PROD015
CUST00969,Chris,Lowe,Chris,chris.lowe537@hotmail.com,009176287203,Brazil,Gillhaven,2024-01-05,False,English,PROD010
CUST00970,Lawrence,Armstrong,Lawrence,lawrence.armstrong307@hotmail.com,(0917) 505-7303,Philippines,Moonport,2024-04-12,False,Tagalog,PROD013
CUST00971,Krista,Nguyen,Krista,krista.nguyen146@outlook.com,(0917) 037-4767,Rwanda,Onealville,2026-02-05,False,English/Tagalog,PROD006
CUST00972,Kim,Wade,Kim,kim.wade919@yahoo.com,(0917) 145-0576,Philippines,Tiffanyhaven,2022-10-14,False,English/Tagalog,PROD002
CUST00973,Joseph,Matthews,Emily,emily.matthews340@hotmial.com,9173482012,Philippines,Josephport,2026-01-25,False,Cebuano,PROD001
CUST00974,Zachary,Kane,Jacob,jacob.kane628@hotmail.com,009177595450,Philippines,Thomasburgh,2023-11-19,False,English,PROD015
CUST00975,Karen,Price,Karen,karen.price158@gmail.com,009176574223,Philippines,East Alexshire,2022-09-12,False,English,PROD010
CUST00976,Brittany,Bonilla,Angela,angela.bonilla200@gmail.com,9176936268,Philippines,Jessicamouth,2023-12-12,False,Tagalog,PROD015
CUST00977,Meagan,Munoz,Meagan,meagan.munoz806@outlook.com,(0917) 137-2711,Iceland,Port Lisatown,2026-01-12,False,Cebuano,PROD013
CUST00978,Anthony,Scott,Anthony,anthony.scott562@outlook.com,+639175582984,Cameroon,Floresstad,2023-06-13,False,Cebuano,PROD004
CUST00979,Brenda,Bowman,Brenda,brenda.bowman742@outlook.com,+639176094412,Grenada,North Jillchester,2026-03-05,False,Tagalog,PROD014
CUST00980,Matthew,Russell,Matthew,matthew.russell715@yahoo.com,9178856669,Philippines,Youngport,2024-03-25,False,English/Tagalog,PROD005
CUST00981,Franklin,Richardson,Franklin,franklin.richardson949@gmail.com,009170666267,Korea,Markstad,2024-08-24,False,Tagalog,PROD006
CUST00982,Michelle,Young,Michelle,michelle.young406@hotmail.com,+639179366343,Philippines,Hartmouth,2026-03-15,False,English/Tagalog,PROD006
CUST00983,Sharon,Duncan,Sharon,sharon.duncan816@gmial.com,009170286712,Philippines,Dukeborough,2022-08-08,True,Cebuano,PROD001
CUST00984,Katie,Oliver,Katie,katie.oliver941@outlook.com,009175910245,San Marino,Williamsbury,2026-04-04,False,English,PROD001
CUST00985,Edward,Russell,Edward,edward.russell919@yahoo.com,009176714949,Philippines,Dariusborough,2022-09-25,False,English/Tagalog,PROD014
CUST00986,Shirley,Simmons,Shirley,shirley.simmons795@outlook.com,(0917) 817-9340,Philippines,Ericchester,2023-02-07,False,English/Tagalog,PROD014
CUST00987,Kyle,Butler,Kyle,kyle.butler314@outlook.com,+639174663453,Philippines,East Timothyshire,2025-01-12,False,English,PROD008
CUST00988,Benjamin,Knox,Megan,megan.knox460@gmail.com,+639172214559,Philippines,Lake Jodi,2023-01-27,False,Cebuano,PROD012
CUST00989,Krystal,Moore,Krystal,krystal.moore672@yahoo.com,009170526351,Nauru,Chelseaberg,2023-02-21,False,English/Tagalog,PROD001
CUST00990,Faith,Hines,Vickie,vickie.hines990@hotmail.com,+639176572565,French Southern Territories,East Dennisfort,2024-03-11,False,Cebuano,PROD001
CUST00991,Sandra,Gross,Sandra,sandra.gross343@hotmail.com,9172023897,Philippines,West Mackenziestad,2026-05-12,False,English,PROD015
CUST00992,Michael,Garrison,Michael,michael.garrison820@outlook.com,+639179550178,Philippines,Barkerbury,2026-05-08,False,Cebuano,PROD004
CUST00993,Anna,Martinez,Anna,anna.martinez973@yahoo.com,009170798487,Philippines,New Kevin,2023-02-04,False,English,PROD005
CUST00994,Sandra,Thomas,Sandra,sandra.thomas937@hotmail.com,9179935937,Cuba,North Allenberg,2026-01-14,False,Tagalog,PROD005
CUST00995,Mason,Stafford,Mason,mason.stafford5@outlook.com,009178303736,Philippines,West Kelly,2023-08-28,True,Cebuano,PROD007
CUST00996,Harry,Harris,Harry,harry.harris890@hotmial.com,9174907938,Philippines,Gilesstad,2022-11-29,False,English/Tagalog,PROD013
CUST00997,Meagan,Sherman,Meagan,meagan.sherman672@outlook.com,009173061537,Philippines,Michaelberg,2023-03-27,False,Cebuano,PROD002
CUST00998,Zachary,Williams,Jose,jose.williams426@outlook.com,9172632514,Philippines,South Paul,2023-11-02,False,English,PROD009
CUST00999,Jasmin,Reeves,Jasmin,jasmin.reeves4@gmail.com,009173142175,Cayman Islands,New Rebeccamouth,2022-07-31,False,English/Tagalog,PROD009
CUST01000,Lorraine,Scott,Lorraine,lorraine.scott285@hotmail.com,9171515263,Philippines,Denisehaven,2025-05-28,False,English,PROD012
CUST01001,James,Lopez,James,james.lopez165@yahoo.com,(0917) 883-7505,Serbia,North Jodi,2023-10-04,False,English/Tagalog,PROD013
CUST01002,Antonio,Smith,Antonio,antonio.smith496@yahoo.com,9179137876,Philippines,Michelleberg,2024-03-08,False,English,PROD011
CUST01003,Kenneth,Valentine,Kenneth,kenneth.valentine18@gmail.com,+639175560571,Philippines,West Charlesfurt,2025-06-20,False,English,PROD014
CUST01004,Justin,Weaver,Justin,justin.weaver565@hotmail.com,(0917) 519-0534,Philippines,Lamhaven,2026-05-12,False,Cebuano,PROD005
CUST01005,Nicole,Hopkins,Nicole,nicole.hopkins836@yahoo.com,9176245618,Philippines,Patricktown,2023-09-11,False,English/Tagalog,PROD002
CUST01006,Belinda,Dillon,Elizabeth,elizabeth.dillon729@outlook.com,009171289915,Falkland Islands (Malvinas),Ruizport,2025-03-06,False,Cebuano,PROD002
CUST01007,Maurice,Hill,Maurice,maurice.hill597@yahoo.com,009171304488,Netherlands Antilles,Port William,2025-06-28,False,Cebuano,PROD013
CUST01008,Seth,Wells,Seth,seth.wells414@outlook.com,+639170461540,Philippines,Harmonside,2026-02-15,False,English,PROD002
CUST01009,Maria,Silva,Sarah,sarah.silva829@hotmial.com,+639175681429,Philippines,Perryfurt,2025-02-27,False,English,PROD002
CUST01010,Richard,Harris,Richard,richard.harris747@gmail.com,9172283608,Western Sahara,North Sharonborough,2023-12-06,False,Tagalog,PROD010
CUST01011,William,Turner,William,william.turner217@yaho.com,(0917) 963-8452,Philippines,East Travisborough,2026-03-19,False,Cebuano,PROD010
CUST01012,Adrienne,Marks,Adrienne,adrienne.marks262@gmail.com,9179701693,Philippines,Port Angelamouth,2025-11-13,False,English,PROD012
CUST01013,Jessica,Reynolds,Jessica,jessica.reynolds42@yahoo.com,9173301623,Philippines,New Tylerton,2025-12-10,False,English,PROD002
CUST01014,Brian,Sanders,Brian,brian.sanders350@gmail.com,(0917) 372-2155,Philippines,West Amy,2022-08-18,False,English/Tagalog,PROD007
CUST01015,Donna,Gonzalez,Donna,donna.gonzalez362@yahoo.com,9173377460,Philippines,South Holly,2024-02-05,False,English,PROD001
CUST01016,Leah,Rice,Leah,leah.rice114@outlook.com,(0917) 424-4260,Western Sahara,Morrisport,2023-05-28,True,English/Tagalog,PROD013
CUST01017,Lori,Humphrey,Lori,lori.humphrey705@yahoo.com,(0917) 476-4273,Philippines,Wendybury,2022-09-08,False,English/Tagalog,PROD015
CUST01018,Adrian,Wallace,Adrian,adrian.wallace739@yahoo.com,(0917) 584-1484,Philippines,Johnfurt,2025-03-02,False,English,PROD001
CUST01019,Jacqueline,Rodriguez,Jacqueline,jacqueline.rodriguez251@outlook.com,009178998278,Congo,Natalieburgh,2026-05-02,False,English/Tagalog,PROD003
CUST01020,Lisa,Williams,Lisa,lisa.williams192@gmail.com,(0917) 146-4493,Lithuania,Jeffreychester,2024-02-26,False,Cebuano,PROD011
CUST01021,Mike,Hamilton,Brenda,brenda.hamilton912@hotmail.com,9173505573,Philippines,East Christopherside,2024-07-09,False,English,PROD008
CUST01022,Melissa,Keller,Melissa,melissa.keller141@gmail.com,009173603768,Philippines,Bartlettton,2023-06-13,False,English/Tagalog,PROD002
CUST01023,Danielle,Caldwell,Danielle,danielle.caldwell224@yahoo.com,009175104096,Philippines,North Evelynmouth,2025-11-13,False,Tagalog,PROD005
CUST01024,Daniel,Bailey,Michael,michael.bailey96@yahoo.com,+639174983074,Samoa,Kellymouth,2025-08-21,False,English/Tagalog,PROD011
CUST01025,Michael,Meadows,Michael,michael.meadows909@yahoo.com,9175118939,Philippines,West Richard,2023-04-06,False,Cebuano,PROD001
CUST01026,Charles,Chan,Charles,charles.chan100@yaho.com,009179043223,Philippines,Port James,2025-01-07,False,Tagalog,PROD012
CUST01027,Roger,Park,Ryan,ryan.park461@hotmial.com,9173920135,Philippines,North Crystal,2023-09-24,False,English,PROD014
CUST01028,Erika,David,Erika,erika.david8@yahoo.com,009172508261,Philippines,Thomasland,2023-12-10,True,English/Tagalog,PROD013
CUST01029,Jacob,Wright,Theresa,theresa.wright171@yahoo.com,(0917) 488-8995,Bangladesh,New Frankside,2023-04-30,False,Tagalog,PROD003
CUST01030,Marcia,Knox,Marcia,marcia.knox857@hotmail.com,+639177454930,Philippines,Michaelville,2024-11-05,False,English/Tagalog,PROD007
CUST01031,Laura,Miller,Laura,laura.miller130@gmail.com,+639170381876,Philippines,Martinezshire,2025-05-03,False,Tagalog,PROD001
CUST01032,Calvin,Johnson,Calvin,calvin.johnson521@yahoo.com,9179813881,Philippines,New Cassandra,2024-07-17,False,Cebuano,PROD009
CUST01033,Katrina,Fitzgerald,Katrina,katrina.fitzgerald503@yaho.com,(0917) 323-1829,Philippines,Garybury,2025-10-24,False,English,PROD002
CUST01034,Matthew,Sutton,Matthew,matthew.sutton698@outlook.com,009174500000,Philippines,West Austinfort,2022-11-02,False,English,PROD002
CUST01035,Anita,Torres,Debra,debra.torres825@yahoo.com,+639171785090,Philippines,Lake Wendy,2022-09-22,False,Cebuano,PROD006
CUST01036,Heather,Wilson,Heather,heather.wilson559@outlook.com,009172998747,Philippines,East Corey,2022-12-19,False,English,PROD003
CUST01037,Vicki,Thornton,Vicki,vicki.thornton446@hotmial.com,+639177009004,Philippines,West Peterborough,2023-04-17,False,Cebuano,PROD007
CUST01038,Bobby,Davis,Bobby,bobby.davis415@outlook.com,+639176913624,Philippines,Lake Courtney,2023-04-14,True,Cebuano,PROD006
CUST01039,Maurice,Mitchell,Maurice,maurice.mitchell566@hotmail.com,(0917) 070-6336,Philippines,Floresmouth,2022-09-06,False,Tagalog,PROD010
CUST01040,Diana,Martin,Patricia,patricia.martin49@gmail.com,009171648188,Philippines,Craigbury,2026-01-21,False,Tagalog,PROD005
CUST01041,Erin,Frank,Erin,erin.frank954@hotmail.com,(0917) 383-6381,Philippines,Evanstad,2025-08-04,False,Tagalog,PROD005
CUST01042,Edward,Scott,Edward,edward.scott535@outlook.com,(0917) 946-4203,Croatia,Johnsonville,2025-09-18,False,English/Tagalog,PROD013
CUST01043,Brian,Martin,Brian,brian.martin258@outlook.com,9171706462,Philippines,West Jeffrey,2026-01-13,False,English,PROD013
CUST01044,William,Wong,Luis,luis.wong378@yahoo.com,(0917) 582-4301,Philippines,Lake Stephanie,2022-10-21,False,Cebuano,PROD007
CUST01045,Krista,Lucas,Krista,krista.lucas749@gmail.com,9171538882,Cambodia,Matthewstad,2024-03-07,False,English,PROD006
CUST01046,Johnathan,Wang,Johnathan,johnathan.wang704@outlok.com,+639170433335,Philippines,New Vanessa,2026-02-09,False,English,PROD014
CUST01047,Roberto,Brooks,Roberto,roberto.brooks826@yahoo.com,009171119787,Philippines,West Mariatown,2022-11-06,False,Tagalog,PROD009
CUST01048,Marcus,Smith,Marcus,marcus.smith138@yahoo.com,009176530601,Guadeloupe,Rogerbury,2023-05-18,False,English/Tagalog,PROD015
CUST01049,David,Glover,David,david.glover98@outlook.com,+639177868800,Japan,Audreyborough,2025-12-01,False,English,PROD004
CUST01050,Christopher,Johnson,Christopher,christopher.johnson115@outlook.com,9178298036,Philippines,Nicoleburgh,2025-06-03,False,Cebuano,PROD008
CUST01051,Gabriella,French,Gabriella,gabriella.french930@gmail.com,9176093659,Fiji,Chanland,2024-11-10,True,English,PROD003
CUST01052,Helen,Preston,Helen,helen.preston300@outlook.com,+639173368750,Zimbabwe,South Ashleyview,2026-02-14,False,Tagalog,PROD013
CUST01053,Shawn,Roy,Shawn,shawn.roy463@yaho.com,009174556114,British Indian Ocean Territory (Chagos Archipelago),New Randyfort,2024-11-10,False,Tagalog,PROD012
CUST01054,Adam,Simpson,Adam,adam.simpson44@hotmail.com,(0917) 505-3766,Nigeria,Lake Jonathan,2023-10-04,False,English,PROD013
CUST01055,Kerry,Moore,Deborah,deborah.moore867@yahoo.com,(0917) 003-0835,Saint Vincent and the Grenadines,Port Ambertown,2024-01-19,False,English,PROD007
CUST01056,Chelsea,Decker,Chelsea,chelsea.decker963@hotmial.com,009173123455,Philippines,Montgomerychester,2024-12-03,False,English/Tagalog,PROD014
CUST01057,Nicole,Riggs,Nicole,nicole.riggs497@hotmail.com,9176829384,Romania,Port Kristastad,2023-11-19,False,Cebuano,PROD012
CUST01058,Joel,Arias,Joel,joel.arias459@gmail.com,+639173543788,Philippines,North James,2024-12-18,False,Cebuano,PROD007
CUST01059,Laura,Shannon,Laura,laura.shannon684@gmial.com,009175709085,Philippines,Lake Jessica,2025-04-13,False,English,PROD013
CUST01060,Angelica,George,Angelica,angelica.george597@hotmail.com,(0917) 269-9969,Philippines,Gordonmouth,2022-11-28,False,English/Tagalog,PROD014
CUST01061,Hector,Shepherd,Zachary,zachary.shepherd803@outlook.com,009175969325,Philippines,Kelleyland,2026-04-15,False,Cebuano,PROD005
CUST01062,Lydia,Brown,Lydia,lydia.brown912@yahoo.com,(0917) 312-3426,Philippines,East Cheryl,2024-04-06,False,English/Tagalog,PROD010
CUST01063,Diana,Smith,Diana,diana.smith485@gmail.com,+639172617607,Philippines,Annettefort,2022-09-18,False,Tagalog,PROD012
CUST01064,Wendy,Barnes,Wendy,wendy.barnes679@yahoo.com,9179538280,Philippines,Port Elizabeth,2025-05-28,False,English/Tagalog,PROD014
CUST01065,Randy,Parker,Randy,randy.parker924@gmail.com,(0917) 996-5082,Lesotho,Fostermouth,2024-08-12,False,Tagalog,PROD010
CUST01066,Sean,Sullivan,Sean,sean.sullivan564@outlok.com,009176965613,Philippines,Brownland,2022-11-22,False,Tagalog,PROD009
CUST01067,Christy,Robinson,Christy,christy.robinson946@outlook.com,+639171434682,United States Minor Outlying Islands,Lake Bridgetside,2023-10-19,False,Cebuano,PROD010
CUST01068,Joseph,Payne,Joseph,joseph.payne853@gmail.com,(0917) 273-0086,British Indian Ocean Territory (Chagos Archipelago),Loriburgh,2023-10-29,True,English,PROD015
CUST01069,Michael,Moore,Michael,michael.moore77@hotmail.com,(0917) 139-5001,Philippines,Port Martha,2024-10-23,False,English,PROD009
CUST01070,Robert,Jones,Robert,robert.jones330@gmail.com,(0917) 076-2839,Philippines,East Kenneth,2026-03-23,False,Cebuano,PROD011
CUST01071,Kenneth,Franco,Kenneth,kenneth.franco918@outlook.com,009177779462,Israel,Grahamtown,2024-09-21,False,English/Tagalog,PROD012
CUST01072,Sonia,Lucero,Sonia,sonia.lucero611@hotmail.com,(0917) 250-8177,Philippines,Walterton,2022-08-26,False,English,PROD015
CUST01073,Kristen,Harris,Kristen,kristen.harris960@outlok.com,(0917) 884-1333,Philippines,West Davidview,2023-12-18,False,Cebuano,PROD004
CUST01074,Cody,Andrews,Cody,cody.andrews938@yahoo.com,+639176178170,Azerbaijan,Hollyland,2024-06-28,False,English,PROD014
CUST01075,James,Carlson,Michael,michael.carlson116@yaho.com,(0917) 363-8527,Philippines,East Nancybury,2023-12-31,False,English,PROD009
CUST01076,Linda,Hicks,Laura,laura.hicks684@hotmial.com,9178444902,Philippines,New Steven,2023-12-20,False,English,PROD001
CUST01077,Kathleen,Hammond,Kathleen,kathleen.hammond292@gmail.com,(0917) 037-3416,Philippines,New Christineborough,2025-08-08,False,English/Tagalog,PROD009
CUST01078,Jay,Smith,Jay,jay.smith175@hotmail.com,+639172102179,Philippines,East Randychester,2024-01-20,False,English/Tagalog,PROD002
CUST01079,Carolyn,Rodriguez,Catherine,catherine.rodriguez504@outlook.com,009179736383,Philippines,North Heatherfort,2026-01-18,False,Cebuano,PROD014
CUST01080,Lisa,Herring,Lisa,lisa.herring769@outlook.com,009177079866,Philippines,Lauraport,2022-08-14,True,English/Tagalog,PROD008
CUST01081,Daisy,Stevenson,Daisy,daisy.stevenson827@hotmail.com,009172050682,Belgium,South Stephen,2023-03-12,False,Cebuano,PROD011
CUST01082,Daniel,Wood,Daniel,daniel.wood403@yaho.com,(0917) 505-8714,Philippines,East Robert,2024-10-17,True,Tagalog,PROD010
CUST01083,Aimee,Oliver,Cory,cory.oliver408@yahoo.com,+639177908984,Philippines,Monicafort,2024-01-27,False,English,PROD007
CUST01084,Daniel,Johnson,Daniel,daniel.johnson39@yahoo.com,9175093869,Cote d'Ivoire,South Stephanie,2025-12-22,False,Cebuano,PROD009
CUST01085,Tracy,Nelson,Tracy,tracy.nelson625@outlook.com,(0917) 881-1457,American Samoa,Brianborough,2024-07-29,True,English/Tagalog,PROD013
CUST01086,Taylor,Ritter,Tiffany,tiffany.ritter558@yahoo.com,009176767382,Philippines,Lake Trevorview,2024-03-14,False,English,PROD015
CUST01087,Carrie,Wyatt,Carrie,carrie.wyatt680@gmail.com,+639177798768,Philippines,North Madisonbury,2023-08-23,False,English/Tagalog,PROD014
CUST01088,Angela,Garcia,Angela,angela.garcia133@yahoo.com,9175893708,Philippines,Danton,2023-05-01,False,Tagalog,PROD011
CUST01089,Michelle,Pennington,Michelle,michelle.pennington713@yahoo.com,(0917) 405-6695,Philippines,Dianebury,2024-06-29,False,Tagalog,PROD010
CUST01090,Tony,Robertson,Tony,tony.robertson351@yahoo.com,(0917) 544-2867,Philippines,North Sarafort,2026-05-08,False,Cebuano,PROD004
CUST01091,Mario,Mitchell,Tracey,tracey.mitchell137@yahoo.com,009178946338,Philippines,New Robertland,2025-08-11,False,Cebuano,PROD006
CUST01092,Seth,Richmond,Sabrina,sabrina.richmond955@outlook.com,(0917) 725-6292,Philippines,South Lisa,2025-12-15,False,Cebuano,PROD010
CUST01093,Matthew,Vaughn,Matthew,matthew.vaughn882@outlook.com,(0917) 818-6550,Philippines,Baxtermouth,2025-11-13,False,Cebuano,PROD009
CUST01094,Andrew,Taylor,Brian,brian.taylor792@outlook.com,009174430349,Philippines,Lynchmouth,2025-02-21,False,English,PROD015
CUST01095,Dean,Reyes,Dean,dean.reyes614@gmail.com,+639177203859,Suriname,Lake Stephanie,2024-09-24,False,Cebuano,PROD005
CUST01096,Amanda,Aguilar,Amanda,amanda.aguilar301@outlok.com,+639177155313,Philippines,Toddbury,2024-06-23,False,English/Tagalog,PROD006
CUST01097,Matthew,Carey,Matthew,matthew.carey437@gmail.com,009177500942,Algeria,Kimberlyburgh,2022-10-09,False,English,PROD005
CUST01098,Bruce,Harris,Bruce,bruce.harris631@yahoo.com,+639178198780,Philippines,Cardenasborough,2023-11-13,False,Tagalog,PROD013
CUST01099,Cynthia,Bates,Cynthia,cynthia.bates912@outlook.com,(0917) 258-6605,Poland,Stephaniestad,2023-04-08,False,Cebuano,PROD013
CUST01100,Linda,Jones,Linda,linda.jones724@yahoo.com,(0917) 585-4859,Equatorial Guinea,Baileyside,2023-03-17,False,Cebuano,PROD006
CUST01101,Edgar,Luna,Joshua,joshua.luna630@yahoo.com,009171165020,Philippines,Port Joannshire,2022-08-15,False,Tagalog,PROD001
CUST01102,Howard,Wilson,Howard,howard.wilson243@yaho.com,9172155130,Philippines,Lake Marissa,2024-04-27,False,English/Tagalog,PROD006
CUST01103,Christopher,Kramer,Christopher,christopher.kramer291@yahoo.com,(0917) 448-8966,Philippines,Raymondburgh,2022-11-29,False,Tagalog,PROD003
CUST01104,Nicholas,Hansen,Nicholas,nicholas.hansen300@hotmail.com,9176202582,Philippines,Richardtown,2025-12-09,False,Tagalog,PROD005
CUST01105,Michael,Small,Michael,michael.small828@yahoo.com,+639171231239,Guyana,Port Kristine,2023-07-01,True,Cebuano,PROD015
CUST01106,Gail,Jackson,Gail,gail.jackson9@gmail.com,+639171836472,Philippines,Lake Ernestfurt,2026-03-12,False,Tagalog,PROD012
CUST01107,Walter,Scott,Walter,walter.scott90@hotmail.com,9177225775,Gambia,West Mark,2023-10-15,False,Cebuano,PROD012
CUST01108,Kyle,Hartman,Kyle,kyle.hartman585@hotmail.com,(0917) 052-9187,Philippines,New Paulburgh,2022-10-29,False,English,PROD015
CUST01109,Sean,Cardenas,Sean,sean.cardenas984@yahoo.com,(0917) 172-1733,United States Virgin Islands,Port Johnnyfurt,2025-10-26,False,Tagalog,PROD013
CUST01110,James,Evans,James,james.evans177@gmail.com,009172999362,Philippines,New Nichole,2023-08-26,False,English,PROD012
CUST01111,Diane,Owen,Diane,diane.owen148@yahoo.com,+639173255398,Philippines,Port Tiffanyburgh,2023-10-08,False,English/Tagalog,PROD006
CUST01112,Ashley,Johnson,Anna,anna.johnson904@hotmail.com,9177326430,Seychelles,Kristybury,2025-10-22,False,English/Tagalog,PROD005
CUST01113,Nicholas,Chang,Nicholas,nicholas.chang458@gmail.com,(0917) 997-0292,Philippines,West Barbaraburgh,2024-10-18,False,English/Tagalog,PROD002
CUST01114,Kelly,Taylor,Kelly,kelly.taylor220@hotmail.com,+639177529883,Philippines,North Susan,2025-06-06,False,English,PROD003
CUST01115,Yolanda,Miller,Melissa,melissa.miller810@outlook.com,(0917) 083-2004,Madagascar,Joshuaberg,2022-07-25,False,English/Tagalog,PROD010
CUST01116,Scott,Adams,Scott,scott.adams216@hotmail.com,009175852386,Fiji,East Autumn,2023-03-24,False,English,PROD013
CUST01117,Harold,Morales,Harold,harold.morales242@outlook.com,009176199517,Ukraine,Jimmyhaven,2025-01-09,False,Tagalog,PROD006
CUST01118,Dylan,Ortiz,Dylan,dylan.ortiz153@gmial.com,+639179295014,Philippines,West Darrell,2025-04-06,False,Tagalog,PROD008
CUST01119,Shelly,Hernandez,John,john.hernandez591@yahoo.com,009176713971,Philippines,Chenberg,2023-12-17,False,Tagalog,PROD003
CUST01120,Jessica,Lee,Bryan,bryan.lee704@yahoo.com,009177672019,Philippines,Port Eric,2023-02-20,False,Tagalog,PROD002
CUST01121,Kimberly,Gregory,Kimberly,kimberly.gregory739@gmail.com,+639170725873,Philippines,Lake Susan,2024-08-26,False,English,PROD015
CUST01122,Austin,Brennan,Austin,austin.brennan346@yahoo.com,009173802748,Samoa,Calhounville,2025-02-25,False,English,PROD003
CUST01123,Lori,Hicks,Travis,travis.hicks700@gmail.com,+639176825095,Philippines,North Carolshire,2022-09-23,False,English,PROD003
CUST01124,Cynthia,Barker,Cynthia,cynthia.barker376@yahoo.com,9175610399,Guinea-Bissau,West Meganfort,2024-09-22,False,English,PROD003
CUST01125,Alan,Roberts,Alan,alan.roberts122@yahoo.com,9172436585,Philippines,Michaelburgh,2024-04-13,False,Tagalog,PROD007
CUST01126,Stacey,Lewis,Stacey,stacey.lewis910@outlook.com,9172027061,Philippines,Lake Laurenborough,2025-04-23,False,English/Tagalog,PROD010
CUST01127,Elizabeth,Matthews,Elizabeth,elizabeth.matthews63@yahoo.com,+639177166906,Philippines,North Michellefurt,2023-04-06,False,English,PROD003
CUST01128,Samantha,Porter,Samantha,samantha.porter163@outlook.com,009170340301,Philippines,Heathershire,2025-02-21,False,English/Tagalog,PROD010
CUST01129,Donald,Little,Donald,donald.little915@hotmail.com,9174915795,Philippines,Josebury,2025-07-01,False,Tagalog,PROD005
CUST01130,Jerry,Marquez,Jerry,jerry.marquez830@gmail.com,009174760108,Philippines,Julialand,2023-02-05,False,English,PROD013
CUST01131,Madison,Smith,Shawn,shawn.smith755@gmail.com,009176831764,Philippines,Lake Ralph,2023-06-19,False,English,PROD008
CUST01132,Veronica,Nichols,Veronica,veronica.nichols152@outlook.com,+639179015071,Philippines,Carlsonland,2024-01-06,False,Tagalog,PROD009
CUST01133,Christopher,Mills,Blake,blake.mills993@yahoo.com,+639170458474,Philippines,South Jonathan,2024-01-11,False,Tagalog,PROD013
CUST01134,Patricia,Johnston,Melinda,melinda.johnston545@hotmail.com,(0917) 857-6694,Philippines,Port Johnland,2023-12-26,False,Cebuano,PROD001
CUST01135,Devin,Garcia,Brian,brian.garcia161@yahoo.com,9177466621,Philippines,Ayalaville,2023-06-04,False,Tagalog,PROD010
CUST01136,Miranda,Wiggins,Miranda,miranda.wiggins59@hotmial.com,009174666145,Philippines,Butlermouth,2024-05-09,False,English/Tagalog,PROD013
CUST01137,Angie,Gutierrez,Angie,angie.gutierrez259@hotmail.com,009170049388,Bosnia and Herzegovina,Davidberg,2025-04-17,False,Cebuano,PROD014
CUST01138,Michael,Le,Michael,michael.le725@outlook.com,009171520499,Philippines,Lake Jacobshire,2023-05-29,False,English/Tagalog,PROD013
CUST01139,Benjamin,Moses,Benjamin,benjamin.moses542@hotmail.com,009177313797,Philippines,South Lisa,2024-09-01,False,Cebuano,PROD014
CUST01140,Mark,Williams,Judy,judy.williams153@hotmail.com,9173740779,Philippines,Port Michelle,2023-12-25,False,Cebuano,PROD004
CUST01141,Jonathan,Parsons,Jonathan,jonathan.parsons991@yahoo.com,(0917) 899-4991,Philippines,Lake Curtisstad,2022-10-27,False,Cebuano,PROD013
CUST01142,Kevin,Lopez,Heather,heather.lopez979@hotmail.com,+639172037087,Philippines,New Jonathanport,2023-12-19,True,Tagalog,PROD002
CUST01143,Tonya,Stewart,Tonya,tonya.stewart677@gmail.com,(0917) 418-1359,Philippines,Grantview,2023-05-09,False,English/Tagalog,PROD015
CUST01144,Frank,Rodriguez,Frank,frank.rodriguez521@outlook.com,+639170186448,Somalia,Kellyshire,2024-07-16,False,Cebuano,PROD003
CUST01145,Steven,Soto,Steven,steven.soto451@yahoo.com,009178570820,Philippines,New Robertaburgh,2025-11-26,False,Cebuano,PROD005
CUST01146,Holly,Brennan,Holly,holly.brennan185@gmail.com,009173691496,Philippines,Thomasmouth,2025-12-04,False,Tagalog,PROD013
CUST01147,Barry,Sims,Barry,barry.sims605@hotmail.com,(0917) 429-6882,Armenia,Port Jacobside,2022-08-31,False,English/Tagalog,PROD012
CUST01148,Diane,Cole,Diane,diane.cole603@gmail.com,009175314196,Philippines,West Natalie,2024-09-19,False,Tagalog,PROD006
CUST01149,Jennifer,Ramirez,Tracy,tracy.ramirez828@outlook.com,(0917) 883-5651,British Indian Ocean Territory (Chagos Archipelago),Lake Kathryn,2022-09-26,False,English/Tagalog,PROD010
CUST01150,Jennifer,Nielsen,Tina,tina.nielsen949@gmail.com,9176496683,Philippines,North Roberto,2024-09-30,True,English/Tagalog,PROD015
CUST01151,Christopher,Montoya,Christopher,christopher.montoya12@yaho.com,9172851622,Zimbabwe,Christopherfort,2025-09-27,False,English/Tagalog,PROD010
CUST01152,Jessica,Taylor,Jessica,jessica.taylor991@yaho.com,+639179348688,Philippines,Port Zacharybury,2026-03-17,False,Cebuano,PROD010
CUST01153,Jessica,Rodriguez,Jessica,jessica.rodriguez771@yahoo.com,009178799160,Philippines,West Brianview,2026-03-27,False,English,PROD002
CUST01154,Michael,Warren,Michael,michael.warren774@yahoo.com,(0917) 923-6133,Philippines,West Scottview,2026-05-06,True,Tagalog,PROD012
CUST01155,Geoffrey,Smith,Geoffrey,geoffrey.smith329@gmail.com,9178816502,Venezuela,Maryhaven,2023-05-22,False,English/Tagalog,PROD015
CUST01156,Penny,Smith,Nancy,nancy.smith440@gmail.com,(0917) 503-4409,Thailand,New Marieville,2025-08-25,False,English/Tagalog,PROD007
CUST01157,Russell,Chandler,Russell,russell.chandler130@gmail.com,009174989808,Philippines,Toddmouth,2022-09-06,False,Tagalog,PROD014
CUST01158,Jennifer,Yang,Samuel,samuel.yang424@gmail.com,(0917) 813-5926,Philippines,Paulburgh,2023-03-30,False,Tagalog,PROD005
CUST01159,Brian,Krueger,Brian,brian.krueger563@hotmail.com,9177486941,Philippines,East Bethanyland,2023-10-18,False,English,PROD006
CUST01160,Peter,Wilson,Carrie,carrie.wilson696@yahoo.com,9172075360,Philippines,Morganchester,2025-08-19,True,English,PROD002
CUST01161,Theresa,Mcmahon,Theresa,theresa.mcmahon322@hotmail.com,9173621894,Philippines,South Emilymouth,2023-01-11,False,English,PROD006
CUST01162,Eric,Wilson,Tara,tara.wilson306@outlook.com,(0917) 894-2046,Bhutan,Katrinaland,2023-02-16,False,English/Tagalog,PROD011
CUST01163,Breanna,Price,Breanna,breanna.price809@hotmial.com,9176420456,Mexico,East Robertton,2025-05-04,False,English,PROD008
CUST01164,Scott,Huang,Scott,scott.huang988@outlook.com,+639173389062,Mayotte,East Markstad,2022-08-14,False,English/Tagalog,PROD014
CUST01165,Brian,Morris,Brian,brian.morris189@yahoo.com,9176540165,Kyrgyz Republic,Ericville,2026-05-06,True,English/Tagalog,PROD004
CUST01166,Veronica,Grant,Jenna,jenna.grant156@yahoo.com,(0917) 427-6774,Holy See (Vatican City State),Blackmouth,2023-09-08,False,English/Tagalog,PROD003
CUST01167,Robert,Lewis,Stephanie,stephanie.lewis727@gmail.com,(0917) 115-8488,Philippines,Lake Stephen,2022-09-01,False,English,PROD001
CUST01168,Cindy,Evans,Terri,terri.evans507@hotmail.com,9178231299,Mozambique,Gallagherside,2022-12-11,False,Cebuano,PROD008
CUST01169,Ronald,Weber,Ronald,ronald.weber874@hotmail.com,+639172612120,Philippines,Edwardhaven,2023-03-27,False,English/Tagalog,PROD009
CUST01170,Claudia,Morrison,Claudia,claudia.morrison603@hotmail.com,9176807852,Tunisia,Port Ann,2024-08-01,False,Tagalog,PROD005
CUST01171,Eric,Armstrong,Tracy,tracy.armstrong900@yahoo.com,9174540064,Philippines,Kimberlychester,2025-05-31,False,Cebuano,PROD011
CUST01172,James,Smith,James,james.smith79@yahoo.com,(0917) 123-2748,Taiwan,Nicoleside,2025-05-22,False,English,PROD011
CUST01173,Jorge,Cohen,Jorge,jorge.cohen249@hotmail.com,(0917) 427-2038,Philippines,Lewisview,2025-03-31,True,English/Tagalog,PROD011
CUST01174,Diana,Green,Diana,diana.green63@gmail.com,+639171963045,Philippines,Porterhaven,2024-12-04,False,Tagalog,PROD001
CUST01175,Robert,Clark,Robert,robert.clark916@yahoo.com,009173534001,Uganda,East Sydney,2025-07-15,False,Cebuano,PROD012
CUST01176,Ryan,Brown,Ryan,ryan.brown354@gmail.com,(0917) 244-4544,Cocos (Keeling) Islands,West Keith,2024-10-23,False,Cebuano,PROD001
CUST01177,Matthew,Hawkins,Matthew,matthew.hawkins223@hotmail.com,009177810539,Philippines,Burnettmouth,2024-12-10,False,Cebuano,PROD003
CUST01178,Sarah,Lucero,Sarah,sarah.lucero582@hotmail.com,009179698829,Saudi Arabia,Lake Jenniferstad,2024-02-24,False,Tagalog,PROD005
CUST01179,Nicholas,Owens,Nicholas,nicholas.owens461@gmail.com,(0917) 246-3019,Philippines,Suttonland,2025-01-18,False,Tagalog,PROD012
CUST01180,Jessica,Parsons,Jessica,jessica.parsons167@yahoo.com,(0917) 833-9121,Philippines,Lake Alyssachester,2026-05-10,False,Tagalog,PROD001
CUST01181,Ryan,Wright,Ryan,ryan.wright571@gmail.com,+639173221010,Philippines,East Cynthia,2024-07-15,True,English,PROD004
CUST01182,Sonya,Terry,Sonya,sonya.terry389@hotmail.com,(0917) 100-8987,Philippines,East Michaelshire,2023-12-18,False,Cebuano,PROD002
CUST01183,Dominique,Campbell,Gilbert,gilbert.campbell296@hotmail.com,009170384531,Philippines,North Tashatown,2025-11-04,False,Tagalog,PROD013
CUST01184,Megan,Stewart,William,william.stewart603@outlook.com,(0917) 510-0307,Philippines,Meganshire,2025-09-19,False,Cebuano,PROD015
CUST01185,Andrea,Cameron,Andrea,andrea.cameron77@hotmail.com,9175006666,Philippines,West Stephanie,2023-08-30,False,English/Tagalog,PROD002
CUST01186,Steven,Cruz,Steven,steven.cruz726@outlook.com,009171340785,Philippines,North Kristinaville,2024-04-08,False,Cebuano,PROD007
CUST01187,Gregory,Garcia,Gregory,gregory.garcia630@hotmial.com,+639170583668,Philippines,Lake Robinchester,2022-12-31,False,English/Tagalog,PROD005
CUST01188,Megan,Fuller,Emily,emily.fuller541@hotmail.com,009173868889,Philippines,Gomezborough,2022-10-17,False,English/Tagalog,PROD008
CUST01189,Melissa,Davis,Melissa,melissa.davis380@gmail.com,(0917) 962-5719,Philippines,Wyattland,2025-07-21,False,Tagalog,PROD015
CUST01190,Thomas,Gibson,Robert,robert.gibson903@gmail.com,009175789826,Niue,Terrellville,2023-07-09,False,English,PROD005
CUST01191,Frank,Cox,Frank,frank.cox964@outlook.com,(0917) 175-5851,Philippines,Lake Jenniferchester,2024-01-20,False,Tagalog,PROD008
CUST01192,Mason,Lewis,Mason,mason.lewis803@hotmail.com,(0917) 118-8241,Philippines,New Margaretfort,2024-06-01,False,Tagalog,PROD003
CUST01193,Shannon,Henderson,Shannon,shannon.henderson602@hotmail.com,009171704542,Philippines,Thomasland,2025-03-14,False,Cebuano,PROD014
CUST01194,Megan,Cardenas,Megan,megan.cardenas799@gmail.com,(0917) 820-9225,Philippines,Kevinmouth,2022-08-23,False,English,PROD014
CUST01195,Alexandra,Olson,Beth,beth.olson722@hotmail.com,+639175640723,British Indian Ocean Territory (Chagos Archipelago),New Deborahhaven,2022-10-13,False,Tagalog,PROD005
CUST01196,Jasmine,Mckinney,Jasmine,jasmine.mckinney907@outlook.com,+639174001788,Philippines,North Valerie,2025-03-23,False,Tagalog,PROD003
CUST01197,Albert,Gonzalez,Elizabeth,elizabeth.gonzalez965@hotmial.com,009178507105,Philippines,Richardport,2023-10-06,False,English,PROD002
CUST01198,Melanie,Hawkins,Melanie,melanie.hawkins112@hotmail.com,+639171526105,United Kingdom,Rebeccahaven,2023-04-07,False,Tagalog,PROD014
CUST01199,Robert,Norman,Michael,michael.norman830@gmail.com,009176950074,Philippines,Richardstad,2025-08-23,False,Cebuano,PROD015
CUST01200,Leslie,Nichols,Leslie,leslie.nichols145@yahoo.com,+639179876989,Antarctica (the territory South of 60 deg S),Dustinmouth,2026-01-04,False,Cebuano,PROD014
CUST01201,Brittany,Holt,Brittany,brittany.holt424@hotmail.com,009171982734,American Samoa,Smithhaven,2025-04-01,False,English,PROD004
CUST01202,Marcus,West,Tiffany,tiffany.west361@outlok.com,9178963217,Saudi Arabia,Lake Robertville,2026-01-30,False,Cebuano,PROD004
CUST01203,Gloria,Johnson,Gloria,gloria.johnson941@yahoo.com,(0917) 268-0648,Pitcairn Islands,Wrighthaven,2022-09-27,False,Tagalog,PROD001
CUST01204,John,Young,John,john.young954@outlook.com,+639178838425,Ghana,Lake Pamchester,2025-10-25,False,Cebuano,PROD007
CUST01205,Eric,Carney,Eric,eric.carney339@yahoo.com,9175077406,Philippines,Adamchester,2025-05-07,False,Cebuano,PROD008
CUST01206,Sharon,Jones,Sharon,sharon.jones188@yahoo.com,009170908551,Philippines,Petersenland,2025-07-20,False,English,PROD008
CUST01207,Elizabeth,Miller,Elizabeth,elizabeth.miller103@gmail.com,009171178619,Philippines,West Kristifurt,2024-05-03,False,English/Tagalog,PROD003
CUST01208,Ashley,Martin,Ashley,ashley.martin182@gmail.com,9172069535,Madagascar,East Phillip,2024-03-19,False,English,PROD012
CUST01209,Matthew,Hammond,Matthew,matthew.hammond923@yahoo.com,009175950026,Philippines,Waltersmouth,2025-07-05,False,Tagalog,PROD002
CUST01210,Dawn,Castillo,Dawn,dawn.castillo671@outlook.com,9179479507,Solomon Islands,Williamfurt,2025-01-24,False,English/Tagalog,PROD001
CUST01211,Stephen,Jackson,Stephen,stephen.jackson564@yahoo.com,009170595031,United States of America,Barrettstad,2024-07-22,False,Tagalog,PROD001
CUST01212,Nicholas,Scott,Nicholas,nicholas.scott919@gmail.com,+639179104520,Philippines,Foxbury,2023-02-04,False,Cebuano,PROD007
CUST01213,Jennifer,Ellis,Melissa,melissa.ellis932@outlook.com,9171359928,Niue,Rachelview,2023-12-14,False,Cebuano,PROD006
CUST01214,Emily,Farmer,Emily,emily.farmer371@outlook.com,009176100679,Philippines,North Marcus,2024-04-23,False,English,PROD011
CUST01215,John,Wade,Sharon,sharon.wade489@hotmail.com,+639174037842,Philippines,South Christopherton,2022-12-11,False,Cebuano,PROD011
CUST01216,Evelyn,Little,Evelyn,evelyn.little22@outlook.com,9170677625,Philippines,Ryanside,2024-11-17,False,English,PROD001
CUST01217,Tammy,Orozco,Penny,penny.orozco321@yahoo.com,9174262417,Philippines,West David,2023-11-30,False,Tagalog,PROD003
CUST01218,David,Hall,David,david.hall877@yahoo.com,009171100906,Philippines,West Justinburgh,2025-12-23,False,English/Tagalog,PROD006
CUST01219,Nicole,Thompson,Nicole,nicole.thompson908@yaho.com,009171166732,Palestinian Territory,Fritzhaven,2025-11-04,False,English/Tagalog,PROD005
CUST01220,Anthony,Gray,Anthony,anthony.gray580@hotmail.com,+639172129964,Philippines,Millerborough,2025-03-19,False,Tagalog,PROD007
CUST01221,Sarah,Miller,Sarah,sarah.miller906@yahoo.com,9172755821,Antarctica (the territory South of 60 deg S),New Danielmouth,2025-08-22,False,Tagalog,PROD008
CUST01222,Stephen,Moore,Lucas,lucas.moore821@hotmail.com,(0917) 523-8023,Central African Republic,West Hailey,2023-05-04,False,Tagalog,PROD012
CUST01223,Crystal,Cox,Mark,mark.cox932@gmail.com,009177059161,Philippines,East Jessicatown,2025-04-09,False,Cebuano,PROD009
CUST01224,Steven,Calderon,Steven,steven.calderon902@gmail.com,009175977216,Philippines,North Nicholasville,2024-09-02,False,Cebuano,PROD012
CUST01225,Karen,Bennett,Karen,karen.bennett828@hotmail.com,(0917) 931-8692,Philippines,West Daniel,2022-12-27,False,Cebuano,PROD015
CUST01226,Brandon,Camacho,Brandon,brandon.camacho674@outlook.com,009171822720,Philippines,Kelleyville,2024-08-13,False,Tagalog,PROD003
CUST01227,Sandra,Campbell,Sandra,sandra.campbell969@yahoo.com,9172041447,Philippines,East Brandon,2023-09-24,False,English,PROD011
CUST01228,Ruth,Hartman,Phillip,phillip.hartman728@outlook.com,009173020203,Estonia,New Eric,2023-01-28,False,Tagalog,PROD005
CUST01229,Cynthia,Russo,Cynthia,cynthia.russo510@yahoo.com,+639175213530,Philippines,Dennisland,2022-08-12,False,English,PROD009
CUST01230,Joseph,Smith,Joseph,joseph.smith699@hotmail.com,9170593777,Antarctica (the territory South of 60 deg S),Avilatown,2024-01-02,False,Tagalog,PROD007
CUST01231,Tabitha,Norman,Craig,craig.norman668@gmail.com,(0917) 291-6174,Philippines,Karifort,2022-08-25,False,Tagalog,PROD014
CUST01232,Brian,Wells,Brian,brian.wells805@yahoo.com,(0917) 043-8419,Philippines,Port Patrickshire,2025-01-14,False,Tagalog,PROD007
CUST01233,Chris,Stewart,Chris,chris.stewart514@hotmail.com,(0917) 056-8566,Faroe Islands,South Sara,2022-10-23,True,Tagalog,PROD013
CUST01234,Thomas,Jackson,Thomas,thomas.jackson525@yaho.com,9176550494,Philippines,Briggsland,2024-05-01,False,English/Tagalog,PROD005
CUST01235,William,Vance,William,william.vance620@yahoo.com,(0917) 339-6504,Philippines,Lake Traci,2024-10-10,False,Tagalog,PROD003
CUST01236,Mary,Garcia,Mary,mary.garcia121@hotmail.com,9171424362,Philippines,Harrisontown,2025-12-09,False,Tagalog,PROD011
CUST01237,Victoria,Ramirez,Matthew,matthew.ramirez505@gmail.com,9179919623,Suriname,Lake Troybury,2024-07-08,False,English/Tagalog,PROD015
CUST01238,Chad,Willis,Chad,chad.willis825@yahoo.com,9173247250,Philippines,New Linda,2024-04-27,False,Tagalog,PROD009
CUST01239,Joshua,Morris,Joshua,joshua.morris247@gmail.com,9171158760,Philippines,East Brittany,2023-04-09,False,English/Tagalog,PROD012
CUST01240,Patricia,Sullivan,Patricia,patricia.sullivan816@outlook.com,+639177694535,Philippines,Davisbury,2025-06-21,False,Cebuano,PROD007
CUST01241,Melissa,Zavala,Melissa,melissa.zavala66@hotmail.com,9176342125,Philippines,North Gabrielamouth,2026-04-19,False,English,PROD006
CUST01242,Erin,Baker,Erin,erin.baker835@outlook.com,(0917) 526-9255,Philippines,New Cindyberg,2023-08-26,False,English,PROD007
CUST01243,Jesus,Williams,Jesus,jesus.williams891@yaho.com,+639174235914,Philippines,Bensonchester,2025-08-21,False,English,PROD007
CUST01244,Todd,Walker,Todd,todd.walker598@outlook.com,9173326145,Mongolia,Hollyberg,2026-01-20,True,English/Tagalog,PROD004
CUST01245,Steven,Moore,Steven,steven.moore985@hotmail.com,+639170081785,Moldova,North Emily,2026-03-02,True,English/Tagalog,PROD003
CUST01246,Amanda,Hernandez,Elizabeth,elizabeth.hernandez215@outlook.com,9175426874,Philippines,Tinaport,2023-09-20,False,English/Tagalog,PROD014
CUST01247,Dustin,Lee,Jesse,jesse.lee989@hotmail.com,(0917) 208-6523,Philippines,East Loriview,2025-10-16,False,English/Tagalog,PROD008
CUST01248,Darryl,Fletcher,Darryl,darryl.fletcher480@hotmail.com,(0917) 014-0052,Philippines,Vazquezburgh,2023-02-27,True,Cebuano,PROD015
CUST01249,Bradley,Harris,Bradley,bradley.harris943@gmial.com,9172722142,Philippines,Port Sierraberg,2023-01-17,False,English,PROD008
CUST01250,Kara,Kelly,Kara,kara.kelly588@outlook.com,009171368172,Philippines,Port Teresaland,2024-09-11,False,Cebuano,PROD004
CUST01251,Anthony,Bishop,Anthony,anthony.bishop401@yahoo.com,9172092973,Japan,North Cheyennemouth,2023-03-18,False,Cebuano,PROD003
CUST01252,Phyllis,Harmon,Phyllis,phyllis.harmon152@yahoo.com,+639172273938,Philippines,Chavezbury,2025-10-09,False,Tagalog,PROD001
CUST01253,Rodney,Reed,Rodney,rodney.reed434@yahoo.com,009176185076,Philippines,North Aprilfort,2022-08-22,False,English,PROD015
CUST01254,Alan,Noble,Alan,alan.noble807@hotmail.com,009171823601,Philippines,Valeriefurt,2022-07-29,False,Cebuano,PROD008
CUST01255,Andrea,Kidd,Andrea,andrea.kidd572@yahoo.com,9178217648,Philippines,Calderontown,2026-01-09,False,English/Tagalog,PROD013
CUST01256,Jesse,Hayes,Jesse,jesse.hayes994@yahoo.com,9173222801,Niger,Santiagoside,2025-03-22,False,Tagalog,PROD005
CUST01257,Ralph,Hardy,Ralph,ralph.hardy982@yahoo.com,+639175606295,Philippines,Sarahhaven,2025-03-13,False,Tagalog,PROD006
CUST01258,Stephen,Scott,Stephen,stephen.scott251@hotmail.com,9171180467,Norway,South Christopherfurt,2025-01-30,True,Cebuano,PROD002
CUST01259,Jonathan,Crawford,Jonathan,jonathan.crawford669@outlook.com,+639178520136,Philippines,West Johntown,2022-11-22,False,Cebuano,PROD007
CUST01260,Luis,Thomas,Luis,luis.thomas738@yahoo.com,009177561547,Philippines,Amberview,2024-06-16,False,Tagalog,PROD006
CUST01261,Ray,Jackson,Ray,ray.jackson439@gmail.com,9174119556,Philippines,East Timothy,2023-02-11,False,English/Tagalog,PROD001
CUST01262,Raymond,Clayton,Raymond,raymond.clayton462@yahoo.com,+639178752070,Philippines,Matthewfort,2024-11-30,False,Tagalog,PROD001
CUST01263,Marcus,Rogers,Marcus,marcus.rogers668@gmail.com,+639177121241,Philippines,Laurenchester,2023-05-03,False,English/Tagalog,PROD010
CUST01264,Michelle,Mills,Michelle,michelle.mills580@hotmail.com,(0917) 873-1267,Philippines,Debrabury,2024-08-20,False,Tagalog,PROD004
CUST01265,Michael,Hernandez,Christopher,christopher.hernandez29@hotmail.com,(0917) 759-8897,Philippines,West Lisa,2024-05-21,False,Tagalog,PROD006
CUST01266,Kelly,Griffin,Kelly,kelly.griffin618@outlook.com,9171654308,Philippines,West Monique,2023-08-03,False,Tagalog,PROD003
CUST01267,Michelle,Martin,Miranda,miranda.martin25@gmail.com,9175764497,Philippines,Lake Lauraside,2025-11-20,True,Tagalog,PROD008
CUST01268,Mark,Hodge,Mark,mark.hodge317@hotmail.com,(0917) 867-6497,Philippines,Port Ronnieside,2023-09-21,False,English/Tagalog,PROD015
CUST01269,Renee,Carroll,Renee,renee.carroll437@hotmail.com,9170450063,Philippines,West Gary,2024-05-21,False,English,PROD006
CUST01270,Juan,Grant,Juan,juan.grant579@hotmail.com,9176927711,Philippines,Samuelville,2023-08-08,False,Cebuano,PROD003
CUST01271,Rita,Robbins,Rita,rita.robbins737@outlook.com,+639170255128,Philippines,East Anna,2022-11-20,False,Cebuano,PROD008
CUST01272,Jason,Palmer,Jason,jason.palmer629@gmail.com,(0917) 489-8959,Cote d'Ivoire,Johnside,2023-08-02,False,English/Tagalog,PROD006
CUST01273,Jacqueline,Miles,Jacqueline,jacqueline.miles896@outlook.com,009174344149,Philippines,Scottview,2023-11-01,False,Tagalog,PROD007
CUST01274,Lucas,Faulkner,Lucas,lucas.faulkner968@yahoo.com,9174497439,Philippines,South Danielview,2024-10-28,True,Tagalog,PROD015
CUST01275,Daniel,Kim,Daniel,daniel.kim513@gmail.com,9176297398,Philippines,New Jennifer,2025-09-16,False,English,PROD002
CUST01276,Todd,Burgess,Todd,todd.burgess708@hotmail.com,9172170754,Philippines,East Rickyburgh,2024-11-06,False,English/Tagalog,PROD004
CUST01277,Kyle,Myers,Kyle,kyle.myers136@hotmail.com,(0917) 203-0044,Philippines,Port Dawnton,2024-09-11,False,Tagalog,PROD014
CUST01278,Jasmine,Davis,Jasmine,jasmine.davis843@yahoo.com,(0917) 025-1213,Timor-Leste,East Brittanyfort,2024-01-27,False,English/Tagalog,PROD006
CUST01279,James,Byrd,Mark,mark.byrd860@outlook.com,+639177086199,Philippines,Ryanhaven,2024-03-13,False,Cebuano,PROD002
CUST01280,Natalie,Gomez,Angela,angela.gomez227@outlook.com,+639171138850,Belgium,Marymouth,2024-04-04,False,English/Tagalog,PROD005
CUST01281,Nichole,Webb,Stacy,stacy.webb255@yaho.com,+639173474246,Philippines,Judithbury,2025-12-11,False,English/Tagalog,PROD011
CUST01282,David,Brown,David,david.brown710@hotmail.com,9176800852,Comoros,West Robert,2025-07-13,False,Tagalog,PROD007
CUST01283,Nicholas,Jones,Nicholas,nicholas.jones996@gmail.com,009177741743,Philippines,East Amanda,2025-05-27,False,Tagalog,PROD005
CUST01284,Brent,Jones,Brent,brent.jones168@outlook.com,+639172894665,Kiribati,Port Jennatown,2024-06-16,False,Tagalog,PROD008
CUST01285,Carrie,Watson,Ashley,ashley.watson157@yahoo.com,(0917) 930-2025,Western Sahara,North Walter,2022-10-28,False,English,PROD010
CUST01286,Natalie,Chase,Natalie,natalie.chase419@yahoo.com,009177711675,Timor-Leste,East Joseph,2024-07-11,False,English/Tagalog,PROD008
CUST01287,Heidi,Aguilar,Heidi,heidi.aguilar323@outlook.com,009173024530,Philippines,Lynchtown,2025-05-13,False,Cebuano,PROD015
CUST01288,Jason,Fields,Jason,jason.fields222@yahoo.com,009174202847,Philippines,East Kellyview,2023-08-08,False,English,PROD013
CUST01289,Michelle,Green,Jessica,jessica.green678@yahoo.com,9172405076,Austria,Perezhaven,2023-09-22,False,English,PROD011
CUST01290,Rebecca,Bauer,Rebecca,rebecca.bauer708@hotmail.com,+639177546199,Philippines,South Jeremiahburgh,2025-03-10,False,Tagalog,PROD015
CUST01291,Kathy,Case,Kathy,kathy.case694@hotmail.com,9177258122,Philippines,Robinsonton,2023-06-04,False,Cebuano,PROD010
CUST01292,Shawn,Sanchez,Shawn,shawn.sanchez937@outlook.com,009178237337,Philippines,Lake Dakota,2024-06-30,False,English,PROD013
CUST01293,Dalton,Osborne,Dalton,dalton.osborne990@gmail.com,009178035869,Thailand,Marystad,2024-03-20,False,English,PROD011
CUST01294,Jessica,Bailey,Jessica,jessica.bailey497@gmail.com,9174039251,Philippines,South Christopher,2023-12-24,False,English,PROD012
CUST01295,Jennifer,Bennett,Jennifer,jennifer.bennett928@yahoo.com,+639177643387,Philippines,Bridgetshire,2026-02-21,False,Tagalog,PROD003
CUST01296,Jerry,Henry,Jesus,jesus.henry696@hotmail.com,+639175496330,Ireland,Jordanborough,2024-04-04,False,English/Tagalog,PROD004
CUST01297,Jesus,Harrington,Jesus,jesus.harrington861@gmail.com,9178789950,Philippines,Gordonmouth,2024-10-16,False,Cebuano,PROD008
CUST01298,Pam,Rollins,Pam,pam.rollins701@hotmail.com,9175195377,Malaysia,East Heatherborough,2025-12-02,False,English/Tagalog,PROD010
CUST01299,Frank,Evans,Frank,frank.evans899@yahoo.com,(0917) 956-3427,Philippines,Campbellfurt,2024-06-22,False,Cebuano,PROD008
CUST01300,Daniel,Douglas,Daniel,daniel.douglas908@gmail.com,009176581292,Philippines,South Makaylastad,2024-03-02,False,Tagalog,PROD011
CUST01301,Sheila,Burgess,Nancy,nancy.burgess331@outlook.com,(0917) 630-2955,Philippines,East Karen,2024-09-04,False,Tagalog,PROD004
CUST01302,Justin,Mullins,Justin,justin.mullins741@yahoo.com,9174206615,Philippines,Port Benjaminburgh,2025-03-23,False,Cebuano,PROD010
CUST01303,Sheri,Chambers,Amy,amy.chambers229@yahoo.com,+639178004983,Spain,Diazshire,2023-03-05,False,Tagalog,PROD002
CUST01304,Laura,Eaton,Dylan,dylan.eaton382@yahoo.com,(0917) 481-5826,Philippines,West Phillipbury,2022-09-17,False,English,PROD009
CUST01305,Edward,Morgan,Tanner,tanner.morgan269@gmail.com,009178806442,Switzerland,Yateston,2024-08-20,False,English/Tagalog,PROD001
CUST01306,Rachel,Barron,Rachel,rachel.barron322@hotmail.com,009178566464,Philippines,Maddoxland,2025-01-05,False,Cebuano,PROD010
CUST01307,Christine,Thomas,Christine,christine.thomas733@gmail.com,9176221320,Philippines,Grayton,2022-12-27,False,Cebuano,PROD012
CUST01308,Cristina,Santiago,Cristina,cristina.santiago498@gmail.com,+639178911797,Mexico,Christon,2023-07-31,False,Cebuano,PROD014
CUST01309,David,Morris,David,david.morris527@gmail.com,(0917) 318-0036,Philippines,Port Josephfort,2023-10-23,False,Tagalog,PROD007
CUST01310,Holly,Flores,Holly,holly.flores959@gmial.com,+639173285386,Philippines,South Ianburgh,2026-05-13,False,English,PROD014
CUST01311,Brent,Mitchell,Brent,brent.mitchell908@yahoo.com,(0917) 838-0582,Malawi,North Wendytown,2023-08-14,False,English,PROD014
CUST01312,Alexis,Carlson,Roger,roger.carlson443@hotmail.com,+639172763328,Martinique,North Elizabeth,2024-09-25,False,English/Tagalog,PROD015
CUST01313,Charles,Harris,Charles,charles.harris496@yahoo.com,+639176185186,Philippines,South Carol,2023-10-16,False,Cebuano,PROD007
CUST01314,James,Hudson,James,james.hudson77@gmial.com,+639173282339,Philippines,Peterfurt,2024-06-24,False,Tagalog,PROD002
CUST01315,Michael,Caldwell,Michael,michael.caldwell615@yahoo.com,(0917) 187-5067,Philippines,Jasonport,2026-03-28,True,Cebuano,PROD007
CUST01316,Barbara,Moore,Barbara,barbara.moore921@yaho.com,+639178814319,Philippines,West Angela,2024-10-13,False,English,PROD008
CUST01317,Carol,Gibson,Carol,carol.gibson608@gmail.com,(0917) 698-3845,Sri Lanka,Duketown,2023-06-08,True,Tagalog,PROD003
CUST01318,Garrett,Mcgee,Garrett,garrett.mcgee977@hotmail.com,009176862959,Philippines,Rodriguezborough,2023-06-04,False,Tagalog,PROD003
CUST01319,Samantha,Nelson,Samantha,samantha.nelson688@yahoo.com,009176074299,Philippines,Jonesbury,2024-11-20,False,English/Tagalog,PROD008
CUST01320,Jonathan,Elliott,Jonathan,jonathan.elliott449@outlok.com,(0917) 996-7080,Philippines,Kelseyhaven,2026-05-15,False,Cebuano,PROD005
CUST01321,Linda,Gonzalez,Linda,linda.gonzalez78@outlook.com,(0917) 839-8416,Philippines,East Kyle,2026-05-17,False,Cebuano,PROD004
CUST01322,Eric,Thompson,Eric,eric.thompson300@gmail.com,+639179804450,Philippines,New Julie,2026-03-26,False,English,PROD011
CUST01323,Betty,Graham,Betty,betty.graham909@yahoo.com,(0917) 026-2706,Philippines,West Kenneth,2025-04-24,False,English,PROD005
CUST01324,Matthew,Sanders,Matthew,matthew.sanders854@yahoo.com,+639174581308,Philippines,West Aliciamouth,2023-10-27,True,English/Tagalog,PROD014
CUST01325,Lisa,Coleman,Lisa,lisa.coleman755@yahoo.com,009177418563,Myanmar,Joehaven,2022-09-05,False,Cebuano,PROD003
CUST01326,Sierra,Huff,Sierra,sierra.huff48@gmial.com,+639175661995,Hong Kong,Port Jeremy,2024-05-29,False,English/Tagalog,PROD001
CUST01327,Seth,Allen,Seth,seth.allen197@outlook.com,(0917) 784-6790,San Marino,Daleside,2023-08-02,True,English,PROD015
CUST01328,Russell,Smith,Russell,russell.smith659@yahoo.com,009170013651,Philippines,Duarteburgh,2024-08-26,False,Cebuano,PROD004
CUST01329,Daniel,Perkins,Bruce,bruce.perkins281@gmail.com,009175686524,Philippines,Joeborough,2025-11-03,False,English,PROD007
CUST01330,Rachel,Jones,Rachel,rachel.jones447@outlook.com,009177256222,Philippines,Elizabethport,2025-03-01,False,Cebuano,PROD010
CUST01331,Mark,Kane,Mark,mark.kane315@gmail.com,+639177648455,Philippines,West Rebecca,2024-06-18,False,Tagalog,PROD010
CUST01332,April,Lopez,April,april.lopez851@outlok.com,+639171245531,San Marino,Colemanburgh,2026-01-31,False,English,PROD012
CUST01333,Trevor,Hess,Brian,brian.hess675@yahoo.com,(0917) 211-7327,Philippines,Campbellmouth,2022-11-02,False,Tagalog,PROD003
CUST01334,Courtney,Miles,Courtney,courtney.miles329@outlook.com,9178522942,Cuba,Alanville,2024-04-19,False,English/Tagalog,PROD003
CUST01335,Timothy,Dawson,Heather,heather.dawson630@outlook.com,009171710508,Philippines,Stephenhaven,2023-11-03,False,English/Tagalog,PROD006
CUST01336,John,Novak,John,john.novak784@outlook.com,9175352478,Australia,Jonesport,2025-05-12,False,English,PROD002
CUST01337,Tina,Conrad,Tina,tina.conrad585@outlook.com,9177344930,Philippines,Kennethfort,2026-04-12,False,Tagalog,PROD004
CUST01338,Christy,Wells,Tammy,tammy.wells895@yahoo.com,009171338926,Philippines,Baileyland,2022-11-29,False,Tagalog,PROD009
CUST01339,Caleb,Dominguez,Caleb,caleb.dominguez179@gmail.com,(0917) 787-3048,Philippines,South Dawnfort,2023-01-27,True,Tagalog,PROD003
CUST01340,Nancy,Stevens,John,john.stevens852@outlook.com,009173537801,Philippines,South Jacquelineland,2022-09-26,False,Cebuano,PROD006
CUST01341,Scott,Lawson,Scott,scott.lawson753@hotmail.com,009177762969,Philippines,Lake Jeremiahview,2023-06-12,False,Tagalog,PROD005
CUST01342,Matthew,Vega,Matthew,matthew.vega645@outlook.com,009176450999,Philippines,North Susanfort,2024-01-07,True,Cebuano,PROD012
CUST01343,Mark,Perez,Mark,mark.perez240@gmail.com,9175211896,Philippines,South Crystalbury,2025-08-02,False,English/Tagalog,PROD015
CUST01344,Daniel,Moore,Daniel,daniel.moore962@outlook.com,9179795728,Bermuda,Port Bradleyfort,2024-08-13,False,Cebuano,PROD014
CUST01345,Robin,Anderson,Robin,robin.anderson760@yahoo.com,(0917) 190-2217,Philippines,Jacksonland,2025-11-08,False,English,PROD012
CUST01346,Sabrina,Johnson,Sabrina,sabrina.johnson193@outlook.com,9179717059,Romania,Duaneland,2026-02-13,False,English,PROD015
CUST01347,Mary,Williams,Mary,mary.williams779@yahoo.com,+639172868112,Philippines,Collinstown,2025-01-30,False,Cebuano,PROD011
CUST01348,Kathryn,Willis,Kathryn,kathryn.willis592@gmail.com,009173978145,Suriname,West Samantha,2022-12-25,False,Tagalog,PROD015
CUST01349,Michael,Gonzalez,Michael,michael.gonzalez49@hotmail.com,+639175528669,Slovakia (Slovak Republic),North Erinton,2022-10-15,False,Cebuano,PROD004
CUST01350,Barbara,Johnson,Barbara,barbara.johnson476@gmail.com,009170532601,Philippines,South Nicholas,2022-10-29,False,English,PROD010
CUST01351,Julie,Torres,Julie,julie.torres486@yahoo.com,009174255136,Philippines,Susanside,2025-09-03,False,English,PROD010
CUST01352,Julie,Clark,Julie,julie.clark336@gmial.com,009170243736,Philippines,Port Ericport,2023-08-19,False,English/Tagalog,PROD015
CUST01353,Melanie,Clarke,Melanie,melanie.clarke451@hotmail.com,+639171358969,Philippines,West Christophermouth,2025-07-19,False,English,PROD004
CUST01354,Jennifer,Fox,Jennifer,jennifer.fox999@outlook.com,9176154731,Philippines,East Jason,2022-10-27,False,English/Tagalog,PROD014
CUST01355,Adam,Perez,Adam,adam.perez899@outlook.com,009171164369,Philippines,Port James,2025-07-11,False,Tagalog,PROD011
CUST01356,Adam,Holt,Adam,adam.holt876@yahoo.com,9172896660,Philippines,Samuelmouth,2026-01-24,False,English,PROD015
CUST01357,Jessica,Parker,Jessica,jessica.parker837@outlook.com,+639176101975,Philippines,Bartonhaven,2022-12-06,False,Cebuano,PROD006
CUST01358,Shawn,Mitchell,Shawn,shawn.mitchell383@outlok.com,(0917) 103-8802,Philippines,South Donna,2023-12-08,False,English/Tagalog,PROD004
CUST01359,Diane,Simpson,Diane,diane.simpson522@yahoo.com,+639171444718,Philippines,Moorefurt,2022-11-18,False,English,PROD010
CUST01360,Jessica,Hansen,Jessica,jessica.hansen412@gmail.com,9174909228,Philippines,North Johnathan,2024-06-08,False,Cebuano,PROD010
CUST01361,Brian,Romero,Brian,brian.romero724@outlook.com,(0917) 358-7271,Libyan Arab Jamahiriya,Burnsberg,2025-10-22,True,English/Tagalog,PROD005
CUST01362,Travis,Simpson,Travis,travis.simpson776@gmail.com,009176403439,Philippines,Cassidyshire,2022-10-10,False,English/Tagalog,PROD009
CUST01363,Mary,Scott,Mary,mary.scott228@outlook.com,9173364770,Philippines,Murraystad,2025-08-30,True,English,PROD002
CUST01364,Charles,Sheppard,Charles,charles.sheppard358@gmail.com,(0917) 386-0282,Philippines,Lake Elizabethfurt,2026-04-01,False,English,PROD003
CUST01365,Ashley,Johnson,Ashley,ashley.johnson175@gmail.com,+639173190577,Philippines,Michaelland,2025-10-05,False,English,PROD001
CUST01366,Seth,Thomas,Molly,molly.thomas859@hotmail.com,+639174193245,Philippines,New Michaelburgh,2024-07-25,True,English/Tagalog,PROD014
CUST01367,Morgan,Williams,Morgan,morgan.williams650@outlok.com,(0917) 224-8709,Mongolia,Brendaside,2024-06-23,False,English/Tagalog,PROD003
CUST01368,Lucas,Oneal,Lucas,lucas.oneal508@yahoo.com,+639174224043,Philippines,Marcberg,2022-08-02,False,English,PROD007
CUST01369,Erik,Burns,Virginia,virginia.burns442@outlook.com,(0917) 163-0702,Philippines,New Karenside,2023-09-18,False,Tagalog,PROD008
CUST01370,Anthony,Brown,Anthony,anthony.brown799@gmail.com,+639173662195,Japan,Lake Blake,2024-08-13,False,English,PROD007
CUST01371,Christine,Cross,Christine,christine.cross31@hotmail.com,009170173259,American Samoa,Richardfort,2024-10-05,False,English/Tagalog,PROD001
CUST01372,Elizabeth,Guzman,Michele,michele.guzman176@gmail.com,009172113869,Philippines,Diazburgh,2025-04-25,False,English/Tagalog,PROD012
CUST01373,Sara,Collier,Sara,sara.collier824@yahoo.com,+639174546171,Falkland Islands (Malvinas),Port Ronaldfort,2024-06-27,False,English/Tagalog,PROD009
CUST01374,Robert,Moore,Robert,robert.moore251@hotmail.com,+639176023442,Philippines,South Briannachester,2025-09-18,False,English,PROD006
CUST01375,Charles,Pineda,Amy,amy.pineda602@yahoo.com,(0917) 412-0944,New Zealand,Leemouth,2022-09-16,False,English/Tagalog,PROD013
CUST01376,Daniel,Simon,Daniel,daniel.simon431@yahoo.com,009175513276,Philippines,West Ryan,2026-01-12,False,English,PROD011
CUST01377,Susan,Hodges,Susan,susan.hodges354@yahoo.com,+639175985160,Philippines,Yangtown,2024-06-07,False,Cebuano,PROD002
CUST01378,Austin,Herman,Austin,austin.herman441@gmail.com,(0917) 864-9864,Philippines,Lake Nancy,2026-03-28,False,English/Tagalog,PROD009
CUST01379,Connor,Bush,Jennifer,jennifer.bush61@hotmail.com,009170884474,South Georgia and the South Sandwich Islands,Lake Jennifershire,2025-09-02,False,English,PROD009
CUST01380,Gary,Ponce,Gary,gary.ponce503@gmail.com,009174992164,Philippines,Robinsonfort,2022-11-18,False,Tagalog,PROD001
CUST01381,John,Fowler,John,john.fowler805@yahoo.com,9175348486,Nigeria,Port Kaitlynview,2023-07-11,True,Tagalog,PROD008
CUST01382,Abigail,Miller,Troy,troy.miller443@hotmail.com,(0917) 220-2123,Cape Verde,East Adamton,2023-09-15,False,English,PROD011
CUST01383,Theodore,Carson,Theodore,theodore.carson214@outlok.com,(0917) 300-0088,Taiwan,South William,2022-12-07,False,English/Tagalog,PROD004
CUST01384,Samuel,Rodriguez,Samuel,samuel.rodriguez4@gmail.com,009178899114,France,Scottstad,2025-11-27,True,English,PROD007
CUST01385,Desiree,Sandoval,Desiree,desiree.sandoval143@yahoo.com,009177379897,Philippines,North Andrew,2025-02-04,False,Cebuano,PROD007
CUST01386,Gregory,Brennan,Gregory,gregory.brennan888@gmail.com,009178674630,Cocos (Keeling) Islands,New Harold,2023-04-10,False,Cebuano,PROD001
CUST01387,Jacqueline,Turner,Jacqueline,jacqueline.turner912@yahoo.com,9171371181,Philippines,East Charlestown,2024-04-24,False,Cebuano,PROD002
CUST01388,Jenna,Sanders,Jenna,jenna.sanders778@outlook.com,009179420340,Philippines,North Johnhaven,2023-10-14,False,Cebuano,PROD006
CUST01389,John,Murphy,John,john.murphy385@gmail.com,(0917) 999-4494,Philippines,West Jadeside,2023-12-06,False,English,PROD007
CUST01390,David,Schroeder,Joshua,joshua.schroeder660@yahoo.com,+639170281822,Philippines,Martinezmouth,2024-04-20,False,Cebuano,PROD009
CUST01391,Stacy,Burke,Stacy,stacy.burke401@yahoo.com,9172085817,Philippines,South Jessica,2024-10-18,False,Tagalog,PROD012
CUST01392,Heidi,Peters,Heidi,heidi.peters198@outlook.com,009176423570,Philippines,North Matthew,2024-04-08,False,Tagalog,PROD005
CUST01393,Victoria,Snyder,Victoria,victoria.snyder119@outlook.com,9176125590,Jersey,Elizabethshire,2026-02-13,False,English,PROD011
CUST01394,Jamie,Chapman,Oscar,oscar.chapman271@yahoo.com,+639176600128,Philippines,Trevinoborough,2023-01-13,False,English,PROD009
CUST01395,Latoya,Brennan,Latoya,latoya.brennan926@yahoo.com,009172961512,Niue,South Justin,2022-11-06,False,Cebuano,PROD011
CUST01396,Sheena,Perez,Willie,willie.perez333@hotmail.com,+639173446042,Philippines,Anthonymouth,2025-06-17,False,Cebuano,PROD008
CUST01397,Tamara,Stewart,Tamara,tamara.stewart91@gmail.com,(0917) 530-5734,Philippines,West Mackenzieside,2023-10-15,False,English/Tagalog,PROD014
CUST01398,Melissa,Mcmahon,Patrick,patrick.mcmahon168@hotmail.com,009175127267,Philippines,Palmertown,2026-03-16,False,English/Tagalog,PROD009
CUST01399,Frederick,Roman,Frederick,frederick.roman877@hotmail.com,(0917) 241-9768,Comoros,Perezmouth,2024-01-25,False,Cebuano,PROD009
CUST01400,Debra,Moore,Debra,debra.moore593@gmail.com,9170350061,Philippines,West Harry,2022-12-30,False,Tagalog,PROD009
CUST01401,Matthew,Walker,Mason,mason.walker832@outlook.com,+639173404668,Philippines,Jacksonchester,2026-01-10,False,English/Tagalog,PROD002
CUST01402,Julia,Ferguson,Julia,julia.ferguson263@outlook.com,009179206441,Philippines,Amandaside,2022-09-13,False,Tagalog,PROD002
CUST01403,Kelly,Rodriguez,Kelly,kelly.rodriguez475@gmail.com,9173063435,Lebanon,Lake Kristina,2024-03-09,False,Tagalog,PROD009
CUST01404,Tina,Peterson,Tina,tina.peterson430@outlook.com,009178066405,Philippines,Sparkschester,2025-12-25,True,English,PROD014
CUST01405,Clifford,Ramirez,Heather,heather.ramirez673@outlook.com,009174123016,Philippines,East Bradport,2023-08-22,False,English/Tagalog,PROD005
CUST01406,Anthony,Medina,Alice,alice.medina103@yahoo.com,+639178600320,Philippines,Port Christopher,2025-09-04,False,English,PROD002
CUST01407,Lisa,Ramirez,Kevin,kevin.ramirez14@outlok.com,009173471317,Iraq,East Ericaton,2023-02-18,False,English/Tagalog,PROD010
CUST01408,Justin,Guerrero,Sara,sara.guerrero776@gmail.com,009176259084,Philippines,Rodriguezmouth,2025-06-06,False,English/Tagalog,PROD010
CUST01409,John,Rowland,John,john.rowland944@outlook.com,9170113753,Philippines,Alexside,2023-05-15,False,English/Tagalog,PROD009
CUST01410,Jacob,Wright,Jacob,jacob.wright4@hotmail.com,009177279037,Philippines,New James,2022-09-07,True,English,PROD007
CUST01411,Erin,Douglas,Erin,erin.douglas159@hotmail.com,(0917) 239-9647,Philippines,Robertborough,2024-03-04,False,Cebuano,PROD013
CUST01412,Joseph,Avila,Joseph,joseph.avila430@gmail.com,9178102480,Philippines,Lake Jennifer,2023-10-17,False,English,PROD013
CUST01413,Chad,Robinson,Melissa,melissa.robinson301@outlook.com,(0917) 323-6221,Philippines,North Victoria,2024-05-04,False,English/Tagalog,PROD010
CUST01414,Kathleen,Peterson,Kathleen,kathleen.peterson683@hotmail.com,009177067516,Philippines,Albertbury,2023-08-08,False,Cebuano,PROD004
CUST01415,Daniel,Smith,Daniel,daniel.smith57@yaho.com,(0917) 164-2610,Philippines,Melindaton,2025-08-10,False,English,PROD015
CUST01416,Michael,King,Michael,michael.king161@outlook.com,+639174319839,Philippines,Port Daniel,2026-02-25,False,English,PROD005
CUST01417,Christine,Short,Christine,christine.short110@gmail.com,+639176910530,Philippines,North Davidfurt,2023-12-08,True,English/Tagalog,PROD002
CUST01418,Michael,Castillo,Michael,michael.castillo414@hotmail.com,009173395348,Philippines,North Daniel,2023-06-27,True,English,PROD002
CUST01419,Angela,Combs,Angela,angela.combs431@outlook.com,9174278961,Philippines,Wilsonborough,2025-10-20,False,English,PROD008
CUST01420,Jason,Vargas,Jacqueline,jacqueline.vargas930@gmail.com,(0917) 751-2395,Philippines,East Marilynstad,2024-06-26,False,Tagalog,PROD009
CUST01421,Michelle,Jackson,Michelle,michelle.jackson832@gmail.com,9179723602,Philippines,Catherineland,2023-08-12,False,Cebuano,PROD013
CUST01422,Robert,Clark,Robert,robert.clark480@hotmail.com,(0917) 205-1710,Philippines,North Michaelfort,2026-03-30,False,English,PROD004
CUST01423,Matthew,Wells,Matthew,matthew.wells493@outlook.com,9178370317,Slovenia,Austintown,2026-02-03,False,Tagalog,PROD005
CUST01424,Christopher,Martin,Christopher,christopher.martin861@outlook.com,+639174857260,Philippines,Port Edward,2024-06-09,False,English/Tagalog,PROD010
CUST01425,Michael,Hill,Michael,michael.hill915@hotmail.com,(0917) 728-8407,Philippines,Port Kimberlyport,2023-06-04,True,English/Tagalog,PROD007
CUST01426,Edgar,Bridges,Edgar,edgar.bridges70@yahoo.com,+639173538676,Philippines,New Karenside,2023-01-23,False,English/Tagalog,PROD006
CUST01427,Michelle,Smith,Michelle,michelle.smith417@hotmail.com,+639170488693,Philippines,Stacieburgh,2025-08-15,False,Tagalog,PROD001
CUST01428,Kelly,Cherry,Kelly,kelly.cherry704@outlook.com,009178927396,Philippines,Samanthaborough,2024-04-21,False,English/Tagalog,PROD015
CUST01429,Nathaniel,Mcclure,Nathaniel,nathaniel.mcclure699@gmail.com,(0917) 567-0789,Australia,Jordanshire,2024-06-22,False,Tagalog,PROD008
CUST01430,Albert,Murray,Albert,albert.murray884@gmail.com,+639170384227,Philippines,North Jeremyville,2023-07-09,False,English/Tagalog,PROD014
CUST01431,Angela,Scott,Angela,angela.scott181@yaho.com,9172271117,Rwanda,East Jeremyshire,2022-12-11,False,English,PROD011
CUST01432,Laura,Gomez,Laura,laura.gomez59@gmail.com,9174298514,Philippines,Myersside,2025-03-14,False,Tagalog,PROD014
CUST01433,Yvonne,Ortega,Alex,alex.ortega856@yahoo.com,009176903922,Philippines,North Christophermouth,2025-07-25,False,English,PROD015
CUST01434,Kevin,Holland,Anthony,anthony.holland408@outlook.com,009174710680,Philippines,Johnfurt,2023-10-11,False,English,PROD008
CUST01435,Gary,Walters,Gary,gary.walters199@gmail.com,+639177050049,Philippines,Kristymouth,2025-07-30,False,Tagalog,PROD004
CUST01436,Bryce,Reeves,Bryce,bryce.reeves230@outlook.com,+639171729476,Philippines,East Josephport,2024-01-01,False,English,PROD015
CUST01437,Andre,Neal,Andre,andre.neal161@outlook.com,+639175998519,Philippines,Chelseaton,2024-01-16,False,Tagalog,PROD012
CUST01438,Cassandra,Kent,Cassandra,cassandra.kent882@hotmail.com,009171291635,Mayotte,Travismouth,2025-12-15,False,English/Tagalog,PROD005
CUST01439,Lynn,Carter,Christopher,christopher.carter464@hotmail.com,9176527284,Philippines,Lake Luis,2025-10-17,False,Cebuano,PROD004
CUST01440,Meredith,Ferguson,Eric,eric.ferguson560@gmail.com,009176406756,Philippines,South Kirstenmouth,2024-03-05,True,English,PROD003
CUST01441,Justin,Miller,Justin,justin.miller170@yahoo.com,9172154390,Philippines,Williston,2024-07-09,False,Tagalog,PROD005
CUST01442,Curtis,Jones,Sue,sue.jones198@yahoo.com,009173320235,Philippines,Port Rachael,2022-11-06,False,Cebuano,PROD001
CUST01443,Brooke,Mccoy,Brooke,brooke.mccoy906@gmail.com,9173545036,Grenada,Theodorehaven,2023-03-07,False,Tagalog,PROD012
CUST01444,Belinda,Brady,Hailey,hailey.brady253@yahoo.com,009176296208,Philippines,Francesborough,2024-12-07,False,Tagalog,PROD006
CUST01445,Joseph,Webster,Christian,christian.webster93@outlook.com,9172907596,Lao People's Democratic Republic,South Amanda,2023-12-12,False,Tagalog,PROD015
CUST01446,Ruben,Martinez,Ruben,ruben.martinez991@gmail.com,9177631774,Philippines,Lake Michelletown,2025-04-29,False,English/Tagalog,PROD005
CUST01447,Nancy,Montgomery,Robert,robert.montgomery580@outlook.com,+639173759192,Philippines,North Robertashire,2024-05-27,False,English,PROD007
CUST01448,Jay,Vaughn,Jay,jay.vaughn132@yahoo.com,9176475286,Philippines,Lake Tammy,2025-11-03,False,English,PROD007
CUST01449,Jenna,Brown,Jenna,jenna.brown829@hotmail.com,9173009928,Pitcairn Islands,Ginaton,2024-10-21,False,Tagalog,PROD006
CUST01450,Ronald,Carrillo,Cassandra,cassandra.carrillo708@gmial.com,+639173550514,Uganda,Mooreport,2024-06-18,False,English,PROD012
CUST01451,Heather,Mullins,Heather,heather.mullins453@gmail.com,+639177972479,Philippines,Stephaniebury,2023-06-19,False,Tagalog,PROD006
CUST01452,Luis,Carter,Jillian,jillian.carter242@gmail.com,9174581920,Philippines,Gutierrezburgh,2025-09-03,False,English/Tagalog,PROD013
CUST01453,Megan,White,Megan,megan.white204@hotmail.com,9173329986,Philippines,North Jennifer,2023-04-03,False,English,PROD002
CUST01454,Sara,Reed,Laura,laura.reed682@hotmail.com,9174640858,Philippines,Martinezland,2023-09-22,False,Tagalog,PROD012
CUST01455,Joshua,Houston,Joshua,joshua.houston728@outlook.com,(0917) 726-2084,Philippines,Ponceton,2025-03-19,False,Tagalog,PROD008
CUST01456,Kristin,Parker,Kristin,kristin.parker653@yahoo.com,+639175519628,Philippines,Garciatown,2024-06-03,False,English,PROD003
CUST01457,Michael,Thomas,Michael,michael.thomas680@outlook.com,+639176247286,Holy See (Vatican City State),Lake Robertside,2022-10-19,False,English,PROD010
CUST01458,Patrick,Martinez,Michael,michael.martinez252@yahoo.com,009174149929,Philippines,Pottsstad,2024-09-28,False,English/Tagalog,PROD013
CUST01459,Vanessa,Montes,Vanessa,vanessa.montes420@hotmial.com,(0917) 604-5095,Philippines,North Isaactown,2023-07-16,False,Cebuano,PROD004
CUST01460,Glen,Griffin,Glen,glen.griffin630@gmail.com,+639171019335,Philippines,West Elizabeth,2023-11-13,False,Cebuano,PROD009
CUST01461,Michelle,Young,Michelle,michelle.young607@gmial.com,+639173600608,Philippines,Wilsonberg,2023-03-31,True,English/Tagalog,PROD008
CUST01462,Robert,Gonzalez,Robert,robert.gonzalez767@gmail.com,+639176076264,Philippines,Markview,2023-01-02,False,English,PROD012
CUST01463,Taylor,Young,Danielle,danielle.young178@outlook.com,+639173461762,Philippines,Wendyville,2024-09-12,False,Tagalog,PROD011
CUST01464,Robin,Love,Robin,robin.love960@gmial.com,+639179441642,Philippines,East Joshua,2025-07-30,False,Cebuano,PROD012
CUST01465,Luke,Nunez,Katherine,katherine.nunez476@yahoo.com,(0917) 768-5760,Philippines,Brittanytown,2026-02-20,False,Cebuano,PROD014
CUST01466,Kimberly,Skinner,Mary,mary.skinner902@gmail.com,(0917) 617-5518,Australia,Lake Deanberg,2023-05-31,False,English/Tagalog,PROD001
CUST01467,Sonya,Johnson,Sonya,sonya.johnson715@yahoo.com,9172024837,Netherlands Antilles,New Jonathon,2024-11-04,True,English/Tagalog,PROD005
CUST01468,Jonathan,Haynes,Stephen,stephen.haynes800@outlook.com,009175386947,Philippines,Garyfurt,2022-12-06,False,Cebuano,PROD003
CUST01469,Walter,Ball,Walter,walter.ball141@hotmail.com,+639176890472,Philippines,Griffithchester,2022-11-22,False,English,PROD009
CUST01470,David,Gonzalez,David,david.gonzalez233@gmail.com,(0917) 855-7421,Philippines,Port Nicole,2024-12-05,False,English,PROD012
CUST01471,Jasmine,Smith,Jasmine,jasmine.smith226@gmail.com,(0917) 781-4604,Philippines,South Rogerfurt,2024-02-12,False,English,PROD014
CUST01472,William,Watson,William,william.watson929@hotmail.com,(0917) 844-3706,Philippines,West Taylor,2023-07-23,False,Cebuano,PROD002
CUST01473,David,Hernandez,David,david.hernandez870@outlook.com,9177263681,Philippines,Troyview,2023-07-08,False,Cebuano,PROD011
CUST01474,Nathan,Morris,Nathan,nathan.morris153@gmail.com,9177729108,Philippines,North Courtneystad,2025-10-25,False,English/Tagalog,PROD006
CUST01475,Brittany,Jennings,Michael,michael.jennings771@yahoo.com,9176050337,Philippines,East Richard,2024-10-04,False,Tagalog,PROD015
CUST01476,Christopher,Tucker,Paula,paula.tucker682@hotmail.com,+639173067182,Philippines,Nelsonhaven,2024-07-20,False,English/Tagalog,PROD012
CUST01477,Jennifer,Carey,Jennifer,jennifer.carey630@outlook.com,+639170878865,Turks and Caicos Islands,Lake Adamfurt,2025-01-24,False,English,PROD009
CUST01478,Kenneth,Love,Kenneth,kenneth.love210@yahoo.com,009174289876,Hungary,North Jonathan,2025-10-19,False,Cebuano,PROD012
CUST01479,Mark,Johnson,Mark,mark.johnson143@outlook.com,(0917) 170-4861,Angola,Autumnland,2025-05-26,True,English/Tagalog,PROD011
CUST01480,Brittany,Clements,Brittany,brittany.clements412@gmail.com,+639172907399,Anguilla,South Hannahbury,2025-05-29,False,English,PROD013
CUST01481,Sydney,Hatfield,Sydney,sydney.hatfield576@yahoo.com,(0917) 265-3371,Slovakia (Slovak Republic),North Jason,2023-08-08,True,English/Tagalog,PROD012
CUST01482,Julia,Vance,Julia,julia.vance176@outlook.com,+639176942039,Philippines,Seanborough,2024-02-07,False,Cebuano,PROD015
CUST01483,Veronica,Tucker,Veronica,veronica.tucker368@gmail.com,+639179967069,Philippines,Wallborough,2024-03-15,False,English/Tagalog,PROD002
CUST01484,Tyler,Clark,Donald,donald.clark622@outlook.com,+639178243884,Philippines,Kaylaville,2024-08-23,False,English,PROD013
CUST01485,Sarah,Hughes,Sarah,sarah.hughes515@gmail.com,009170664315,Philippines,Lake Nancy,2025-10-01,False,Tagalog,PROD002
CUST01486,Harold,Day,Harold,harold.day205@gmail.com,(0917) 701-7092,Philippines,Coxfort,2025-10-06,False,English,PROD011
CUST01487,Brittany,Salinas,Brittany,brittany.salinas920@gmail.com,(0917) 172-6282,Philippines,East Zacharyside,2025-06-17,False,Cebuano,PROD009
CUST01488,Angela,Raymond,Angela,angela.raymond31@outlook.com,+639170728895,Philippines,Birdview,2023-12-20,False,English,PROD011
CUST01489,David,Khan,Luis,luis.khan607@gmail.com,(0917) 196-1276,Philippines,New Kathleen,2023-05-28,True,Tagalog,PROD003
CUST01490,Brad,Bennett,Brad,brad.bennett468@yahoo.com,+639170263444,Norway,Davidsonburgh,2024-10-27,False,Tagalog,PROD006
CUST01491,Sandra,Davis,Sandra,sandra.davis697@outlook.com,9177012042,Philippines,Reevesshire,2026-03-07,False,English/Tagalog,PROD003
CUST01492,Patricia,Rhodes,Patricia,patricia.rhodes160@gmail.com,9173753028,Philippines,Lake Sarah,2022-08-08,False,English,PROD010
CUST01493,Kevin,Davis,Kevin,kevin.davis460@hotmail.com,9170243652,Philippines,Brandonbury,2025-04-24,False,English/Tagalog,PROD001
CUST01494,Shane,Barnes,Shane,shane.barnes835@gmail.com,+639177540364,Philippines,South John,2025-08-12,False,English/Tagalog,PROD002
CUST01495,Elaine,Andrews,Elaine,elaine.andrews284@yahoo.com,009176623236,Philippines,New Courtney,2023-11-25,False,English/Tagalog,PROD007
CUST01496,John,Guerrero,John,john.guerrero596@gmail.com,+639174972204,Philippines,New Craigside,2023-07-07,False,English/Tagalog,PROD010
CUST01497,Darryl,Murphy,Darryl,darryl.murphy427@yaho.com,+639176179962,Philippines,North Ivan,2023-01-11,False,Tagalog,PROD015
CUST01498,Ivan,Sanders,Ivan,ivan.sanders770@yahoo.com,(0917) 876-8877,Philippines,New Williamview,2026-05-04,False,English/Tagalog,PROD010
CUST01499,Michael,Salazar,Peter,peter.salazar538@gmail.com,9172084931,Philippines,Jodiport,2022-09-29,False,English,PROD004
CUST01500,Michael,Smith,Christopher,christopher.smith31@yahoo.com,+639170144076,Philippines,Anthonyborough,2026-03-26,False,English,PROD014
CUST01501,Jennifer,Moreno,Jennifer,jennifer.moreno678@outlook.com,009173049134,Philippines,East Ashley,2024-11-30,False,English/Tagalog,PROD001
CUST01502,Jason,Miller,Jason,jason.miller606@hotmail.com,+639179865642,Barbados,South Jennifer,2023-01-17,False,Tagalog,PROD005
CUST01503,Ashley,Jones,Holly,holly.jones852@yahoo.com,009173097669,Saint Lucia,Joneshaven,2024-09-13,False,English/Tagalog,PROD010
CUST01504,Christopher,Parker,Michael,michael.parker878@gmail.com,9175682017,Philippines,Bradleyville,2024-06-24,True,English/Tagalog,PROD004
CUST01505,Raymond,Fry,Raymond,raymond.fry492@hotmail.com,9172404347,Mayotte,Hartville,2024-08-01,False,English,PROD002
CUST01506,Jennifer,Anderson,Jennifer,jennifer.anderson324@hotmail.com,+639176100777,Philippines,Port Timothy,2023-07-05,False,Cebuano,PROD011
CUST01507,David,Mendoza,Logan,logan.mendoza590@hotmial.com,009172025999,Philippines,East Alison,2024-01-28,False,Tagalog,PROD010
CUST01508,Thomas,Burns,Thomas,thomas.burns189@yahoo.com,009174447489,Philippines,Port Jared,2024-09-03,False,English/Tagalog,PROD013
CUST01509,Lee,Mcguire,Lee,lee.mcguire794@hotmail.com,009173510765,Myanmar,East Robinstad,2024-05-01,True,English/Tagalog,PROD013
CUST01510,Matthew,Peck,Matthew,matthew.peck712@outlok.com,9173289514,Philippines,New Michelechester,2023-08-06,False,English,PROD007
CUST01511,Nancy,Nguyen,Nancy,nancy.nguyen353@outlook.com,9175811574,Liechtenstein,West Jamesmouth,2024-05-03,False,Cebuano,PROD012
CUST01512,Jessica,Stewart,Jessica,jessica.stewart49@gmail.com,+639177700409,Moldova,New John,2023-07-10,True,Cebuano,PROD015
CUST01513,Joshua,Cook,Joshua,joshua.cook283@outlook.com,009170398221,Philippines,Randallland,2023-04-11,False,Tagalog,PROD011
CUST01514,Maria,Pennington,Maria,maria.pennington381@gmail.com,009178864078,Philippines,Charlesburgh,2024-08-02,False,Cebuano,PROD003
CUST01515,Amy,Garcia,Breanna,breanna.garcia448@hotmail.com,+639179333562,Lao People's Democratic Republic,Andersonstad,2022-12-05,False,English/Tagalog,PROD001
CUST01516,Anthony,Moreno,Anthony,anthony.moreno520@gmail.com,(0917) 067-0898,Philippines,West Robert,2026-03-15,True,English,PROD001
CUST01517,Joshua,Diaz,Joshua,joshua.diaz741@gmail.com,(0917) 431-1326,Philippines,Lake Dana,2024-05-09,False,Cebuano,PROD002
CUST01518,Joanne,Romero,Joanne,joanne.romero409@outlook.com,9173211960,Mauritius,Brownshire,2023-07-02,False,Tagalog,PROD008
CUST01519,Virginia,Jones,Samantha,samantha.jones927@outlook.com,9177077454,Mongolia,Douglasfort,2023-11-05,False,English,PROD008
CUST01520,Joseph,White,Joseph,joseph.white917@yahoo.com,9173171461,Philippines,Krystalshire,2023-07-11,False,English/Tagalog,PROD012
CUST01521,Stacy,Martinez,Stacy,stacy.martinez418@hotmail.com,+639172359605,Philippines,Robinfurt,2026-04-10,False,Cebuano,PROD001
CUST01522,Connie,Rodriguez,Kathryn,kathryn.rodriguez569@outlook.com,9177036860,Liechtenstein,Port Norma,2023-10-17,False,English,PROD015
CUST01523,Alexander,Schwartz,Alexander,alexander.schwartz9@yahoo.com,009175028164,Philippines,South Stanley,2022-11-18,False,Tagalog,PROD010
CUST01524,Henry,Morales,Henry,henry.morales61@gmail.com,9173025209,Philippines,Richardmouth,2024-12-19,False,English/Tagalog,PROD006
CUST01525,Travis,Patterson,Travis,travis.patterson376@hotmail.com,(0917) 319-2600,Philippines,Port Maryhaven,2024-06-26,False,Cebuano,PROD001
CUST01526,Amanda,Delgado,Amanda,amanda.delgado678@hotmail.com,9175449205,Philippines,Lisatown,2025-03-07,False,Cebuano,PROD012
CUST01527,Todd,Rodriguez,Todd,todd.rodriguez128@yahoo.com,9178081896,Philippines,Moratown,2023-04-14,False,Cebuano,PROD011
CUST01528,Sara,Pearson,Sara,sara.pearson161@hotmail.com,(0917) 295-2179,Philippines,South Gwendolyn,2025-10-21,False,English,PROD001
CUST01529,James,Davis,James,james.davis431@hotmail.com,9172486070,Cameroon,Cochranmouth,2026-04-30,False,English/Tagalog,PROD008
CUST01530,Arthur,White,Arthur,arthur.white202@hotmial.com,9175158501,Philippines,Masonville,2024-10-01,True,Tagalog,PROD004
CUST01531,Margaret,Miller,Margaret,margaret.miller829@gmail.com,009171560587,Philippines,Timothyborough,2023-08-23,False,English,PROD006
CUST01532,Matthew,Carter,Matthew,matthew.carter581@outlook.com,9174064531,Togo,Port Christopher,2026-05-05,False,English,PROD012
CUST01533,Michelle,Kennedy,Michelle,michelle.kennedy956@hotmail.com,(0917) 189-8664,Philippines,Lake Mariahbury,2022-12-05,False,English,PROD010
CUST01534,Cynthia,Calhoun,Cynthia,cynthia.calhoun731@yahoo.com,009179748768,Philippines,Colleenport,2022-09-29,True,Tagalog,PROD006
CUST01535,Timothy,White,Timothy,timothy.white821@hotmail.com,+639171843019,Philippines,West Ryan,2026-03-11,False,English/Tagalog,PROD003
CUST01536,Chelsea,Hernandez,Chelsea,chelsea.hernandez148@yahoo.com,9179732396,Philippines,West Amandaborough,2023-06-21,False,Tagalog,PROD005
CUST01537,Allison,Daniels,Allison,allison.daniels958@yahoo.com,(0917) 769-9242,Kenya,Christinebury,2024-05-26,False,Tagalog,PROD008
CUST01538,Nancy,Hardy,Nancy,nancy.hardy48@outlook.com,009172320914,Philippines,West Joshuafurt,2023-04-02,False,Tagalog,PROD002
CUST01539,Haley,Carter,Haley,haley.carter985@outlook.com,009174719982,Philippines,Port Joshuamouth,2025-11-28,False,Cebuano,PROD013
CUST01540,Jennifer,Vargas,Jennifer,jennifer.vargas707@outlook.com,009175260756,Philippines,Port Michaelfurt,2024-08-29,False,English,PROD004
CUST01541,Sarah,Gallegos,Kathryn,kathryn.gallegos252@hotmail.com,(0917) 322-6227,Philippines,North Jenniferborough,2025-05-17,False,English,PROD008
CUST01542,Carlos,Bruce,Carlos,carlos.bruce412@gmail.com,9174707038,Philippines,Lake Victorview,2022-08-11,False,Cebuano,PROD001
CUST01543,Caitlin,Stevens,Caitlin,caitlin.stevens816@yahoo.com,009174241074,Benin,West Katherine,2023-10-06,False,English/Tagalog,PROD003
CUST01544,Pamela,Thomas,Pamela,pamela.thomas439@outlook.com,+639177625906,Greece,Lake Carlosfurt,2024-05-28,False,English/Tagalog,PROD001
CUST01545,Sarah,Neal,Brenda,brenda.neal813@outlook.com,9176461497,Philippines,Lucashaven,2024-06-20,False,Tagalog,PROD006
CUST01546,Matthew,Santos,Victoria,victoria.santos716@yahoo.com,9179798491,Latvia,South Georgeburgh,2025-06-04,False,English,PROD010
CUST01547,Kyle,Campbell,Kyle,kyle.campbell15@outlook.com,+639174932664,Philippines,Orrland,2025-10-31,False,Cebuano,PROD003
CUST01548,Deborah,Hanson,Deborah,deborah.hanson161@gmail.com,9178981159,Uzbekistan,New Joseshire,2023-06-12,False,English,PROD009
CUST01549,Carolyn,Williams,Kylie,kylie.williams462@gmail.com,(0917) 622-3984,Philippines,Stuartfort,2023-11-02,False,Tagalog,PROD005
CUST01550,Tyler,Weaver,Tyler,tyler.weaver713@hotmail.com,+639177188822,Philippines,West Peterton,2024-03-12,False,English/Tagalog,PROD008
CUST01551,Tiffany,Stevens,Jon,jon.stevens535@outlok.com,(0917) 061-3495,Philippines,Port Amymouth,2025-01-04,False,Cebuano,PROD005
CUST01552,Tara,Perry,Tara,tara.perry704@outlook.com,+639177949638,Mongolia,Robinsonville,2023-02-28,False,English/Tagalog,PROD001
CUST01553,Robert,Watts,Amanda,amanda.watts52@hotmail.com,(0917) 809-2616,Philippines,Jenkinstown,2023-02-21,False,Cebuano,PROD003
CUST01554,Christian,Wong,Christian,christian.wong417@hotmail.com,9174578655,Philippines,Port Matthew,2025-12-10,False,Tagalog,PROD015
CUST01555,Glenn,Bell,Glenn,glenn.bell8@hotmail.com,+639170687586,Philippines,South Davidhaven,2023-02-28,False,English/Tagalog,PROD005
CUST01556,Julia,Ramirez,Julia,julia.ramirez158@outlook.com,(0917) 244-4189,Philippines,Lake Andrew,2023-09-06,False,Tagalog,PROD015
CUST01557,Amy,Durham,Amy,amy.durham437@hotmail.com,(0917) 083-5701,Cayman Islands,Brianmouth,2026-01-18,False,English,PROD001
CUST01558,Samuel,Miller,Samuel,samuel.miller275@outlook.com,9172386020,Philippines,New Kaylastad,2025-11-30,False,Tagalog,PROD012
CUST01559,Jesus,Rodriguez,Kelsey,kelsey.rodriguez218@outlook.com,(0917) 490-9619,Philippines,Sharonhaven,2023-12-14,False,English/Tagalog,PROD010
CUST01560,Timothy,Sellers,Andrea,andrea.sellers157@outlook.com,9178413569,Philippines,North Amyside,2022-12-17,False,English,PROD009
CUST01561,Jennifer,Perez,Jennifer,jennifer.perez387@outlook.com,+639177480957,Philippines,New Karen,2022-08-26,True,Cebuano,PROD010
CUST01562,Jennifer,Rasmussen,Jennifer,jennifer.rasmussen443@gmail.com,+639170294420,Philippines,Johnbury,2023-10-04,False,Tagalog,PROD002
CUST01563,Michelle,Garcia,Michelle,michelle.garcia892@outlook.com,009170734203,Uganda,Beverlymouth,2025-01-21,False,English/Tagalog,PROD010
CUST01564,Jennifer,Blanchard,Jennifer,jennifer.blanchard625@hotmail.com,+639175141864,Philippines,South Williamtown,2025-09-24,False,Tagalog,PROD004
CUST01565,Sonia,Short,Sonia,sonia.short533@outlook.com,+639176841962,Swaziland,Lake Debrahaven,2023-01-11,False,English/Tagalog,PROD011
CUST01566,Maria,Mueller,Paul,paul.mueller386@outlook.com,+639179427674,Palau,North Michaelstad,2022-11-22,False,English,PROD002
CUST01567,Linda,Norris,Linda,linda.norris219@yahoo.com,+639171518178,Czech Republic,South Tiffanyport,2023-07-30,False,Cebuano,PROD005
CUST01568,Mario,Cox,Mario,mario.cox562@outlook.com,+639179062327,Philippines,North Eric,2025-11-14,False,English,PROD004
CUST01569,William,Bryant,William,william.bryant696@yahoo.com,(0917) 900-6548,Philippines,Ashleybury,2025-12-27,False,English/Tagalog,PROD001
CUST01570,Joseph,Elliott,Joseph,joseph.elliott73@outlook.com,009177675539,Moldova,West Kenneth,2024-07-26,False,English,PROD014
CUST01571,Gary,Collins,Gary,gary.collins68@yahoo.com,9175915790,Philippines,Trevinoview,2023-08-22,False,English/Tagalog,PROD006
CUST01572,Robert,Glover,Daniel,daniel.glover564@yahoo.com,009178763802,Philippines,Williamborough,2024-06-08,True,Tagalog,PROD011
CUST01573,Michael,Gamble,Michael,michael.gamble959@gmail.com,+639179051881,Philippines,Riversville,2022-10-26,False,English/Tagalog,PROD015
CUST01574,Sarah,Romero,Sarah,sarah.romero138@gmail.com,009170706690,Philippines,Victormouth,2024-09-02,False,English/Tagalog,PROD001
CUST01575,Monique,Long,Monique,monique.long622@yahoo.com,(0917) 334-8649,Philippines,Osbornemouth,2022-10-27,False,English,PROD015
CUST01576,Katelyn,Garcia,Katelyn,katelyn.garcia629@outlook.com,009176833557,Philippines,Leeview,2023-09-18,False,English,PROD013
CUST01577,Joshua,James,Joshua,joshua.james338@yahoo.com,009175057052,Philippines,Jessicaside,2024-08-22,False,Tagalog,PROD009
CUST01578,Justin,Alexander,Justin,justin.alexander319@outlook.com,009175883114,Dominica,Johnsonshire,2025-05-07,False,English,PROD005
CUST01579,Janet,Hendrix,Janet,janet.hendrix813@yahoo.com,9175036871,Chad,Nicoleland,2025-08-15,False,English,PROD011
CUST01580,Leslie,Smith,Leslie,leslie.smith462@hotmail.com,9179780234,Philippines,North Chloe,2025-11-26,False,English/Tagalog,PROD006
CUST01581,David,Wheeler,David,david.wheeler780@outlok.com,+639173664016,Philippines,Port Sandraberg,2022-08-21,False,English/Tagalog,PROD003
CUST01582,Karen,Schroeder,Karen,karen.schroeder364@yahoo.com,(0917) 975-7292,Philippines,Amychester,2023-04-27,False,Tagalog,PROD004
CUST01583,Joseph,Greene,Joseph,joseph.greene91@yahoo.com,+639175854233,Philippines,Nicholasmouth,2025-08-22,False,Cebuano,PROD005
CUST01584,Margaret,Cummings,Tanner,tanner.cummings261@outlook.com,+639178396607,Philippines,Lake Rickey,2025-06-22,False,English/Tagalog,PROD005
CUST01585,Natasha,Whitney,Natasha,natasha.whitney126@hotmail.com,9175958417,Thailand,Mccoymouth,2024-12-14,False,English,PROD012
CUST01586,Peter,Butler,Peter,peter.butler14@hotmial.com,009172218169,Uzbekistan,Karenland,2022-11-03,False,English,PROD011
CUST01587,Debra,Bradshaw,Debra,debra.bradshaw684@outlook.com,(0917) 760-9483,Philippines,East Lindsayfurt,2024-12-27,True,Tagalog,PROD013
CUST01588,Chloe,Ferguson,Chloe,chloe.ferguson296@yahoo.com,(0917) 330-2650,Spain,Lake William,2024-08-19,False,Tagalog,PROD012
CUST01589,John,Warren,John,john.warren615@hotmail.com,9176666102,Philippines,South Derrickchester,2024-09-11,False,Tagalog,PROD012
CUST01590,Henry,Gonzales,Henry,henry.gonzales870@gmail.com,009172234998,Mali,Martinezberg,2025-11-21,False,English/Tagalog,PROD002
CUST01591,Taylor,Collins,Taylor,taylor.collins500@yahoo.com,009175901779,Philippines,Oliviaview,2023-09-03,False,English/Tagalog,PROD006
CUST01592,Janet,Taylor,Todd,todd.taylor169@outlok.com,9173351746,Turkey,New Scott,2024-10-01,False,English/Tagalog,PROD007
CUST01593,Tina,Ayers,Tina,tina.ayers253@gmail.com,9177263199,Czech Republic,West Katelynport,2022-09-07,False,Cebuano,PROD012
CUST01594,Eddie,Smith,Eddie,eddie.smith498@yahoo.com,009177641490,Myanmar,South Lanceport,2025-09-08,False,Cebuano,PROD004
CUST01595,Melody,Christensen,Becky,becky.christensen343@yahoo.com,(0917) 513-4448,Philippines,Michelleside,2025-05-25,False,Tagalog,PROD008
CUST01596,James,Sellers,James,james.sellers247@outlook.com,9173145461,Philippines,Boydview,2023-06-22,False,Tagalog,PROD011
CUST01597,Philip,Burnett,Sarah,sarah.burnett714@gmail.com,+639179788795,Philippines,New Robin,2023-04-11,False,Cebuano,PROD002
CUST01598,Cheyenne,Schmidt,Brittney,brittney.schmidt452@outlook.com,9177661830,Philippines,Combshaven,2024-07-15,False,English/Tagalog,PROD009
CUST01599,Thomas,Russo,Thomas,thomas.russo597@gmail.com,(0917) 151-1436,Philippines,New Melissaport,2023-12-23,False,English,PROD009
CUST01600,Juan,Kelly,Juan,juan.kelly100@gmail.com,+639170968564,Uruguay,Port Michael,2023-02-14,False,English/Tagalog,PROD006
