qa_id,agent_id,interaction_id,score,notes
QA499177,A034,INT0000015,74,Agent closed interaction prematurely; customer issue was not fully addressed.
QA693231,A056,INT0000016,63,Agent closed interaction prematurely; customer issue was not fully addressed.
QA812424,A063,INT0000023,83,Agent followed protocol correctly and confirmed resolution with customer.
QA281204,A054,INT0000037,92,Agent followed protocol correctly and confirmed resolution with customer.
QA546362,A005,INT0000040,90,Agent followed protocol correctly and confirmed resolution with customer.
QA198083,A075,INT0000045,81,Agent followed protocol correctly and confirmed resolution with customer.
QA201637,A029,INT0000049,82,Agent followed protocol correctly and confirmed resolution with customer.
QA821185,A006,INT0000050,94,Agent followed protocol correctly and confirmed resolution with customer.
QA870296,A021,INT0000060,96,Agent followed protocol correctly and confirmed resolution with customer.
QA401759,A019,INT0000073,84,Agent followed protocol correctly and confirmed resolution with customer.
QA597918,A025,INT0000079,80,Agent followed protocol correctly and confirmed resolution with customer.
QA325660,A057,INT0000081,94,Agent followed protocol correctly and confirmed resolution with customer.
QA232804,A027,INT0000084,83,Agent followed protocol correctly and confirmed resolution with customer.
QA934448,A020,INT0000097,88,Agent followed protocol correctly and confirmed resolution with customer.
QA324027,A049,INT0000101,84,Agent followed protocol correctly and confirmed resolution with customer.
QA648286,A021,INT0000109,59,Agent closed interaction prematurely; customer issue was not fully addressed.
QA379994,A050,INT0000110,58,Agent closed interaction prematurely; customer issue was not fully addressed.
QA262220,A037,INT0000116,51,Agent closed interaction prematurely; customer issue was not fully addressed.
QA589442,A020,INT0000129,95,Agent followed protocol correctly and confirmed resolution with customer.
QA225933,A009,INT0000131,90,Agent followed protocol correctly and confirmed resolution with customer.
QA481900,A049,INT0000133,53,Agent closed interaction prematurely; customer issue was not fully addressed.
QA388176,A004,INT0000152,59,Agent closed interaction prematurely; customer issue was not fully addressed.
QA433173,A058,INT0000158,81,Agent followed protocol correctly and confirmed resolution with customer.
QA944134,A073,INT0000166,81,Agent followed protocol correctly and confirmed resolution with customer.
QA566168,A004,INT0000170,51,Agent closed interaction prematurely; customer issue was not fully addressed.
QA252030,A033,INT0000198,72,Agent closed interaction prematurely; customer issue was not fully addressed.
QA813445,A036,INT0000210,95,Agent followed protocol correctly and confirmed resolution with customer.
QA699134,A050,INT0000222,89,Agent followed protocol correctly and confirmed resolution with customer.
QA317430,A026,INT0000226,74,Agent closed interaction prematurely; customer issue was not fully addressed.
QA647151,A020,INT0000227,71,Agent closed interaction prematurely; customer issue was not fully addressed.
QA311096,A070,INT0000244,92,Agent followed protocol correctly and confirmed resolution with customer.
QA867231,A032,INT0000255,51,Agent closed interaction prematurely; customer issue was not fully addressed.
QA717093,A041,INT0000277,84,Agent followed protocol correctly and confirmed resolution with customer.
QA121715,A060,INT0000283,68,Agent closed interaction prematurely; customer issue was not fully addressed.
QA771077,A041,INT0000291,95,Agent followed protocol correctly and confirmed resolution with customer.
QA661186,A021,INT0000298,70,Agent closed interaction prematurely; customer issue was not fully addressed.
QA179046,A055,INT0000304,50,Agent closed interaction prematurely; customer issue was not fully addressed.
QA119079,A027,INT0000311,53,Agent closed interaction prematurely; customer issue was not fully addressed.
QA567657,A018,INT0000315,80,Agent followed protocol correctly and confirmed resolution with customer.
QA334210,A016,INT0000345,67,Agent closed interaction prematurely; customer issue was not fully addressed.
QA445012,A014,INT0000363,82,Agent followed protocol correctly and confirmed resolution with customer.
QA853429,A016,INT0000374,98,Agent followed protocol correctly and confirmed resolution with customer.
QA174142,A034,INT0000385,93,Agent followed protocol correctly and confirmed resolution with customer.
QA399058,A024,INT0000402,99,Agent followed protocol correctly and confirmed resolution with customer.
QA983021,A013,INT0000410,93,Agent followed protocol correctly and confirmed resolution with customer.
QA831560,A053,INT0000434,63,Agent closed interaction prematurely; customer issue was not fully addressed.
QA595404,A047,INT0000437,72,Agent closed interaction prematurely; customer issue was not fully addressed.
QA803707,A002,INT0000441,88,Agent followed protocol correctly and confirmed resolution with customer.
QA706731,A038,INT0000451,98,Agent followed protocol correctly and confirmed resolution with customer.
QA786148,A045,INT0000470,62,Agent closed interaction prematurely; customer issue was not fully addressed.
QA144028,A064,INT0000474,67,Agent closed interaction prematurely; customer issue was not fully addressed.
QA759532,A039,INT0000480,92,Agent followed protocol correctly and confirmed resolution with customer.
QA322887,A040,INT0000484,62,Agent closed interaction prematurely; customer issue was not fully addressed.
QA856606,A039,INT0000486,57,Agent closed interaction prematurely; customer issue was not fully addressed.
QA733604,A022,INT0000490,85,Agent followed protocol correctly and confirmed resolution with customer.
QA441400,A063,INT0000497,85,Agent followed protocol correctly and confirmed resolution with customer.
QA108239,A032,INT0000501,84,Agent followed protocol correctly and confirmed resolution with customer.
QA759726,A028,INT0000524,59,Agent closed interaction prematurely; customer issue was not fully addressed.
QA826880,A044,INT0000530,58,Agent closed interaction prematurely; customer issue was not fully addressed.
QA199182,A031,INT0000535,50,Agent closed interaction prematurely; customer issue was not fully addressed.
QA110910,A008,INT0000565,80,Agent followed protocol correctly and confirmed resolution with customer.
QA292272,A013,INT0000574,86,Agent followed protocol correctly and confirmed resolution with customer.
QA265091,A063,INT0000577,92,Agent followed protocol correctly and confirmed resolution with customer.
QA588719,A041,INT0000589,89,Agent followed protocol correctly and confirmed resolution with customer.
QA338538,A030,INT0000641,71,Agent closed interaction prematurely; customer issue was not fully addressed.
QA381809,A056,INT0000659,85,Agent followed protocol correctly and confirmed resolution with customer.
QA457179,A020,INT0000679,94,Agent followed protocol correctly and confirmed resolution with customer.
QA821391,A018,INT0000688,99,Agent followed protocol correctly and confirmed resolution with customer.
QA585325,A029,INT0000691,91,Agent followed protocol correctly and confirmed resolution with customer.
QA156886,A039,INT0000695,94,Agent followed protocol correctly and confirmed resolution with customer.
QA887179,A032,INT0000705,90,Agent followed protocol correctly and confirmed resolution with customer.
QA554450,A036,INT0000719,60,Agent closed interaction prematurely; customer issue was not fully addressed.
QA421663,A026,INT0000726,91,Agent followed protocol correctly and confirmed resolution with customer.
QA911952,A034,INT0000727,96,Agent followed protocol correctly and confirmed resolution with customer.
QA993767,A042,INT0000740,85,Agent followed protocol correctly and confirmed resolution with customer.
QA567735,A066,INT0000753,89,Agent followed protocol correctly and confirmed resolution with customer.
QA110388,A015,INT0000757,71,Agent closed interaction prematurely; customer issue was not fully addressed.
QA934278,A039,INT0000761,82,Agent followed protocol correctly and confirmed resolution with customer.
QA710135,A024,INT0000766,99,Agent followed protocol correctly and confirmed resolution with customer.
QA493899,A042,INT0000768,89,Agent followed protocol correctly and confirmed resolution with customer.
QA214304,A016,INT0000780,96,Agent followed protocol correctly and confirmed resolution with customer.
QA123510,A018,INT0000782,80,Agent followed protocol correctly and confirmed resolution with customer.
QA272235,A044,INT0000786,62,Agent closed interaction prematurely; customer issue was not fully addressed.
QA488558,A024,INT0000791,90,Agent followed protocol correctly and confirmed resolution with customer.
QA343444,A053,INT0000793,84,Agent followed protocol correctly and confirmed resolution with customer.
QA358771,A014,INT0000808,93,Agent followed protocol correctly and confirmed resolution with customer.
QA872939,A013,INT0000825,97,Agent followed protocol correctly and confirmed resolution with customer.
QA531493,A011,INT0000830,67,Agent closed interaction prematurely; customer issue was not fully addressed.
QA921309,A022,INT0000836,96,Agent followed protocol correctly and confirmed resolution with customer.
QA998648,A009,INT0000837,89,Agent followed protocol correctly and confirmed resolution with customer.
QA937800,A028,INT0000846,89,Agent followed protocol correctly and confirmed resolution with customer.
QA257145,A055,INT0000896,66,Agent closed interaction prematurely; customer issue was not fully addressed.
QA652989,A026,INT0000898,62,Agent closed interaction prematurely; customer issue was not fully addressed.
QA826313,A063,INT0000924,51,Agent closed interaction prematurely; customer issue was not fully addressed.
QA498398,A073,INT0000931,99,Agent followed protocol correctly and confirmed resolution with customer.
QA253572,A009,INT0000939,85,Agent followed protocol correctly and confirmed resolution with customer.
QA786599,A064,INT0000943,53,Agent closed interaction prematurely; customer issue was not fully addressed.
QA817577,A072,INT0000953,51,Agent closed interaction prematurely; customer issue was not fully addressed.
QA990288,A040,INT0000985,84,Agent followed protocol correctly and confirmed resolution with customer.
QA944301,A004,INT0000995,82,Agent followed protocol correctly and confirmed resolution with customer.
QA788448,A062,INT0000996,80,Agent followed protocol correctly and confirmed resolution with customer.
QA436329,A037,INT0001002,53,Agent closed interaction prematurely; customer issue was not fully addressed.
QA430086,A015,INT0001013,94,Agent followed protocol correctly and confirmed resolution with customer.
QA938967,A017,INT0001019,88,Agent followed protocol correctly and confirmed resolution with customer.
QA752988,A024,INT0001024,90,Agent followed protocol correctly and confirmed resolution with customer.
QA170892,A039,INT0001026,97,Agent followed protocol correctly and confirmed resolution with customer.
QA214693,A025,INT0001033,82,Agent followed protocol correctly and confirmed resolution with customer.
QA290183,A048,INT0001039,95,Agent followed protocol correctly and confirmed resolution with customer.
QA988195,A038,INT0001052,61,Agent closed interaction prematurely; customer issue was not fully addressed.
QA585413,A003,INT0001059,60,Agent closed interaction prematurely; customer issue was not fully addressed.
QA331868,A008,INT0001065,85,Agent followed protocol correctly and confirmed resolution with customer.
QA434547,A075,INT0001072,54,Agent closed interaction prematurely; customer issue was not fully addressed.
QA653683,A033,INT0001080,84,Agent followed protocol correctly and confirmed resolution with customer.
QA611118,A030,INT0001107,96,Agent followed protocol correctly and confirmed resolution with customer.
QA847923,A056,INT0001112,83,Agent followed protocol correctly and confirmed resolution with customer.
QA641199,A069,INT0001138,93,Agent followed protocol correctly and confirmed resolution with customer.
QA470511,A032,INT0001140,89,Agent followed protocol correctly and confirmed resolution with customer.
QA944022,A045,INT0001147,82,Agent followed protocol correctly and confirmed resolution with customer.
QA759782,A023,INT0001148,85,Agent followed protocol correctly and confirmed resolution with customer.
QA817251,A047,INT0001159,57,Agent closed interaction prematurely; customer issue was not fully addressed.
QA967023,A069,INT0001162,84,Agent followed protocol correctly and confirmed resolution with customer.
QA838643,A005,INT0001178,98,Agent followed protocol correctly and confirmed resolution with customer.
QA343274,A034,INT0001197,96,Agent followed protocol correctly and confirmed resolution with customer.
QA462668,A030,INT0001198,62,Agent closed interaction prematurely; customer issue was not fully addressed.
QA739346,A030,INT0001210,60,Agent closed interaction prematurely; customer issue was not fully addressed.
QA633736,A022,INT0001221,87,Agent followed protocol correctly and confirmed resolution with customer.
QA634439,A044,INT0001224,100,Agent followed protocol correctly and confirmed resolution with customer.
QA188095,A005,INT0001225,84,Agent followed protocol correctly and confirmed resolution with customer.
QA865846,A015,INT0001247,89,Agent followed protocol correctly and confirmed resolution with customer.
QA294712,A040,INT0001249,92,Agent followed protocol correctly and confirmed resolution with customer.
QA363248,A033,INT0001256,90,Agent followed protocol correctly and confirmed resolution with customer.
QA215041,A073,INT0001265,94,Agent followed protocol correctly and confirmed resolution with customer.
QA281741,A060,INT0001277,74,Agent closed interaction prematurely; customer issue was not fully addressed.
QA877960,A020,INT0001279,57,Agent closed interaction prematurely; customer issue was not fully addressed.
QA124648,A061,INT0001294,100,Agent followed protocol correctly and confirmed resolution with customer.
QA314475,A059,INT0001296,100,Agent followed protocol correctly and confirmed resolution with customer.
QA920986,A071,INT0001298,65,Agent closed interaction prematurely; customer issue was not fully addressed.
QA732886,A057,INT0001301,65,Agent closed interaction prematurely; customer issue was not fully addressed.
QA170291,A033,INT0001307,53,Agent closed interaction prematurely; customer issue was not fully addressed.
QA587006,A011,INT0001314,92,Agent followed protocol correctly and confirmed resolution with customer.
QA720612,A039,INT0001334,94,Agent followed protocol correctly and confirmed resolution with customer.
QA931518,A058,INT0001343,90,Agent followed protocol correctly and confirmed resolution with customer.
QA658946,A064,INT0001357,84,Agent followed protocol correctly and confirmed resolution with customer.
QA634511,A059,INT0001376,88,Agent followed protocol correctly and confirmed resolution with customer.
QA773378,A028,INT0001378,69,Agent closed interaction prematurely; customer issue was not fully addressed.
QA214615,A059,INT0001387,89,Agent followed protocol correctly and confirmed resolution with customer.
QA160823,A069,INT0001402,82,Agent followed protocol correctly and confirmed resolution with customer.
QA150402,A019,INT0001412,92,Agent followed protocol correctly and confirmed resolution with customer.
QA587523,A070,INT0001421,92,Agent followed protocol correctly and confirmed resolution with customer.
QA968092,A024,INT0001427,87,Agent followed protocol correctly and confirmed resolution with customer.
QA553228,A073,INT0001434,86,Agent followed protocol correctly and confirmed resolution with customer.
QA683503,A016,INT0001441,66,Agent closed interaction prematurely; customer issue was not fully addressed.
QA466493,A019,INT0001443,58,Agent closed interaction prematurely; customer issue was not fully addressed.
QA429892,A060,INT0001445,59,Agent closed interaction prematurely; customer issue was not fully addressed.
QA940417,A019,INT0001449,80,Agent followed protocol correctly and confirmed resolution with customer.
QA846955,A030,INT0001454,93,Agent followed protocol correctly and confirmed resolution with customer.
QA488735,A068,INT0001465,69,Agent closed interaction prematurely; customer issue was not fully addressed.
QA346881,A052,INT0001467,80,Agent followed protocol correctly and confirmed resolution with customer.
QA256763,A016,INT0001480,89,Agent followed protocol correctly and confirmed resolution with customer.
QA676793,A002,INT0001488,94,Agent followed protocol correctly and confirmed resolution with customer.
QA242009,A030,INT0001505,93,Agent followed protocol correctly and confirmed resolution with customer.
QA645569,A001,INT0001510,91,Agent followed protocol correctly and confirmed resolution with customer.
QA666944,A013,INT0001536,97,Agent followed protocol correctly and confirmed resolution with customer.
QA614743,A005,INT0001541,83,Agent followed protocol correctly and confirmed resolution with customer.
QA242897,A042,INT0001543,92,Agent followed protocol correctly and confirmed resolution with customer.
QA365819,A062,INT0001544,55,Agent closed interaction prematurely; customer issue was not fully addressed.
QA619198,A050,INT0001551,97,Agent followed protocol correctly and confirmed resolution with customer.
QA246238,A002,INT0001560,88,Agent followed protocol correctly and confirmed resolution with customer.
QA545098,A032,INT0001562,98,Agent followed protocol correctly and confirmed resolution with customer.
QA711172,A045,INT0001570,93,Agent followed protocol correctly and confirmed resolution with customer.
QA417734,A048,INT0001574,100,Agent followed protocol correctly and confirmed resolution with customer.
QA641826,A016,INT0001617,69,Agent closed interaction prematurely; customer issue was not fully addressed.
QA625441,A014,INT0001638,86,Agent followed protocol correctly and confirmed resolution with customer.
QA104317,A073,INT0001646,84,Agent followed protocol correctly and confirmed resolution with customer.
QA622012,A031,INT0001666,93,Agent followed protocol correctly and confirmed resolution with customer.
QA380504,A007,INT0001687,86,Agent followed protocol correctly and confirmed resolution with customer.
QA622460,A010,INT0001689,52,Agent closed interaction prematurely; customer issue was not fully addressed.
QA214999,A021,INT0001705,84,Agent followed protocol correctly and confirmed resolution with customer.
QA296443,A034,INT0001706,94,Agent followed protocol correctly and confirmed resolution with customer.
QA895526,A048,INT0001718,72,Agent closed interaction prematurely; customer issue was not fully addressed.
QA498042,A043,INT0001738,73,Agent closed interaction prematurely; customer issue was not fully addressed.
QA365742,A007,INT0001740,63,Agent closed interaction prematurely; customer issue was not fully addressed.
QA967259,A047,INT0001741,54,Agent closed interaction prematurely; customer issue was not fully addressed.
QA875952,A031,INT0001744,96,Agent followed protocol correctly and confirmed resolution with customer.
QA447976,A022,INT0001755,92,Agent followed protocol correctly and confirmed resolution with customer.
QA824231,A067,INT0001765,84,Agent followed protocol correctly and confirmed resolution with customer.
QA410110,A064,INT0001767,82,Agent followed protocol correctly and confirmed resolution with customer.
QA917244,A034,INT0001804,74,Agent closed interaction prematurely; customer issue was not fully addressed.
QA959415,A067,INT0001812,95,Agent followed protocol correctly and confirmed resolution with customer.
QA312145,A018,INT0001813,90,Agent followed protocol correctly and confirmed resolution with customer.
QA751793,A075,INT0001814,89,Agent followed protocol correctly and confirmed resolution with customer.
QA619495,A071,INT0001819,100,Agent followed protocol correctly and confirmed resolution with customer.
QA666198,A047,INT0001820,86,Agent followed protocol correctly and confirmed resolution with customer.
QA651991,A020,INT0001832,98,Agent followed protocol correctly and confirmed resolution with customer.
QA437532,A063,INT0001870,55,Agent closed interaction prematurely; customer issue was not fully addressed.
QA506133,A006,INT0001875,64,Agent closed interaction prematurely; customer issue was not fully addressed.
QA470936,A071,INT0001881,86,Agent followed protocol correctly and confirmed resolution with customer.
QA644563,A010,INT0001883,86,Agent followed protocol correctly and confirmed resolution with customer.
QA133662,A002,INT0001889,98,Agent followed protocol correctly and confirmed resolution with customer.
QA208773,A007,INT0001891,99,Agent followed protocol correctly and confirmed resolution with customer.
QA677135,A043,INT0001913,73,Agent closed interaction prematurely; customer issue was not fully addressed.
QA347171,A028,INT0001923,84,Agent followed protocol correctly and confirmed resolution with customer.
QA240019,A043,INT0001946,84,Agent followed protocol correctly and confirmed resolution with customer.
QA995217,A045,INT0001960,89,Agent followed protocol correctly and confirmed resolution with customer.
QA563405,A026,INT0001962,94,Agent followed protocol correctly and confirmed resolution with customer.
QA721351,A035,INT0001975,80,Agent followed protocol correctly and confirmed resolution with customer.
QA805844,A050,INT0001988,97,Agent followed protocol correctly and confirmed resolution with customer.
QA423546,A016,INT0002004,88,Agent followed protocol correctly and confirmed resolution with customer.
QA355857,A023,INT0002010,89,Agent followed protocol correctly and confirmed resolution with customer.
QA600272,A014,INT0002015,87,Agent followed protocol correctly and confirmed resolution with customer.
QA808435,A049,INT0002024,91,Agent followed protocol correctly and confirmed resolution with customer.
QA715108,A056,INT0002026,88,Agent followed protocol correctly and confirmed resolution with customer.
QA380139,A044,INT0002037,81,Agent followed protocol correctly and confirmed resolution with customer.
QA302054,A071,INT0002038,84,Agent followed protocol correctly and confirmed resolution with customer.
QA596372,A055,INT0002041,96,Agent followed protocol correctly and confirmed resolution with customer.
QA232596,A050,INT0002042,96,Agent followed protocol correctly and confirmed resolution with customer.
QA650057,A005,INT0002043,97,Agent followed protocol correctly and confirmed resolution with customer.
QA706285,A015,INT0002045,94,Agent followed protocol correctly and confirmed resolution with customer.
QA118429,A013,INT0002048,89,Agent followed protocol correctly and confirmed resolution with customer.
QA857818,A013,INT0002066,83,Agent followed protocol correctly and confirmed resolution with customer.
QA679796,A010,INT0002068,94,Agent followed protocol correctly and confirmed resolution with customer.
QA977564,A013,INT0002078,95,Agent followed protocol correctly and confirmed resolution with customer.
QA132404,A073,INT0002092,100,Agent followed protocol correctly and confirmed resolution with customer.
QA566261,A053,INT0002120,84,Agent followed protocol correctly and confirmed resolution with customer.
QA628029,A033,INT0002130,96,Agent followed protocol correctly and confirmed resolution with customer.
QA442054,A048,INT0002131,82,Agent followed protocol correctly and confirmed resolution with customer.
QA249698,A061,INT0002144,96,Agent followed protocol correctly and confirmed resolution with customer.
QA720118,A074,INT0002148,71,Agent closed interaction prematurely; customer issue was not fully addressed.
QA138577,A045,INT0002176,81,Agent followed protocol correctly and confirmed resolution with customer.
QA734486,A021,INT0002188,61,Agent closed interaction prematurely; customer issue was not fully addressed.
QA343057,A013,INT0002214,85,Agent followed protocol correctly and confirmed resolution with customer.
QA486916,A016,INT0002219,85,Agent followed protocol correctly and confirmed resolution with customer.
QA937087,A050,INT0002232,82,Agent followed protocol correctly and confirmed resolution with customer.
QA968468,A014,INT0002234,92,Agent followed protocol correctly and confirmed resolution with customer.
QA182885,A006,INT0002235,83,Agent followed protocol correctly and confirmed resolution with customer.
QA307419,A034,INT0002243,96,Agent followed protocol correctly and confirmed resolution with customer.
QA845560,A020,INT0002253,52,Agent closed interaction prematurely; customer issue was not fully addressed.
QA547668,A018,INT0002255,56,Agent closed interaction prematurely; customer issue was not fully addressed.
QA836446,A043,INT0002279,80,Agent followed protocol correctly and confirmed resolution with customer.
QA871779,A038,INT0002289,96,Agent followed protocol correctly and confirmed resolution with customer.
QA927620,A039,INT0002307,55,Agent closed interaction prematurely; customer issue was not fully addressed.
QA904599,A070,INT0002310,81,Agent followed protocol correctly and confirmed resolution with customer.
QA971728,A015,INT0002329,83,Agent followed protocol correctly and confirmed resolution with customer.
QA636886,A006,INT0002345,85,Agent followed protocol correctly and confirmed resolution with customer.
QA300151,A060,INT0002346,86,Agent followed protocol correctly and confirmed resolution with customer.
QA725486,A035,INT0002377,92,Agent followed protocol correctly and confirmed resolution with customer.
QA362216,A021,INT0002383,97,Agent followed protocol correctly and confirmed resolution with customer.
QA585132,A036,INT0002404,80,Agent followed protocol correctly and confirmed resolution with customer.
QA479737,A047,INT0002414,96,Agent followed protocol correctly and confirmed resolution with customer.
QA946934,A072,INT0002422,86,Agent followed protocol correctly and confirmed resolution with customer.
QA628826,A068,INT0002437,92,Agent followed protocol correctly and confirmed resolution with customer.
QA664156,A022,INT0002439,89,Agent followed protocol correctly and confirmed resolution with customer.
QA515737,A026,INT0002465,99,Agent followed protocol correctly and confirmed resolution with customer.
QA369504,A026,INT0002480,84,Agent followed protocol correctly and confirmed resolution with customer.
QA603607,A040,INT0002487,81,Agent followed protocol correctly and confirmed resolution with customer.
QA520821,A055,INT0002489,59,Agent closed interaction prematurely; customer issue was not fully addressed.
QA930220,A069,INT0002490,54,Agent closed interaction prematurely; customer issue was not fully addressed.
QA768485,A039,INT0002500,82,Agent followed protocol correctly and confirmed resolution with customer.
QA173952,A044,INT0002510,89,Agent followed protocol correctly and confirmed resolution with customer.
QA733619,A065,INT0002514,72,Agent closed interaction prematurely; customer issue was not fully addressed.
QA754325,A044,INT0002520,85,Agent followed protocol correctly and confirmed resolution with customer.
QA591309,A012,INT0002532,95,Agent followed protocol correctly and confirmed resolution with customer.
QA391473,A027,INT0002535,84,Agent followed protocol correctly and confirmed resolution with customer.
QA345507,A057,INT0002538,82,Agent followed protocol correctly and confirmed resolution with customer.
QA478644,A023,INT0002544,66,Agent closed interaction prematurely; customer issue was not fully addressed.
QA994971,A014,INT0002547,85,Agent followed protocol correctly and confirmed resolution with customer.
QA488962,A019,INT0002555,88,Agent followed protocol correctly and confirmed resolution with customer.
QA760965,A038,INT0002578,88,Agent followed protocol correctly and confirmed resolution with customer.
QA960308,A072,INT0002583,98,Agent followed protocol correctly and confirmed resolution with customer.
QA228071,A032,INT0002600,82,Agent followed protocol correctly and confirmed resolution with customer.
QA275331,A069,INT0002602,59,Agent closed interaction prematurely; customer issue was not fully addressed.
QA353979,A005,INT0002607,95,Agent followed protocol correctly and confirmed resolution with customer.
QA110885,A008,INT0002612,82,Agent followed protocol correctly and confirmed resolution with customer.
QA111768,A074,INT0002616,50,Agent closed interaction prematurely; customer issue was not fully addressed.
QA813146,A056,INT0002627,96,Agent followed protocol correctly and confirmed resolution with customer.
QA433006,A039,INT0002637,98,Agent followed protocol correctly and confirmed resolution with customer.
QA128662,A041,INT0002642,88,Agent followed protocol correctly and confirmed resolution with customer.
QA317648,A007,INT0002646,97,Agent followed protocol correctly and confirmed resolution with customer.
QA993118,A018,INT0002656,89,Agent followed protocol correctly and confirmed resolution with customer.
QA433486,A052,INT0002668,80,Agent followed protocol correctly and confirmed resolution with customer.
QA935825,A003,INT0002677,92,Agent followed protocol correctly and confirmed resolution with customer.
QA773499,A024,INT0002691,90,Agent followed protocol correctly and confirmed resolution with customer.
QA292300,A030,INT0002706,91,Agent followed protocol correctly and confirmed resolution with customer.
QA553097,A047,INT0002713,97,Agent followed protocol correctly and confirmed resolution with customer.
QA865958,A019,INT0002719,97,Agent followed protocol correctly and confirmed resolution with customer.
QA920815,A072,INT0002749,65,Agent closed interaction prematurely; customer issue was not fully addressed.
QA768991,A025,INT0002755,70,Agent closed interaction prematurely; customer issue was not fully addressed.
QA895474,A059,INT0002762,50,Agent closed interaction prematurely; customer issue was not fully addressed.
QA333449,A004,INT0002776,72,Agent closed interaction prematurely; customer issue was not fully addressed.
QA144971,A066,INT0002786,72,Agent closed interaction prematurely; customer issue was not fully addressed.
QA867847,A052,INT0002789,90,Agent followed protocol correctly and confirmed resolution with customer.
QA258942,A075,INT0002807,57,Agent closed interaction prematurely; customer issue was not fully addressed.
QA467387,A022,INT0002825,69,Agent closed interaction prematurely; customer issue was not fully addressed.
QA247575,A049,INT0002826,61,Agent closed interaction prematurely; customer issue was not fully addressed.
QA222275,A071,INT0002828,82,Agent followed protocol correctly and confirmed resolution with customer.
QA962801,A058,INT0002835,63,Agent closed interaction prematurely; customer issue was not fully addressed.
QA567287,A064,INT0002837,99,Agent followed protocol correctly and confirmed resolution with customer.
QA334523,A025,INT0002841,98,Agent followed protocol correctly and confirmed resolution with customer.
QA190143,A021,INT0002872,75,Agent closed interaction prematurely; customer issue was not fully addressed.
QA120077,A036,INT0002875,66,Agent closed interaction prematurely; customer issue was not fully addressed.
QA176961,A062,INT0002876,86,Agent followed protocol correctly and confirmed resolution with customer.
QA939215,A075,INT0002879,70,Agent closed interaction prematurely; customer issue was not fully addressed.
QA774128,A043,INT0002895,58,Agent closed interaction prematurely; customer issue was not fully addressed.
QA318089,A055,INT0002957,85,Agent followed protocol correctly and confirmed resolution with customer.
QA972771,A022,INT0002961,98,Agent followed protocol correctly and confirmed resolution with customer.
QA710475,A002,INT0002967,57,Agent closed interaction prematurely; customer issue was not fully addressed.
QA588142,A071,INT0002975,95,Agent followed protocol correctly and confirmed resolution with customer.
QA770811,A038,INT0002985,81,Agent followed protocol correctly and confirmed resolution with customer.
QA417172,A041,INT0002986,90,Agent followed protocol correctly and confirmed resolution with customer.
QA924738,A052,INT0002989,81,Agent followed protocol correctly and confirmed resolution with customer.
QA872882,A039,INT0002990,93,Agent followed protocol correctly and confirmed resolution with customer.
QA317875,A044,INT0003035,60,Agent closed interaction prematurely; customer issue was not fully addressed.
QA371762,A038,INT0003037,96,Agent followed protocol correctly and confirmed resolution with customer.
QA375638,A051,INT0003056,100,Agent followed protocol correctly and confirmed resolution with customer.
QA712040,A046,INT0003060,84,Agent followed protocol correctly and confirmed resolution with customer.
QA783722,A002,INT0003066,62,Agent closed interaction prematurely; customer issue was not fully addressed.
QA253868,A064,INT0003074,84,Agent followed protocol correctly and confirmed resolution with customer.
QA306083,A021,INT0003092,98,Agent followed protocol correctly and confirmed resolution with customer.
QA122662,A012,INT0003104,97,Agent followed protocol correctly and confirmed resolution with customer.
QA179562,A006,INT0003105,80,Agent followed protocol correctly and confirmed resolution with customer.
QA884999,A007,INT0003113,94,Agent followed protocol correctly and confirmed resolution with customer.
QA755020,A021,INT0003123,87,Agent followed protocol correctly and confirmed resolution with customer.
QA673055,A075,INT0003124,92,Agent followed protocol correctly and confirmed resolution with customer.
QA455058,A019,INT0003126,57,Agent closed interaction prematurely; customer issue was not fully addressed.
QA911234,A073,INT0003135,92,Agent followed protocol correctly and confirmed resolution with customer.
QA865936,A074,INT0003153,88,Agent followed protocol correctly and confirmed resolution with customer.
QA823466,A073,INT0003172,99,Agent followed protocol correctly and confirmed resolution with customer.
QA942856,A055,INT0003173,87,Agent followed protocol correctly and confirmed resolution with customer.
QA494069,A029,INT0003175,80,Agent followed protocol correctly and confirmed resolution with customer.
QA297761,A055,INT0003177,99,Agent followed protocol correctly and confirmed resolution with customer.
QA755632,A058,INT0003181,56,Agent closed interaction prematurely; customer issue was not fully addressed.
QA928580,A008,INT0003182,55,Agent closed interaction prematurely; customer issue was not fully addressed.
QA273585,A028,INT0003186,86,Agent followed protocol correctly and confirmed resolution with customer.
QA809303,A020,INT0003194,51,Agent closed interaction prematurely; customer issue was not fully addressed.
QA812136,A054,INT0003214,87,Agent followed protocol correctly and confirmed resolution with customer.
QA515346,A019,INT0003231,93,Agent followed protocol correctly and confirmed resolution with customer.
QA349023,A069,INT0003253,50,Agent closed interaction prematurely; customer issue was not fully addressed.
QA932432,A008,INT0003256,98,Agent followed protocol correctly and confirmed resolution with customer.
QA717686,A021,INT0003279,80,Agent followed protocol correctly and confirmed resolution with customer.
QA838341,A017,INT0003298,99,Agent followed protocol correctly and confirmed resolution with customer.
QA214662,A051,INT0003303,97,Agent followed protocol correctly and confirmed resolution with customer.
QA992753,A007,INT0003304,80,Agent followed protocol correctly and confirmed resolution with customer.
QA823657,A046,INT0003316,99,Agent followed protocol correctly and confirmed resolution with customer.
QA872598,A053,INT0003321,92,Agent followed protocol correctly and confirmed resolution with customer.
QA232911,A006,INT0003322,100,Agent followed protocol correctly and confirmed resolution with customer.
QA594219,A045,INT0003334,84,Agent followed protocol correctly and confirmed resolution with customer.
QA340571,A044,INT0003335,90,Agent followed protocol correctly and confirmed resolution with customer.
QA341003,A037,INT0003342,52,Agent closed interaction prematurely; customer issue was not fully addressed.
QA754449,A074,INT0003344,56,Agent closed interaction prematurely; customer issue was not fully addressed.
QA445338,A026,INT0003366,94,Agent followed protocol correctly and confirmed resolution with customer.
QA848941,A037,INT0003389,83,Agent followed protocol correctly and confirmed resolution with customer.
QA445434,A059,INT0003396,87,Agent followed protocol correctly and confirmed resolution with customer.
QA562912,A041,INT0003437,90,Agent followed protocol correctly and confirmed resolution with customer.
QA716759,A043,INT0003439,91,Agent followed protocol correctly and confirmed resolution with customer.
QA794360,A075,INT0003445,61,Agent closed interaction prematurely; customer issue was not fully addressed.
QA721658,A040,INT0003453,82,Agent followed protocol correctly and confirmed resolution with customer.
QA225131,A027,INT0003455,90,Agent followed protocol correctly and confirmed resolution with customer.
QA763698,A029,INT0003459,80,Agent followed protocol correctly and confirmed resolution with customer.
QA613565,A019,INT0003469,82,Agent followed protocol correctly and confirmed resolution with customer.
QA607181,A003,INT0003471,98,Agent followed protocol correctly and confirmed resolution with customer.
QA858204,A066,INT0003475,82,Agent followed protocol correctly and confirmed resolution with customer.
QA315952,A008,INT0003476,72,Agent closed interaction prematurely; customer issue was not fully addressed.
QA762906,A057,INT0003493,60,Agent closed interaction prematurely; customer issue was not fully addressed.
QA896264,A018,INT0003499,92,Agent followed protocol correctly and confirmed resolution with customer.
QA378683,A073,INT0003500,97,Agent followed protocol correctly and confirmed resolution with customer.
QA535934,A026,INT0003507,85,Agent followed protocol correctly and confirmed resolution with customer.
QA774327,A036,INT0003508,83,Agent followed protocol correctly and confirmed resolution with customer.
QA389872,A010,INT0003552,65,Agent closed interaction prematurely; customer issue was not fully addressed.
QA383095,A024,INT0003555,75,Agent closed interaction prematurely; customer issue was not fully addressed.
QA765406,A036,INT0003578,97,Agent followed protocol correctly and confirmed resolution with customer.
QA267781,A038,INT0003588,93,Agent followed protocol correctly and confirmed resolution with customer.
QA942812,A051,INT0003596,87,Agent followed protocol correctly and confirmed resolution with customer.
QA749241,A018,INT0003615,85,Agent followed protocol correctly and confirmed resolution with customer.
QA627569,A001,INT0003617,55,Agent closed interaction prematurely; customer issue was not fully addressed.
QA386225,A064,INT0003625,96,Agent followed protocol correctly and confirmed resolution with customer.
QA444516,A011,INT0003651,70,Agent closed interaction prematurely; customer issue was not fully addressed.
QA270569,A025,INT0003654,87,Agent followed protocol correctly and confirmed resolution with customer.
QA365524,A028,INT0003657,98,Agent followed protocol correctly and confirmed resolution with customer.
QA594164,A030,INT0003660,100,Agent followed protocol correctly and confirmed resolution with customer.
QA605777,A023,INT0003661,80,Agent followed protocol correctly and confirmed resolution with customer.
QA712095,A059,INT0003671,100,Agent followed protocol correctly and confirmed resolution with customer.
QA329808,A052,INT0003673,80,Agent followed protocol correctly and confirmed resolution with customer.
QA627124,A011,INT0003675,92,Agent followed protocol correctly and confirmed resolution with customer.
QA593407,A053,INT0003676,88,Agent followed protocol correctly and confirmed resolution with customer.
QA707599,A028,INT0003683,94,Agent followed protocol correctly and confirmed resolution with customer.
QA245166,A034,INT0003684,82,Agent followed protocol correctly and confirmed resolution with customer.
QA816452,A023,INT0003690,56,Agent closed interaction prematurely; customer issue was not fully addressed.
QA962294,A071,INT0003691,74,Agent closed interaction prematurely; customer issue was not fully addressed.
QA293169,A054,INT0003694,63,Agent closed interaction prematurely; customer issue was not fully addressed.
QA987236,A060,INT0003705,92,Agent followed protocol correctly and confirmed resolution with customer.
QA320006,A038,INT0003729,97,Agent followed protocol correctly and confirmed resolution with customer.
QA127429,A045,INT0003733,98,Agent followed protocol correctly and confirmed resolution with customer.
QA310439,A044,INT0003734,89,Agent followed protocol correctly and confirmed resolution with customer.
QA150154,A006,INT0003738,98,Agent followed protocol correctly and confirmed resolution with customer.
QA747956,A039,INT0003739,95,Agent followed protocol correctly and confirmed resolution with customer.
QA206853,A049,INT0003742,92,Agent followed protocol correctly and confirmed resolution with customer.
QA516850,A065,INT0003775,90,Agent followed protocol correctly and confirmed resolution with customer.
QA314774,A018,INT0003793,50,Agent closed interaction prematurely; customer issue was not fully addressed.
QA456774,A025,INT0003802,98,Agent followed protocol correctly and confirmed resolution with customer.
QA695756,A024,INT0003804,86,Agent followed protocol correctly and confirmed resolution with customer.
QA117269,A075,INT0003813,50,Agent closed interaction prematurely; customer issue was not fully addressed.
QA732185,A029,INT0003839,93,Agent followed protocol correctly and confirmed resolution with customer.
QA469865,A061,INT0003844,94,Agent followed protocol correctly and confirmed resolution with customer.
QA994888,A028,INT0003853,89,Agent followed protocol correctly and confirmed resolution with customer.
QA224960,A043,INT0003855,98,Agent followed protocol correctly and confirmed resolution with customer.
QA290673,A035,INT0003860,87,Agent followed protocol correctly and confirmed resolution with customer.
QA775787,A025,INT0003875,81,Agent followed protocol correctly and confirmed resolution with customer.
QA218918,A066,INT0003877,83,Agent followed protocol correctly and confirmed resolution with customer.
QA213573,A048,INT0003890,96,Agent followed protocol correctly and confirmed resolution with customer.
QA773774,A028,INT0003904,91,Agent followed protocol correctly and confirmed resolution with customer.
QA483355,A004,INT0003918,80,Agent followed protocol correctly and confirmed resolution with customer.
QA919457,A010,INT0003934,58,Agent closed interaction prematurely; customer issue was not fully addressed.
QA404243,A054,INT0003938,90,Agent followed protocol correctly and confirmed resolution with customer.
QA853696,A009,INT0003944,90,Agent followed protocol correctly and confirmed resolution with customer.
QA105835,A026,INT0003947,60,Agent closed interaction prematurely; customer issue was not fully addressed.
QA181451,A020,INT0003951,99,Agent followed protocol correctly and confirmed resolution with customer.
QA161116,A068,INT0003962,100,Agent followed protocol correctly and confirmed resolution with customer.
QA133660,A074,INT0003987,58,Agent closed interaction prematurely; customer issue was not fully addressed.
QA429119,A075,INT0004001,84,Agent followed protocol correctly and confirmed resolution with customer.
QA402796,A063,INT0004011,82,Agent followed protocol correctly and confirmed resolution with customer.
QA922462,A032,INT0004015,51,Agent closed interaction prematurely; customer issue was not fully addressed.
QA290189,A051,INT0004019,73,Agent closed interaction prematurely; customer issue was not fully addressed.
QA729625,A008,INT0004021,81,Agent followed protocol correctly and confirmed resolution with customer.
QA529414,A044,INT0004038,94,Agent followed protocol correctly and confirmed resolution with customer.
QA715157,A063,INT0004059,81,Agent followed protocol correctly and confirmed resolution with customer.
QA247686,A007,INT0004064,80,Agent followed protocol correctly and confirmed resolution with customer.
QA278511,A034,INT0004100,68,Agent closed interaction prematurely; customer issue was not fully addressed.
QA305873,A039,INT0004136,82,Agent followed protocol correctly and confirmed resolution with customer.
QA378064,A044,INT0004137,84,Agent followed protocol correctly and confirmed resolution with customer.
QA917889,A054,INT0004149,82,Agent followed protocol correctly and confirmed resolution with customer.
QA630908,A035,INT0004167,97,Agent followed protocol correctly and confirmed resolution with customer.
QA519322,A036,INT0004172,92,Agent followed protocol correctly and confirmed resolution with customer.
QA961083,A016,INT0004180,97,Agent followed protocol correctly and confirmed resolution with customer.
QA612326,A075,INT0004198,84,Agent followed protocol correctly and confirmed resolution with customer.
QA258976,A008,INT0004214,88,Agent followed protocol correctly and confirmed resolution with customer.
QA924834,A031,INT0004217,97,Agent followed protocol correctly and confirmed resolution with customer.
QA924756,A008,INT0004226,90,Agent followed protocol correctly and confirmed resolution with customer.
QA889322,A070,INT0004228,88,Agent followed protocol correctly and confirmed resolution with customer.
QA177243,A018,INT0004231,70,Agent closed interaction prematurely; customer issue was not fully addressed.
QA400329,A005,INT0004233,100,Agent followed protocol correctly and confirmed resolution with customer.
QA628891,A048,INT0004244,82,Agent followed protocol correctly and confirmed resolution with customer.
QA106353,A040,INT0004267,100,Agent followed protocol correctly and confirmed resolution with customer.
QA443873,A004,INT0004286,95,Agent followed protocol correctly and confirmed resolution with customer.
QA402880,A027,INT0004296,83,Agent followed protocol correctly and confirmed resolution with customer.
QA907374,A038,INT0004304,87,Agent followed protocol correctly and confirmed resolution with customer.
QA460799,A008,INT0004322,99,Agent followed protocol correctly and confirmed resolution with customer.
QA363296,A012,INT0004330,88,Agent followed protocol correctly and confirmed resolution with customer.
QA398733,A052,INT0004331,57,Agent closed interaction prematurely; customer issue was not fully addressed.
QA948747,A025,INT0004355,100,Agent followed protocol correctly and confirmed resolution with customer.
QA738470,A023,INT0004362,82,Agent followed protocol correctly and confirmed resolution with customer.
QA626760,A012,INT0004368,90,Agent followed protocol correctly and confirmed resolution with customer.
QA757728,A028,INT0004378,94,Agent followed protocol correctly and confirmed resolution with customer.
QA957134,A060,INT0004380,81,Agent followed protocol correctly and confirmed resolution with customer.
QA156324,A033,INT0004383,99,Agent followed protocol correctly and confirmed resolution with customer.
QA471495,A059,INT0004385,80,Agent followed protocol correctly and confirmed resolution with customer.
QA736495,A064,INT0004387,99,Agent followed protocol correctly and confirmed resolution with customer.
QA193372,A059,INT0004396,98,Agent followed protocol correctly and confirmed resolution with customer.
QA168127,A057,INT0004399,81,Agent followed protocol correctly and confirmed resolution with customer.
QA903940,A035,INT0004413,98,Agent followed protocol correctly and confirmed resolution with customer.
QA375571,A069,INT0004451,88,Agent followed protocol correctly and confirmed resolution with customer.
QA777178,A002,INT0004472,86,Agent followed protocol correctly and confirmed resolution with customer.
QA511428,A036,INT0004479,58,Agent closed interaction prematurely; customer issue was not fully addressed.
QA288216,A050,INT0004480,65,Agent closed interaction prematurely; customer issue was not fully addressed.
QA648058,A018,INT0004501,64,Agent closed interaction prematurely; customer issue was not fully addressed.
QA254686,A062,INT0004502,83,Agent followed protocol correctly and confirmed resolution with customer.
QA418449,A018,INT0004516,80,Agent followed protocol correctly and confirmed resolution with customer.
QA976958,A018,INT0004525,96,Agent followed protocol correctly and confirmed resolution with customer.
QA252306,A053,INT0004526,97,Agent followed protocol correctly and confirmed resolution with customer.
QA385390,A053,INT0004531,87,Agent followed protocol correctly and confirmed resolution with customer.
QA969209,A044,INT0004537,67,Agent closed interaction prematurely; customer issue was not fully addressed.
QA308678,A018,INT0004544,89,Agent followed protocol correctly and confirmed resolution with customer.
QA918239,A032,INT0004548,99,Agent followed protocol correctly and confirmed resolution with customer.
QA180443,A067,INT0004551,81,Agent followed protocol correctly and confirmed resolution with customer.
QA534543,A030,INT0004553,99,Agent followed protocol correctly and confirmed resolution with customer.
QA169237,A059,INT0004555,61,Agent closed interaction prematurely; customer issue was not fully addressed.
QA857835,A061,INT0004568,55,Agent closed interaction prematurely; customer issue was not fully addressed.
QA760300,A013,INT0004576,51,Agent closed interaction prematurely; customer issue was not fully addressed.
QA118281,A015,INT0004587,100,Agent followed protocol correctly and confirmed resolution with customer.
QA338162,A005,INT0004599,57,Agent closed interaction prematurely; customer issue was not fully addressed.
QA647189,A043,INT0004622,96,Agent followed protocol correctly and confirmed resolution with customer.
QA254657,A047,INT0004626,98,Agent followed protocol correctly and confirmed resolution with customer.
QA520563,A073,INT0004630,93,Agent followed protocol correctly and confirmed resolution with customer.
QA362345,A016,INT0004662,81,Agent followed protocol correctly and confirmed resolution with customer.
QA761087,A003,INT0004673,86,Agent followed protocol correctly and confirmed resolution with customer.
QA780569,A071,INT0004676,82,Agent followed protocol correctly and confirmed resolution with customer.
QA678313,A014,INT0004678,82,Agent followed protocol correctly and confirmed resolution with customer.
QA763375,A051,INT0004679,85,Agent followed protocol correctly and confirmed resolution with customer.
QA605360,A016,INT0004680,96,Agent followed protocol correctly and confirmed resolution with customer.
QA818069,A017,INT0004692,75,Agent closed interaction prematurely; customer issue was not fully addressed.
QA739356,A053,INT0004698,86,Agent followed protocol correctly and confirmed resolution with customer.
QA133817,A023,INT0004699,98,Agent followed protocol correctly and confirmed resolution with customer.
QA640850,A045,INT0004702,94,Agent followed protocol correctly and confirmed resolution with customer.
QA533931,A064,INT0004728,68,Agent closed interaction prematurely; customer issue was not fully addressed.
QA601232,A026,INT0004741,95,Agent followed protocol correctly and confirmed resolution with customer.
QA768962,A061,INT0004747,74,Agent closed interaction prematurely; customer issue was not fully addressed.
QA579136,A069,INT0004754,69,Agent closed interaction prematurely; customer issue was not fully addressed.
QA164952,A027,INT0004773,66,Agent closed interaction prematurely; customer issue was not fully addressed.
QA689987,A052,INT0004781,90,Agent followed protocol correctly and confirmed resolution with customer.
QA263408,A039,INT0004794,99,Agent followed protocol correctly and confirmed resolution with customer.
QA703640,A013,INT0004795,82,Agent followed protocol correctly and confirmed resolution with customer.
QA306361,A001,INT0004839,91,Agent followed protocol correctly and confirmed resolution with customer.
QA516264,A014,INT0004841,60,Agent closed interaction prematurely; customer issue was not fully addressed.
QA749906,A017,INT0004843,50,Agent closed interaction prematurely; customer issue was not fully addressed.
QA190619,A013,INT0004852,88,Agent followed protocol correctly and confirmed resolution with customer.
QA617848,A031,INT0004855,88,Agent followed protocol correctly and confirmed resolution with customer.
QA784227,A027,INT0004856,99,Agent followed protocol correctly and confirmed resolution with customer.
QA279175,A022,INT0004878,56,Agent closed interaction prematurely; customer issue was not fully addressed.
QA511606,A005,INT0004888,81,Agent followed protocol correctly and confirmed resolution with customer.
QA222568,A037,INT0004915,87,Agent followed protocol correctly and confirmed resolution with customer.
QA213618,A022,INT0004926,62,Agent closed interaction prematurely; customer issue was not fully addressed.
QA198236,A054,INT0004941,92,Agent followed protocol correctly and confirmed resolution with customer.
QA652198,A018,INT0004948,82,Agent followed protocol correctly and confirmed resolution with customer.
QA708366,A033,INT0004956,92,Agent followed protocol correctly and confirmed resolution with customer.
QA679544,A002,INT0004966,62,Agent closed interaction prematurely; customer issue was not fully addressed.
QA125503,A070,INT0004969,80,Agent followed protocol correctly and confirmed resolution with customer.
QA365752,A049,INT0004986,89,Agent followed protocol correctly and confirmed resolution with customer.
QA423700,A038,INT0004988,88,Agent followed protocol correctly and confirmed resolution with customer.
QA464855,A019,INT0004993,80,Agent followed protocol correctly and confirmed resolution with customer.
QA564092,A037,INT0005005,84,Agent followed protocol correctly and confirmed resolution with customer.
QA146428,A074,INT0005020,74,Agent closed interaction prematurely; customer issue was not fully addressed.
QA193544,A001,INT0005023,82,Agent followed protocol correctly and confirmed resolution with customer.
QA248309,A003,INT0005034,90,Agent followed protocol correctly and confirmed resolution with customer.
QA558548,A069,INT0005042,63,Agent closed interaction prematurely; customer issue was not fully addressed.
QA612703,A071,INT0005045,70,Agent closed interaction prematurely; customer issue was not fully addressed.
QA770715,A031,INT0005055,85,Agent followed protocol correctly and confirmed resolution with customer.
QA907807,A003,INT0005056,80,Agent followed protocol correctly and confirmed resolution with customer.
QA401461,A009,INT0005060,100,Agent followed protocol correctly and confirmed resolution with customer.
QA799770,A024,INT0005066,87,Agent followed protocol correctly and confirmed resolution with customer.
QA871141,A036,INT0005087,85,Agent followed protocol correctly and confirmed resolution with customer.
QA774845,A032,INT0005089,96,Agent followed protocol correctly and confirmed resolution with customer.
QA516011,A074,INT0005098,82,Agent followed protocol correctly and confirmed resolution with customer.
QA389587,A017,INT0005114,81,Agent followed protocol correctly and confirmed resolution with customer.
QA284033,A052,INT0005118,80,Agent followed protocol correctly and confirmed resolution with customer.
QA607508,A023,INT0005129,57,Agent closed interaction prematurely; customer issue was not fully addressed.
QA344175,A012,INT0005177,64,Agent closed interaction prematurely; customer issue was not fully addressed.
QA628704,A062,INT0005195,91,Agent followed protocol correctly and confirmed resolution with customer.
QA394489,A060,INT0005205,100,Agent followed protocol correctly and confirmed resolution with customer.
QA891928,A001,INT0005206,82,Agent followed protocol correctly and confirmed resolution with customer.
QA182349,A053,INT0005207,84,Agent followed protocol correctly and confirmed resolution with customer.
QA302905,A006,INT0005239,75,Agent closed interaction prematurely; customer issue was not fully addressed.
QA997129,A036,INT0005241,51,Agent closed interaction prematurely; customer issue was not fully addressed.
QA814749,A064,INT0005249,89,Agent followed protocol correctly and confirmed resolution with customer.
QA613012,A042,INT0005256,98,Agent followed protocol correctly and confirmed resolution with customer.
QA523427,A072,INT0005266,95,Agent followed protocol correctly and confirmed resolution with customer.
QA761645,A033,INT0005272,72,Agent closed interaction prematurely; customer issue was not fully addressed.
QA140248,A069,INT0005284,84,Agent followed protocol correctly and confirmed resolution with customer.
QA498428,A030,INT0005304,95,Agent followed protocol correctly and confirmed resolution with customer.
QA644051,A025,INT0005309,61,Agent closed interaction prematurely; customer issue was not fully addressed.
QA695086,A057,INT0005314,83,Agent followed protocol correctly and confirmed resolution with customer.
QA770920,A022,INT0005325,97,Agent followed protocol correctly and confirmed resolution with customer.
QA930459,A034,INT0005328,84,Agent followed protocol correctly and confirmed resolution with customer.
QA979448,A068,INT0005332,82,Agent followed protocol correctly and confirmed resolution with customer.
QA190157,A037,INT0005342,97,Agent followed protocol correctly and confirmed resolution with customer.
QA122813,A056,INT0005346,81,Agent followed protocol correctly and confirmed resolution with customer.
QA513928,A042,INT0005347,96,Agent followed protocol correctly and confirmed resolution with customer.
QA270602,A039,INT0005358,83,Agent followed protocol correctly and confirmed resolution with customer.
QA200110,A009,INT0005368,94,Agent followed protocol correctly and confirmed resolution with customer.
QA748484,A052,INT0005380,97,Agent followed protocol correctly and confirmed resolution with customer.
QA734315,A051,INT0005383,87,Agent followed protocol correctly and confirmed resolution with customer.
QA338837,A059,INT0005403,86,Agent followed protocol correctly and confirmed resolution with customer.
QA605769,A014,INT0005409,90,Agent followed protocol correctly and confirmed resolution with customer.
QA251171,A070,INT0005433,97,Agent followed protocol correctly and confirmed resolution with customer.
QA736172,A009,INT0005442,61,Agent closed interaction prematurely; customer issue was not fully addressed.
QA602926,A012,INT0005446,88,Agent followed protocol correctly and confirmed resolution with customer.
QA917377,A072,INT0005459,84,Agent followed protocol correctly and confirmed resolution with customer.
QA319023,A037,INT0005465,88,Agent followed protocol correctly and confirmed resolution with customer.
QA890977,A026,INT0005482,92,Agent followed protocol correctly and confirmed resolution with customer.
QA760780,A057,INT0005492,90,Agent followed protocol correctly and confirmed resolution with customer.
QA793417,A006,INT0005508,86,Agent followed protocol correctly and confirmed resolution with customer.
QA440808,A040,INT0005510,90,Agent followed protocol correctly and confirmed resolution with customer.
QA487006,A002,INT0005522,90,Agent followed protocol correctly and confirmed resolution with customer.
QA108395,A004,INT0005523,100,Agent followed protocol correctly and confirmed resolution with customer.
QA638574,A057,INT0005529,92,Agent followed protocol correctly and confirmed resolution with customer.
QA567360,A038,INT0005534,100,Agent followed protocol correctly and confirmed resolution with customer.
QA249611,A002,INT0005556,82,Agent followed protocol correctly and confirmed resolution with customer.
QA567397,A014,INT0005561,100,Agent followed protocol correctly and confirmed resolution with customer.
QA284750,A075,INT0005563,100,Agent followed protocol correctly and confirmed resolution with customer.
QA156530,A063,INT0005567,86,Agent followed protocol correctly and confirmed resolution with customer.
QA651187,A042,INT0005577,100,Agent followed protocol correctly and confirmed resolution with customer.
QA523237,A026,INT0005583,96,Agent followed protocol correctly and confirmed resolution with customer.
QA738917,A011,INT0005616,85,Agent followed protocol correctly and confirmed resolution with customer.
QA581299,A037,INT0005641,82,Agent followed protocol correctly and confirmed resolution with customer.
QA283956,A003,INT0005655,97,Agent followed protocol correctly and confirmed resolution with customer.
QA127279,A008,INT0005667,57,Agent closed interaction prematurely; customer issue was not fully addressed.
QA953137,A014,INT0005713,75,Agent closed interaction prematurely; customer issue was not fully addressed.
QA763822,A017,INT0005725,92,Agent followed protocol correctly and confirmed resolution with customer.
QA918146,A059,INT0005744,87,Agent followed protocol correctly and confirmed resolution with customer.
QA824245,A034,INT0005745,82,Agent followed protocol correctly and confirmed resolution with customer.
QA345778,A026,INT0005750,99,Agent followed protocol correctly and confirmed resolution with customer.
QA315336,A002,INT0005759,88,Agent followed protocol correctly and confirmed resolution with customer.
QA478412,A060,INT0005771,59,Agent closed interaction prematurely; customer issue was not fully addressed.
QA213769,A014,INT0005782,56,Agent closed interaction prematurely; customer issue was not fully addressed.
QA961908,A031,INT0005810,94,Agent followed protocol correctly and confirmed resolution with customer.
QA707524,A003,INT0005818,94,Agent followed protocol correctly and confirmed resolution with customer.
QA884009,A002,INT0005821,87,Agent followed protocol correctly and confirmed resolution with customer.
QA489314,A074,INT0005828,62,Agent closed interaction prematurely; customer issue was not fully addressed.
QA311738,A017,INT0005829,50,Agent closed interaction prematurely; customer issue was not fully addressed.
QA805784,A006,INT0005837,87,Agent followed protocol correctly and confirmed resolution with customer.
QA646946,A020,INT0005846,84,Agent followed protocol correctly and confirmed resolution with customer.
QA466909,A074,INT0005862,81,Agent followed protocol correctly and confirmed resolution with customer.
QA415405,A019,INT0005863,51,Agent closed interaction prematurely; customer issue was not fully addressed.
QA112050,A020,INT0005871,88,Agent followed protocol correctly and confirmed resolution with customer.
QA264870,A001,INT0005888,98,Agent followed protocol correctly and confirmed resolution with customer.
QA174284,A004,INT0005896,99,Agent followed protocol correctly and confirmed resolution with customer.
QA513218,A002,INT0005922,55,Agent closed interaction prematurely; customer issue was not fully addressed.
QA995137,A033,INT0005924,91,Agent followed protocol correctly and confirmed resolution with customer.
QA987617,A066,INT0005928,61,Agent closed interaction prematurely; customer issue was not fully addressed.
QA293379,A026,INT0005929,90,Agent followed protocol correctly and confirmed resolution with customer.
QA959975,A012,INT0005930,96,Agent followed protocol correctly and confirmed resolution with customer.
QA651271,A043,INT0005950,97,Agent followed protocol correctly and confirmed resolution with customer.
QA196148,A011,INT0005956,86,Agent followed protocol correctly and confirmed resolution with customer.
QA877402,A028,INT0005958,91,Agent followed protocol correctly and confirmed resolution with customer.
QA405165,A066,INT0005969,100,Agent followed protocol correctly and confirmed resolution with customer.
QA125024,A032,INT0005978,81,Agent followed protocol correctly and confirmed resolution with customer.
QA791627,A043,INT0005983,86,Agent followed protocol correctly and confirmed resolution with customer.
QA236324,A008,INT0005987,95,Agent followed protocol correctly and confirmed resolution with customer.
QA101874,A039,INT0005993,99,Agent followed protocol correctly and confirmed resolution with customer.
QA184400,A064,INT0006002,64,Agent closed interaction prematurely; customer issue was not fully addressed.
QA452043,A023,INT0006008,95,Agent followed protocol correctly and confirmed resolution with customer.
QA512905,A047,INT0006009,82,Agent followed protocol correctly and confirmed resolution with customer.
QA442959,A053,INT0006024,88,Agent followed protocol correctly and confirmed resolution with customer.
QA844516,A033,INT0006049,87,Agent followed protocol correctly and confirmed resolution with customer.
QA151313,A010,INT0006055,96,Agent followed protocol correctly and confirmed resolution with customer.
QA165871,A015,INT0006056,83,Agent followed protocol correctly and confirmed resolution with customer.
QA189222,A007,INT0006059,88,Agent followed protocol correctly and confirmed resolution with customer.
QA233602,A072,INT0006067,87,Agent followed protocol correctly and confirmed resolution with customer.
QA986161,A064,INT0006071,97,Agent followed protocol correctly and confirmed resolution with customer.
QA554548,A027,INT0006073,90,Agent followed protocol correctly and confirmed resolution with customer.
QA464131,A074,INT0006084,100,Agent followed protocol correctly and confirmed resolution with customer.
QA541201,A035,INT0006100,92,Agent followed protocol correctly and confirmed resolution with customer.
QA158452,A028,INT0006106,100,Agent followed protocol correctly and confirmed resolution with customer.
QA168141,A062,INT0006120,58,Agent closed interaction prematurely; customer issue was not fully addressed.
QA499373,A043,INT0006144,98,Agent followed protocol correctly and confirmed resolution with customer.
QA210643,A025,INT0006160,82,Agent followed protocol correctly and confirmed resolution with customer.
QA475081,A062,INT0006189,92,Agent followed protocol correctly and confirmed resolution with customer.
QA742477,A042,INT0006195,99,Agent followed protocol correctly and confirmed resolution with customer.
QA991382,A039,INT0006210,86,Agent followed protocol correctly and confirmed resolution with customer.
QA982012,A010,INT0006213,50,Agent closed interaction prematurely; customer issue was not fully addressed.
QA569327,A003,INT0006224,85,Agent followed protocol correctly and confirmed resolution with customer.
QA995028,A004,INT0006228,51,Agent closed interaction prematurely; customer issue was not fully addressed.
QA562691,A005,INT0006234,90,Agent followed protocol correctly and confirmed resolution with customer.
QA506383,A064,INT0006255,81,Agent followed protocol correctly and confirmed resolution with customer.
QA664368,A017,INT0006257,56,Agent closed interaction prematurely; customer issue was not fully addressed.
QA560707,A012,INT0006261,94,Agent followed protocol correctly and confirmed resolution with customer.
QA439514,A020,INT0006263,99,Agent followed protocol correctly and confirmed resolution with customer.
QA258748,A059,INT0006271,75,Agent closed interaction prematurely; customer issue was not fully addressed.
QA527337,A009,INT0006272,67,Agent closed interaction prematurely; customer issue was not fully addressed.
QA389895,A032,INT0006276,90,Agent followed protocol correctly and confirmed resolution with customer.
QA712354,A042,INT0006290,92,Agent followed protocol correctly and confirmed resolution with customer.
QA618697,A013,INT0006311,96,Agent followed protocol correctly and confirmed resolution with customer.
QA828819,A048,INT0006334,98,Agent followed protocol correctly and confirmed resolution with customer.
QA987183,A060,INT0006338,50,Agent closed interaction prematurely; customer issue was not fully addressed.
QA646043,A066,INT0006345,61,Agent closed interaction prematurely; customer issue was not fully addressed.
QA594476,A024,INT0006367,98,Agent followed protocol correctly and confirmed resolution with customer.
QA303614,A061,INT0006368,83,Agent followed protocol correctly and confirmed resolution with customer.
QA897167,A054,INT0006376,84,Agent followed protocol correctly and confirmed resolution with customer.
QA512522,A053,INT0006440,87,Agent followed protocol correctly and confirmed resolution with customer.
QA807077,A034,INT0006447,98,Agent followed protocol correctly and confirmed resolution with customer.
QA606518,A041,INT0006449,92,Agent followed protocol correctly and confirmed resolution with customer.
QA822655,A010,INT0006460,94,Agent followed protocol correctly and confirmed resolution with customer.
QA801558,A075,INT0006518,70,Agent closed interaction prematurely; customer issue was not fully addressed.
QA825155,A007,INT0006519,69,Agent closed interaction prematurely; customer issue was not fully addressed.
QA166784,A008,INT0006536,95,Agent followed protocol correctly and confirmed resolution with customer.
QA513301,A023,INT0006538,83,Agent followed protocol correctly and confirmed resolution with customer.
QA785503,A031,INT0006542,97,Agent followed protocol correctly and confirmed resolution with customer.
QA153097,A066,INT0006555,94,Agent followed protocol correctly and confirmed resolution with customer.
QA153843,A029,INT0006565,64,Agent closed interaction prematurely; customer issue was not fully addressed.
QA357794,A031,INT0006566,52,Agent closed interaction prematurely; customer issue was not fully addressed.
QA884357,A074,INT0006571,63,Agent closed interaction prematurely; customer issue was not fully addressed.
QA537241,A024,INT0006587,90,Agent followed protocol correctly and confirmed resolution with customer.
QA299613,A054,INT0006628,91,Agent followed protocol correctly and confirmed resolution with customer.
QA503963,A054,INT0006633,95,Agent followed protocol correctly and confirmed resolution with customer.
QA437483,A048,INT0006640,61,Agent closed interaction prematurely; customer issue was not fully addressed.
QA762884,A009,INT0006641,60,Agent closed interaction prematurely; customer issue was not fully addressed.
QA297922,A012,INT0006642,65,Agent closed interaction prematurely; customer issue was not fully addressed.
QA718835,A056,INT0006643,86,Agent followed protocol correctly and confirmed resolution with customer.
QA252891,A056,INT0006650,89,Agent followed protocol correctly and confirmed resolution with customer.
QA656066,A022,INT0006657,94,Agent followed protocol correctly and confirmed resolution with customer.
QA963288,A031,INT0006669,86,Agent followed protocol correctly and confirmed resolution with customer.
QA801514,A051,INT0006670,80,Agent followed protocol correctly and confirmed resolution with customer.
QA645266,A011,INT0006700,92,Agent followed protocol correctly and confirmed resolution with customer.
QA655699,A015,INT0006707,92,Agent followed protocol correctly and confirmed resolution with customer.
QA200824,A067,INT0006722,53,Agent closed interaction prematurely; customer issue was not fully addressed.
QA627308,A011,INT0006753,89,Agent followed protocol correctly and confirmed resolution with customer.
QA354469,A038,INT0006755,81,Agent followed protocol correctly and confirmed resolution with customer.
QA269079,A012,INT0006760,88,Agent followed protocol correctly and confirmed resolution with customer.
QA503211,A061,INT0006785,99,Agent followed protocol correctly and confirmed resolution with customer.
QA897244,A022,INT0006790,99,Agent followed protocol correctly and confirmed resolution with customer.
QA889207,A073,INT0006795,96,Agent followed protocol correctly and confirmed resolution with customer.
QA445691,A019,INT0006805,71,Agent closed interaction prematurely; customer issue was not fully addressed.
QA982447,A074,INT0006808,80,Agent followed protocol correctly and confirmed resolution with customer.
QA589562,A030,INT0006827,91,Agent followed protocol correctly and confirmed resolution with customer.
QA303567,A050,INT0006832,50,Agent closed interaction prematurely; customer issue was not fully addressed.
QA563881,A008,INT0006842,92,Agent followed protocol correctly and confirmed resolution with customer.
QA691487,A052,INT0006853,83,Agent followed protocol correctly and confirmed resolution with customer.
QA162510,A059,INT0006854,90,Agent followed protocol correctly and confirmed resolution with customer.
QA638198,A038,INT0006858,82,Agent followed protocol correctly and confirmed resolution with customer.
QA613929,A017,INT0006862,63,Agent closed interaction prematurely; customer issue was not fully addressed.
QA395610,A074,INT0006868,83,Agent followed protocol correctly and confirmed resolution with customer.
QA614352,A035,INT0006875,84,Agent followed protocol correctly and confirmed resolution with customer.
QA130150,A028,INT0006895,58,Agent closed interaction prematurely; customer issue was not fully addressed.
QA329828,A003,INT0006902,93,Agent followed protocol correctly and confirmed resolution with customer.
QA248664,A042,INT0006913,69,Agent closed interaction prematurely; customer issue was not fully addressed.
QA709566,A023,INT0006917,83,Agent followed protocol correctly and confirmed resolution with customer.
QA146484,A040,INT0006942,86,Agent followed protocol correctly and confirmed resolution with customer.
QA946969,A051,INT0006950,86,Agent followed protocol correctly and confirmed resolution with customer.
QA812804,A067,INT0006953,94,Agent followed protocol correctly and confirmed resolution with customer.
QA212513,A009,INT0006954,100,Agent followed protocol correctly and confirmed resolution with customer.
QA943201,A022,INT0006967,94,Agent followed protocol correctly and confirmed resolution with customer.
QA424937,A046,INT0006968,90,Agent followed protocol correctly and confirmed resolution with customer.
QA635207,A040,INT0006973,93,Agent followed protocol correctly and confirmed resolution with customer.
QA504567,A030,INT0006976,85,Agent followed protocol correctly and confirmed resolution with customer.
QA441960,A075,INT0006978,97,Agent followed protocol correctly and confirmed resolution with customer.
QA209120,A047,INT0007026,91,Agent followed protocol correctly and confirmed resolution with customer.
QA515143,A001,INT0007034,95,Agent followed protocol correctly and confirmed resolution with customer.
QA174299,A039,INT0007061,71,Agent closed interaction prematurely; customer issue was not fully addressed.
QA700619,A018,INT0007072,83,Agent followed protocol correctly and confirmed resolution with customer.
QA314452,A048,INT0007074,98,Agent followed protocol correctly and confirmed resolution with customer.
QA743483,A014,INT0007077,97,Agent followed protocol correctly and confirmed resolution with customer.
QA434478,A039,INT0007087,97,Agent followed protocol correctly and confirmed resolution with customer.
QA864212,A059,INT0007088,84,Agent followed protocol correctly and confirmed resolution with customer.
QA273997,A039,INT0007101,85,Agent followed protocol correctly and confirmed resolution with customer.
QA535891,A031,INT0007113,87,Agent followed protocol correctly and confirmed resolution with customer.
QA333612,A024,INT0007117,99,Agent followed protocol correctly and confirmed resolution with customer.
QA349004,A015,INT0007140,80,Agent followed protocol correctly and confirmed resolution with customer.
QA749673,A044,INT0007149,100,Agent followed protocol correctly and confirmed resolution with customer.
QA123937,A070,INT0007164,64,Agent closed interaction prematurely; customer issue was not fully addressed.
QA444601,A068,INT0007165,56,Agent closed interaction prematurely; customer issue was not fully addressed.
QA790883,A001,INT0007166,52,Agent closed interaction prematurely; customer issue was not fully addressed.
QA461879,A039,INT0007167,63,Agent closed interaction prematurely; customer issue was not fully addressed.
QA432117,A033,INT0007172,99,Agent followed protocol correctly and confirmed resolution with customer.
QA444611,A072,INT0007183,90,Agent followed protocol correctly and confirmed resolution with customer.
QA916167,A039,INT0007199,85,Agent followed protocol correctly and confirmed resolution with customer.
QA617973,A068,INT0007203,91,Agent followed protocol correctly and confirmed resolution with customer.
QA201161,A001,INT0007206,93,Agent followed protocol correctly and confirmed resolution with customer.
QA107691,A025,INT0007229,52,Agent closed interaction prematurely; customer issue was not fully addressed.
QA617341,A048,INT0007240,85,Agent followed protocol correctly and confirmed resolution with customer.
QA675929,A009,INT0007241,61,Agent closed interaction prematurely; customer issue was not fully addressed.
QA214575,A047,INT0007247,93,Agent followed protocol correctly and confirmed resolution with customer.
QA665261,A055,INT0007254,84,Agent followed protocol correctly and confirmed resolution with customer.
QA818250,A056,INT0007259,85,Agent followed protocol correctly and confirmed resolution with customer.
QA358890,A039,INT0007268,84,Agent followed protocol correctly and confirmed resolution with customer.
QA392558,A073,INT0007273,72,Agent closed interaction prematurely; customer issue was not fully addressed.
QA953626,A044,INT0007295,90,Agent followed protocol correctly and confirmed resolution with customer.
QA561442,A051,INT0007298,94,Agent followed protocol correctly and confirmed resolution with customer.
QA253395,A008,INT0007302,67,Agent closed interaction prematurely; customer issue was not fully addressed.
QA828207,A036,INT0007308,96,Agent followed protocol correctly and confirmed resolution with customer.
QA652537,A022,INT0007312,85,Agent followed protocol correctly and confirmed resolution with customer.
QA183591,A020,INT0007314,96,Agent followed protocol correctly and confirmed resolution with customer.
QA759584,A061,INT0007315,92,Agent followed protocol correctly and confirmed resolution with customer.
QA369288,A005,INT0007344,81,Agent followed protocol correctly and confirmed resolution with customer.
QA867528,A060,INT0007353,100,Agent followed protocol correctly and confirmed resolution with customer.
QA394744,A007,INT0007355,81,Agent followed protocol correctly and confirmed resolution with customer.
QA272018,A007,INT0007380,93,Agent followed protocol correctly and confirmed resolution with customer.
QA921204,A006,INT0007385,82,Agent followed protocol correctly and confirmed resolution with customer.
QA279925,A014,INT0007387,85,Agent followed protocol correctly and confirmed resolution with customer.
QA935926,A067,INT0007394,53,Agent closed interaction prematurely; customer issue was not fully addressed.
QA562624,A042,INT0007403,62,Agent closed interaction prematurely; customer issue was not fully addressed.
QA213347,A042,INT0007415,91,Agent followed protocol correctly and confirmed resolution with customer.
QA715079,A022,INT0007424,100,Agent followed protocol correctly and confirmed resolution with customer.
QA462871,A001,INT0007441,96,Agent followed protocol correctly and confirmed resolution with customer.
QA358612,A049,INT0007443,97,Agent followed protocol correctly and confirmed resolution with customer.
QA502351,A044,INT0007446,93,Agent followed protocol correctly and confirmed resolution with customer.
QA495184,A003,INT0007466,99,Agent followed protocol correctly and confirmed resolution with customer.
QA874391,A023,INT0007478,98,Agent followed protocol correctly and confirmed resolution with customer.
QA363283,A028,INT0007488,87,Agent followed protocol correctly and confirmed resolution with customer.
QA608955,A065,INT0007498,60,Agent closed interaction prematurely; customer issue was not fully addressed.
QA745192,A019,INT0007508,64,Agent closed interaction prematurely; customer issue was not fully addressed.
QA216487,A013,INT0007517,84,Agent followed protocol correctly and confirmed resolution with customer.
QA916158,A074,INT0007520,95,Agent followed protocol correctly and confirmed resolution with customer.
QA181822,A067,INT0007526,81,Agent followed protocol correctly and confirmed resolution with customer.
QA709682,A006,INT0007527,93,Agent followed protocol correctly and confirmed resolution with customer.
QA909654,A046,INT0007535,69,Agent closed interaction prematurely; customer issue was not fully addressed.
QA378058,A044,INT0007544,82,Agent followed protocol correctly and confirmed resolution with customer.
QA686139,A074,INT0007546,98,Agent followed protocol correctly and confirmed resolution with customer.
QA795084,A025,INT0007551,68,Agent closed interaction prematurely; customer issue was not fully addressed.
QA179504,A033,INT0007554,62,Agent closed interaction prematurely; customer issue was not fully addressed.
QA571337,A036,INT0007563,84,Agent followed protocol correctly and confirmed resolution with customer.
QA263034,A032,INT0007579,84,Agent followed protocol correctly and confirmed resolution with customer.
QA674629,A003,INT0007605,95,Agent followed protocol correctly and confirmed resolution with customer.
QA360050,A039,INT0007608,56,Agent closed interaction prematurely; customer issue was not fully addressed.
QA359744,A043,INT0007610,80,Agent followed protocol correctly and confirmed resolution with customer.
QA602805,A010,INT0007613,88,Agent followed protocol correctly and confirmed resolution with customer.
QA647203,A009,INT0007618,80,Agent followed protocol correctly and confirmed resolution with customer.
QA522081,A054,INT0007628,96,Agent followed protocol correctly and confirmed resolution with customer.
QA724646,A010,INT0007632,86,Agent followed protocol correctly and confirmed resolution with customer.
QA276104,A013,INT0007638,96,Agent followed protocol correctly and confirmed resolution with customer.
QA123887,A011,INT0007641,99,Agent followed protocol correctly and confirmed resolution with customer.
QA925872,A070,INT0007682,100,Agent followed protocol correctly and confirmed resolution with customer.
QA995467,A045,INT0007686,96,Agent followed protocol correctly and confirmed resolution with customer.
QA434828,A024,INT0007692,59,Agent closed interaction prematurely; customer issue was not fully addressed.
QA300209,A064,INT0007694,75,Agent closed interaction prematurely; customer issue was not fully addressed.
QA159131,A064,INT0007695,64,Agent closed interaction prematurely; customer issue was not fully addressed.
QA460483,A054,INT0007701,100,Agent followed protocol correctly and confirmed resolution with customer.
QA467318,A003,INT0007712,96,Agent followed protocol correctly and confirmed resolution with customer.
QA184452,A072,INT0007729,96,Agent followed protocol correctly and confirmed resolution with customer.
QA827777,A040,INT0007764,85,Agent followed protocol correctly and confirmed resolution with customer.
QA575531,A024,INT0007771,81,Agent followed protocol correctly and confirmed resolution with customer.
QA768582,A035,INT0007799,81,Agent followed protocol correctly and confirmed resolution with customer.
QA668388,A013,INT0007800,99,Agent followed protocol correctly and confirmed resolution with customer.
QA682833,A022,INT0007801,58,Agent closed interaction prematurely; customer issue was not fully addressed.
QA360605,A034,INT0007813,95,Agent followed protocol correctly and confirmed resolution with customer.
QA247947,A034,INT0007814,93,Agent followed protocol correctly and confirmed resolution with customer.
QA520062,A008,INT0007829,99,Agent followed protocol correctly and confirmed resolution with customer.
QA158635,A065,INT0007836,94,Agent followed protocol correctly and confirmed resolution with customer.
QA760834,A011,INT0007838,84,Agent followed protocol correctly and confirmed resolution with customer.
QA703572,A025,INT0007840,91,Agent followed protocol correctly and confirmed resolution with customer.
QA983380,A032,INT0007841,92,Agent followed protocol correctly and confirmed resolution with customer.
QA640817,A068,INT0007858,87,Agent followed protocol correctly and confirmed resolution with customer.
QA416005,A051,INT0007886,81,Agent followed protocol correctly and confirmed resolution with customer.
QA152394,A041,INT0007905,91,Agent followed protocol correctly and confirmed resolution with customer.
QA315294,A033,INT0007938,80,Agent followed protocol correctly and confirmed resolution with customer.
QA452962,A023,INT0007952,71,Agent closed interaction prematurely; customer issue was not fully addressed.
QA547487,A054,INT0007953,100,Agent followed protocol correctly and confirmed resolution with customer.
QA923476,A034,INT0007964,68,Agent closed interaction prematurely; customer issue was not fully addressed.
QA516401,A002,INT0007968,63,Agent closed interaction prematurely; customer issue was not fully addressed.
QA567821,A052,INT0007993,75,Agent closed interaction prematurely; customer issue was not fully addressed.
QA726796,A032,INT0007997,99,Agent followed protocol correctly and confirmed resolution with customer.
QA685595,A068,INT0007999,57,Agent closed interaction prematurely; customer issue was not fully addressed.
QA382914,A013,INT0008003,100,Agent followed protocol correctly and confirmed resolution with customer.
QA431975,A003,INT0008027,100,Agent followed protocol correctly and confirmed resolution with customer.
QA588298,A001,INT0008039,82,Agent followed protocol correctly and confirmed resolution with customer.
QA504459,A041,INT0008048,74,Agent closed interaction prematurely; customer issue was not fully addressed.
QA450691,A071,INT0008070,66,Agent closed interaction prematurely; customer issue was not fully addressed.
QA250848,A022,INT0008071,71,Agent closed interaction prematurely; customer issue was not fully addressed.
QA754797,A007,INT0008082,97,Agent followed protocol correctly and confirmed resolution with customer.
QA406313,A041,INT0008092,89,Agent followed protocol correctly and confirmed resolution with customer.
QA758739,A014,INT0008110,97,Agent followed protocol correctly and confirmed resolution with customer.
QA430542,A059,INT0008111,91,Agent followed protocol correctly and confirmed resolution with customer.
QA810980,A037,INT0008113,97,Agent followed protocol correctly and confirmed resolution with customer.
QA229809,A012,INT0008125,57,Agent closed interaction prematurely; customer issue was not fully addressed.
QA595649,A038,INT0008160,93,Agent followed protocol correctly and confirmed resolution with customer.
QA169471,A063,INT0008167,95,Agent followed protocol correctly and confirmed resolution with customer.
QA748589,A007,INT0008172,83,Agent followed protocol correctly and confirmed resolution with customer.
QA777726,A022,INT0008194,95,Agent followed protocol correctly and confirmed resolution with customer.
QA335333,A014,INT0008204,84,Agent followed protocol correctly and confirmed resolution with customer.
QA951863,A055,INT0008207,98,Agent followed protocol correctly and confirmed resolution with customer.
QA602481,A014,INT0008222,86,Agent followed protocol correctly and confirmed resolution with customer.
QA994457,A014,INT0008236,83,Agent followed protocol correctly and confirmed resolution with customer.
QA645543,A060,INT0008238,81,Agent followed protocol correctly and confirmed resolution with customer.
QA232038,A073,INT0008246,66,Agent closed interaction prematurely; customer issue was not fully addressed.
QA859087,A072,INT0008247,70,Agent closed interaction prematurely; customer issue was not fully addressed.
QA812728,A007,INT0008256,83,Agent followed protocol correctly and confirmed resolution with customer.
QA912207,A015,INT0008261,80,Agent followed protocol correctly and confirmed resolution with customer.
QA979495,A065,INT0008265,88,Agent followed protocol correctly and confirmed resolution with customer.
QA460665,A068,INT0008271,54,Agent closed interaction prematurely; customer issue was not fully addressed.
QA323891,A011,INT0008277,96,Agent followed protocol correctly and confirmed resolution with customer.
QA939798,A030,INT0008303,100,Agent followed protocol correctly and confirmed resolution with customer.
QA820743,A056,INT0008304,80,Agent followed protocol correctly and confirmed resolution with customer.
QA527669,A022,INT0008321,91,Agent followed protocol correctly and confirmed resolution with customer.
QA114161,A005,INT0008332,80,Agent followed protocol correctly and confirmed resolution with customer.
QA623796,A037,INT0008333,81,Agent followed protocol correctly and confirmed resolution with customer.
QA159990,A063,INT0008360,94,Agent followed protocol correctly and confirmed resolution with customer.
QA760269,A038,INT0008370,100,Agent followed protocol correctly and confirmed resolution with customer.
QA328264,A055,INT0008386,75,Agent closed interaction prematurely; customer issue was not fully addressed.
QA431345,A020,INT0008387,69,Agent closed interaction prematurely; customer issue was not fully addressed.
QA482554,A042,INT0008392,80,Agent followed protocol correctly and confirmed resolution with customer.
QA688674,A026,INT0008413,84,Agent followed protocol correctly and confirmed resolution with customer.
QA858074,A024,INT0008421,88,Agent followed protocol correctly and confirmed resolution with customer.
QA209704,A008,INT0008429,94,Agent followed protocol correctly and confirmed resolution with customer.
QA254184,A055,INT0008443,64,Agent closed interaction prematurely; customer issue was not fully addressed.
QA649513,A003,INT0008445,99,Agent followed protocol correctly and confirmed resolution with customer.
QA482474,A003,INT0008455,88,Agent followed protocol correctly and confirmed resolution with customer.
QA991837,A072,INT0008462,81,Agent followed protocol correctly and confirmed resolution with customer.
QA140235,A003,INT0008464,82,Agent followed protocol correctly and confirmed resolution with customer.
QA601912,A049,INT0008477,87,Agent followed protocol correctly and confirmed resolution with customer.
QA144113,A066,INT0008481,91,Agent followed protocol correctly and confirmed resolution with customer.
QA134268,A030,INT0008483,93,Agent followed protocol correctly and confirmed resolution with customer.
QA965566,A038,INT0008484,94,Agent followed protocol correctly and confirmed resolution with customer.
QA427873,A020,INT0008491,90,Agent followed protocol correctly and confirmed resolution with customer.
QA547412,A055,INT0008494,100,Agent followed protocol correctly and confirmed resolution with customer.
QA793725,A016,INT0008513,89,Agent followed protocol correctly and confirmed resolution with customer.
QA261110,A030,INT0008520,91,Agent followed protocol correctly and confirmed resolution with customer.
QA462646,A061,INT0008522,82,Agent followed protocol correctly and confirmed resolution with customer.
QA340122,A017,INT0008529,51,Agent closed interaction prematurely; customer issue was not fully addressed.
QA297202,A071,INT0008545,63,Agent closed interaction prematurely; customer issue was not fully addressed.
QA167965,A040,INT0008547,86,Agent followed protocol correctly and confirmed resolution with customer.
QA771101,A002,INT0008555,97,Agent followed protocol correctly and confirmed resolution with customer.
QA920656,A064,INT0008571,91,Agent followed protocol correctly and confirmed resolution with customer.
QA359510,A064,INT0008573,94,Agent followed protocol correctly and confirmed resolution with customer.
QA710986,A051,INT0008586,74,Agent closed interaction prematurely; customer issue was not fully addressed.
QA869083,A037,INT0008587,99,Agent followed protocol correctly and confirmed resolution with customer.
QA962705,A062,INT0008589,67,Agent closed interaction prematurely; customer issue was not fully addressed.
QA167842,A071,INT0008596,95,Agent followed protocol correctly and confirmed resolution with customer.
QA506566,A008,INT0008611,71,Agent closed interaction prematurely; customer issue was not fully addressed.
QA469710,A009,INT0008619,71,Agent closed interaction prematurely; customer issue was not fully addressed.
QA935596,A019,INT0008621,60,Agent closed interaction prematurely; customer issue was not fully addressed.
QA832370,A059,INT0008622,65,Agent closed interaction prematurely; customer issue was not fully addressed.
QA124906,A003,INT0008629,94,Agent followed protocol correctly and confirmed resolution with customer.
QA865682,A048,INT0008630,99,Agent followed protocol correctly and confirmed resolution with customer.
QA693352,A003,INT0008635,93,Agent followed protocol correctly and confirmed resolution with customer.
QA480987,A028,INT0008649,57,Agent closed interaction prematurely; customer issue was not fully addressed.
QA269158,A027,INT0008650,83,Agent followed protocol correctly and confirmed resolution with customer.
QA872994,A012,INT0008680,51,Agent closed interaction prematurely; customer issue was not fully addressed.
QA349347,A002,INT0008685,98,Agent followed protocol correctly and confirmed resolution with customer.
QA546474,A062,INT0008699,90,Agent followed protocol correctly and confirmed resolution with customer.
QA641248,A035,INT0008701,89,Agent followed protocol correctly and confirmed resolution with customer.
QA862972,A001,INT0008742,89,Agent followed protocol correctly and confirmed resolution with customer.
QA637056,A043,INT0008749,86,Agent followed protocol correctly and confirmed resolution with customer.
QA460106,A041,INT0008756,63,Agent closed interaction prematurely; customer issue was not fully addressed.
QA559871,A064,INT0008783,82,Agent followed protocol correctly and confirmed resolution with customer.
QA151439,A061,INT0008786,90,Agent followed protocol correctly and confirmed resolution with customer.
QA671770,A021,INT0008796,96,Agent followed protocol correctly and confirmed resolution with customer.
QA331936,A056,INT0008804,54,Agent closed interaction prematurely; customer issue was not fully addressed.
QA527927,A023,INT0008809,81,Agent followed protocol correctly and confirmed resolution with customer.
QA773323,A072,INT0008810,94,Agent followed protocol correctly and confirmed resolution with customer.
QA742060,A072,INT0008813,93,Agent followed protocol correctly and confirmed resolution with customer.
QA773458,A012,INT0008819,90,Agent followed protocol correctly and confirmed resolution with customer.
QA633718,A075,INT0008833,52,Agent closed interaction prematurely; customer issue was not fully addressed.
QA460536,A060,INT0008840,57,Agent closed interaction prematurely; customer issue was not fully addressed.
QA758272,A040,INT0008843,86,Agent followed protocol correctly and confirmed resolution with customer.
QA512529,A021,INT0008851,87,Agent followed protocol correctly and confirmed resolution with customer.
QA684370,A072,INT0008853,98,Agent followed protocol correctly and confirmed resolution with customer.
QA503387,A066,INT0008871,89,Agent followed protocol correctly and confirmed resolution with customer.
QA702111,A075,INT0008874,100,Agent followed protocol correctly and confirmed resolution with customer.
QA361172,A044,INT0008882,85,Agent followed protocol correctly and confirmed resolution with customer.
QA510244,A029,INT0008886,84,Agent followed protocol correctly and confirmed resolution with customer.
QA441558,A065,INT0008891,94,Agent followed protocol correctly and confirmed resolution with customer.
QA359244,A044,INT0008904,94,Agent followed protocol correctly and confirmed resolution with customer.
QA584008,A046,INT0008909,84,Agent followed protocol correctly and confirmed resolution with customer.
QA712129,A016,INT0008920,75,Agent closed interaction prematurely; customer issue was not fully addressed.
QA336812,A008,INT0008926,62,Agent closed interaction prematurely; customer issue was not fully addressed.
QA785257,A064,INT0008944,65,Agent closed interaction prematurely; customer issue was not fully addressed.
QA873621,A075,INT0008947,53,Agent closed interaction prematurely; customer issue was not fully addressed.
QA182258,A028,INT0008966,97,Agent followed protocol correctly and confirmed resolution with customer.
QA425518,A048,INT0008974,85,Agent followed protocol correctly and confirmed resolution with customer.
QA992982,A058,INT0008981,66,Agent closed interaction prematurely; customer issue was not fully addressed.
QA735413,A055,INT0008989,91,Agent followed protocol correctly and confirmed resolution with customer.
QA566698,A025,INT0008998,66,Agent closed interaction prematurely; customer issue was not fully addressed.
QA489983,A068,INT0008999,66,Agent closed interaction prematurely; customer issue was not fully addressed.
QA582201,A020,INT0009004,80,Agent followed protocol correctly and confirmed resolution with customer.
QA543154,A019,INT0009013,72,Agent closed interaction prematurely; customer issue was not fully addressed.
QA560022,A047,INT0009017,81,Agent followed protocol correctly and confirmed resolution with customer.
QA130898,A066,INT0009020,68,Agent closed interaction prematurely; customer issue was not fully addressed.
QA807406,A023,INT0009025,92,Agent followed protocol correctly and confirmed resolution with customer.
QA721358,A050,INT0009040,100,Agent followed protocol correctly and confirmed resolution with customer.
QA900470,A013,INT0009044,97,Agent followed protocol correctly and confirmed resolution with customer.
QA596392,A040,INT0009057,54,Agent closed interaction prematurely; customer issue was not fully addressed.
QA799168,A031,INT0009062,95,Agent followed protocol correctly and confirmed resolution with customer.
QA854840,A070,INT0009082,100,Agent followed protocol correctly and confirmed resolution with customer.
QA719563,A020,INT0009093,54,Agent closed interaction prematurely; customer issue was not fully addressed.
QA325085,A018,INT0009105,56,Agent closed interaction prematurely; customer issue was not fully addressed.
QA664758,A050,INT0009120,94,Agent followed protocol correctly and confirmed resolution with customer.
QA458833,A010,INT0009121,96,Agent followed protocol correctly and confirmed resolution with customer.
QA306144,A033,INT0009145,99,Agent followed protocol correctly and confirmed resolution with customer.
QA112227,A041,INT0009176,84,Agent followed protocol correctly and confirmed resolution with customer.
QA382386,A070,INT0009196,80,Agent followed protocol correctly and confirmed resolution with customer.
QA785908,A038,INT0009202,85,Agent followed protocol correctly and confirmed resolution with customer.
QA488493,A032,INT0009203,90,Agent followed protocol correctly and confirmed resolution with customer.
QA543343,A017,INT0009218,65,Agent closed interaction prematurely; customer issue was not fully addressed.
QA549698,A036,INT0009237,82,Agent followed protocol correctly and confirmed resolution with customer.
QA696393,A044,INT0009240,81,Agent followed protocol correctly and confirmed resolution with customer.
QA539417,A016,INT0009248,64,Agent closed interaction prematurely; customer issue was not fully addressed.
QA431612,A011,INT0009258,96,Agent followed protocol correctly and confirmed resolution with customer.
QA926695,A006,INT0009262,82,Agent followed protocol correctly and confirmed resolution with customer.
QA232412,A018,INT0009272,86,Agent followed protocol correctly and confirmed resolution with customer.
QA668382,A052,INT0009276,91,Agent followed protocol correctly and confirmed resolution with customer.
QA959933,A046,INT0009288,96,Agent followed protocol correctly and confirmed resolution with customer.
QA499903,A055,INT0009289,71,Agent closed interaction prematurely; customer issue was not fully addressed.
QA433861,A023,INT0009297,93,Agent followed protocol correctly and confirmed resolution with customer.
QA304545,A071,INT0009300,72,Agent closed interaction prematurely; customer issue was not fully addressed.
QA865352,A008,INT0009305,97,Agent followed protocol correctly and confirmed resolution with customer.
QA264611,A017,INT0009315,99,Agent followed protocol correctly and confirmed resolution with customer.
QA480824,A013,INT0009322,94,Agent followed protocol correctly and confirmed resolution with customer.
QA918860,A005,INT0009345,89,Agent followed protocol correctly and confirmed resolution with customer.
QA399806,A062,INT0009347,67,Agent closed interaction prematurely; customer issue was not fully addressed.
QA134841,A037,INT0009348,97,Agent followed protocol correctly and confirmed resolution with customer.
QA968249,A025,INT0009352,69,Agent closed interaction prematurely; customer issue was not fully addressed.
QA346217,A028,INT0009377,84,Agent followed protocol correctly and confirmed resolution with customer.
QA482528,A034,INT0009383,88,Agent followed protocol correctly and confirmed resolution with customer.
QA715886,A061,INT0009397,98,Agent followed protocol correctly and confirmed resolution with customer.
QA672324,A006,INT0009398,88,Agent followed protocol correctly and confirmed resolution with customer.
QA525119,A051,INT0009401,97,Agent followed protocol correctly and confirmed resolution with customer.
QA732066,A069,INT0009406,99,Agent followed protocol correctly and confirmed resolution with customer.
QA276019,A006,INT0009411,91,Agent followed protocol correctly and confirmed resolution with customer.
QA576622,A051,INT0009415,92,Agent followed protocol correctly and confirmed resolution with customer.
QA660485,A022,INT0009426,56,Agent closed interaction prematurely; customer issue was not fully addressed.
QA253665,A060,INT0009429,95,Agent followed protocol correctly and confirmed resolution with customer.
QA895592,A001,INT0009439,84,Agent followed protocol correctly and confirmed resolution with customer.
QA823536,A024,INT0009442,66,Agent closed interaction prematurely; customer issue was not fully addressed.
QA891782,A043,INT0009457,84,Agent followed protocol correctly and confirmed resolution with customer.
QA560564,A062,INT0009458,89,Agent followed protocol correctly and confirmed resolution with customer.
QA526858,A028,INT0009461,73,Agent closed interaction prematurely; customer issue was not fully addressed.
QA124319,A018,INT0009484,58,Agent closed interaction prematurely; customer issue was not fully addressed.
QA110718,A044,INT0009487,82,Agent followed protocol correctly and confirmed resolution with customer.
QA519283,A060,INT0009512,82,Agent followed protocol correctly and confirmed resolution with customer.
QA645177,A035,INT0009517,86,Agent followed protocol correctly and confirmed resolution with customer.
QA672217,A069,INT0009527,81,Agent followed protocol correctly and confirmed resolution with customer.
QA505562,A023,INT0009559,92,Agent followed protocol correctly and confirmed resolution with customer.
QA934194,A024,INT0009565,75,Agent closed interaction prematurely; customer issue was not fully addressed.
QA777001,A005,INT0009571,94,Agent followed protocol correctly and confirmed resolution with customer.
QA236160,A033,INT0009579,57,Agent closed interaction prematurely; customer issue was not fully addressed.
QA459010,A009,INT0009584,81,Agent followed protocol correctly and confirmed resolution with customer.
QA373271,A061,INT0009599,96,Agent followed protocol correctly and confirmed resolution with customer.
QA386879,A023,INT0009610,85,Agent followed protocol correctly and confirmed resolution with customer.
QA783209,A030,INT0009641,93,Agent followed protocol correctly and confirmed resolution with customer.
QA163359,A033,INT0009667,86,Agent followed protocol correctly and confirmed resolution with customer.
QA571580,A070,INT0009685,73,Agent closed interaction prematurely; customer issue was not fully addressed.
QA409023,A043,INT0009687,51,Agent closed interaction prematurely; customer issue was not fully addressed.
QA780585,A073,INT0009709,55,Agent closed interaction prematurely; customer issue was not fully addressed.
QA336204,A047,INT0009711,63,Agent closed interaction prematurely; customer issue was not fully addressed.
QA450288,A041,INT0009717,53,Agent closed interaction prematurely; customer issue was not fully addressed.
QA248220,A024,INT0009752,75,Agent closed interaction prematurely; customer issue was not fully addressed.
QA190544,A042,INT0009784,90,Agent followed protocol correctly and confirmed resolution with customer.
QA719818,A017,INT0009788,72,Agent closed interaction prematurely; customer issue was not fully addressed.
QA710431,A062,INT0009812,93,Agent followed protocol correctly and confirmed resolution with customer.
QA896985,A030,INT0009819,71,Agent closed interaction prematurely; customer issue was not fully addressed.
QA813805,A006,INT0009822,81,Agent followed protocol correctly and confirmed resolution with customer.
QA606466,A001,INT0009829,86,Agent followed protocol correctly and confirmed resolution with customer.
QA748579,A073,INT0009881,98,Agent followed protocol correctly and confirmed resolution with customer.
QA314949,A004,INT0009885,99,Agent followed protocol correctly and confirmed resolution with customer.
QA274135,A069,INT0009889,75,Agent closed interaction prematurely; customer issue was not fully addressed.
QA264343,A074,INT0009900,82,Agent followed protocol correctly and confirmed resolution with customer.
QA791259,A021,INT0009901,93,Agent followed protocol correctly and confirmed resolution with customer.
QA446460,A034,INT0009905,95,Agent followed protocol correctly and confirmed resolution with customer.
QA785934,A023,INT0009925,63,Agent closed interaction prematurely; customer issue was not fully addressed.
QA454129,A066,INT0009929,87,Agent followed protocol correctly and confirmed resolution with customer.
QA151958,A041,INT0009949,59,Agent closed interaction prematurely; customer issue was not fully addressed.
QA102798,A022,INT0009965,82,Agent followed protocol correctly and confirmed resolution with customer.
QA921494,A045,INT0009967,99,Agent followed protocol correctly and confirmed resolution with customer.
QA125002,A069,INT0009982,84,Agent followed protocol correctly and confirmed resolution with customer.
QA562718,A061,INT0009986,96,Agent followed protocol correctly and confirmed resolution with customer.
QA400447,A051,INT0010001,99,Agent followed protocol correctly and confirmed resolution with customer.
QA989394,A016,INT0010005,90,Agent followed protocol correctly and confirmed resolution with customer.
QA937696,A074,INT0010007,85,Agent followed protocol correctly and confirmed resolution with customer.
QA458253,A027,INT0010010,96,Agent followed protocol correctly and confirmed resolution with customer.
QA178317,A010,INT0010012,66,Agent closed interaction prematurely; customer issue was not fully addressed.
QA406806,A016,INT0010017,73,Agent closed interaction prematurely; customer issue was not fully addressed.
QA445363,A033,INT0010025,82,Agent followed protocol correctly and confirmed resolution with customer.
QA390755,A051,INT0010039,95,Agent followed protocol correctly and confirmed resolution with customer.
QA840816,A058,INT0010046,56,Agent closed interaction prematurely; customer issue was not fully addressed.
QA745483,A039,INT0010058,80,Agent followed protocol correctly and confirmed resolution with customer.
QA852107,A031,INT0010064,71,Agent closed interaction prematurely; customer issue was not fully addressed.
QA225267,A026,INT0010069,87,Agent followed protocol correctly and confirmed resolution with customer.
QA734110,A027,INT0010071,94,Agent followed protocol correctly and confirmed resolution with customer.
QA208462,A061,INT0010073,63,Agent closed interaction prematurely; customer issue was not fully addressed.
QA900028,A010,INT0010092,92,Agent followed protocol correctly and confirmed resolution with customer.
QA641703,A065,INT0010114,93,Agent followed protocol correctly and confirmed resolution with customer.
QA398737,A047,INT0010128,81,Agent followed protocol correctly and confirmed resolution with customer.
QA179294,A041,INT0010146,83,Agent followed protocol correctly and confirmed resolution with customer.
QA486534,A001,INT0010149,100,Agent followed protocol correctly and confirmed resolution with customer.
QA510051,A048,INT0010153,80,Agent followed protocol correctly and confirmed resolution with customer.
QA652832,A017,INT0010157,69,Agent closed interaction prematurely; customer issue was not fully addressed.
QA673774,A008,INT0010181,92,Agent followed protocol correctly and confirmed resolution with customer.
QA384182,A036,INT0010183,94,Agent followed protocol correctly and confirmed resolution with customer.
QA353273,A064,INT0010184,99,Agent followed protocol correctly and confirmed resolution with customer.
QA313349,A003,INT0010191,83,Agent followed protocol correctly and confirmed resolution with customer.
QA122039,A011,INT0010197,82,Agent followed protocol correctly and confirmed resolution with customer.
QA399877,A032,INT0010222,88,Agent followed protocol correctly and confirmed resolution with customer.
QA375185,A049,INT0010234,97,Agent followed protocol correctly and confirmed resolution with customer.
QA383134,A067,INT0010248,93,Agent followed protocol correctly and confirmed resolution with customer.
QA461716,A001,INT0010262,83,Agent followed protocol correctly and confirmed resolution with customer.
QA936505,A075,INT0010273,84,Agent followed protocol correctly and confirmed resolution with customer.
QA433596,A015,INT0010274,99,Agent followed protocol correctly and confirmed resolution with customer.
QA845284,A015,INT0010281,90,Agent followed protocol correctly and confirmed resolution with customer.
QA619820,A004,INT0010283,88,Agent followed protocol correctly and confirmed resolution with customer.
QA395704,A008,INT0010322,87,Agent followed protocol correctly and confirmed resolution with customer.
QA597942,A035,INT0010326,67,Agent closed interaction prematurely; customer issue was not fully addressed.
QA303407,A050,INT0010355,81,Agent followed protocol correctly and confirmed resolution with customer.
QA136822,A050,INT0010368,85,Agent followed protocol correctly and confirmed resolution with customer.
QA866557,A042,INT0010384,98,Agent followed protocol correctly and confirmed resolution with customer.
QA991366,A028,INT0010388,66,Agent closed interaction prematurely; customer issue was not fully addressed.
QA260062,A023,INT0010391,96,Agent followed protocol correctly and confirmed resolution with customer.
QA942455,A012,INT0010393,93,Agent followed protocol correctly and confirmed resolution with customer.
QA426476,A046,INT0010402,81,Agent followed protocol correctly and confirmed resolution with customer.
QA224311,A035,INT0010412,95,Agent followed protocol correctly and confirmed resolution with customer.
QA746723,A043,INT0010425,92,Agent followed protocol correctly and confirmed resolution with customer.
QA656665,A007,INT0010436,82,Agent followed protocol correctly and confirmed resolution with customer.
QA602480,A030,INT0010438,96,Agent followed protocol correctly and confirmed resolution with customer.
QA493539,A044,INT0010447,95,Agent followed protocol correctly and confirmed resolution with customer.
QA956359,A040,INT0010456,93,Agent followed protocol correctly and confirmed resolution with customer.
QA932178,A022,INT0010475,97,Agent followed protocol correctly and confirmed resolution with customer.
QA814243,A035,INT0010488,89,Agent followed protocol correctly and confirmed resolution with customer.
QA831459,A020,INT0010512,86,Agent followed protocol correctly and confirmed resolution with customer.
QA645757,A014,INT0010516,73,Agent closed interaction prematurely; customer issue was not fully addressed.
QA462916,A037,INT0010522,85,Agent followed protocol correctly and confirmed resolution with customer.
QA823970,A002,INT0010528,96,Agent followed protocol correctly and confirmed resolution with customer.
QA168327,A032,INT0010531,68,Agent closed interaction prematurely; customer issue was not fully addressed.
QA367035,A054,INT0010533,65,Agent closed interaction prematurely; customer issue was not fully addressed.
QA632858,A009,INT0010535,54,Agent closed interaction prematurely; customer issue was not fully addressed.
QA927894,A050,INT0010539,88,Agent followed protocol correctly and confirmed resolution with customer.
QA757023,A064,INT0010554,61,Agent closed interaction prematurely; customer issue was not fully addressed.
QA261510,A037,INT0010565,92,Agent followed protocol correctly and confirmed resolution with customer.
QA606975,A064,INT0010576,90,Agent followed protocol correctly and confirmed resolution with customer.
QA586157,A072,INT0010579,50,Agent closed interaction prematurely; customer issue was not fully addressed.
QA229632,A042,INT0010583,61,Agent closed interaction prematurely; customer issue was not fully addressed.
QA300090,A016,INT0010588,82,Agent followed protocol correctly and confirmed resolution with customer.
QA711974,A046,INT0010595,86,Agent followed protocol correctly and confirmed resolution with customer.
QA629556,A073,INT0010598,94,Agent followed protocol correctly and confirmed resolution with customer.
QA389485,A046,INT0010606,87,Agent followed protocol correctly and confirmed resolution with customer.
QA463371,A058,INT0010612,97,Agent followed protocol correctly and confirmed resolution with customer.
QA664960,A003,INT0010656,97,Agent followed protocol correctly and confirmed resolution with customer.
QA620327,A042,INT0010659,92,Agent followed protocol correctly and confirmed resolution with customer.
QA623828,A075,INT0010685,92,Agent followed protocol correctly and confirmed resolution with customer.
QA197467,A043,INT0010693,96,Agent followed protocol correctly and confirmed resolution with customer.
QA857319,A020,INT0010703,92,Agent followed protocol correctly and confirmed resolution with customer.
QA742017,A072,INT0010710,88,Agent followed protocol correctly and confirmed resolution with customer.
QA888902,A057,INT0010720,99,Agent followed protocol correctly and confirmed resolution with customer.
QA374861,A020,INT0010727,73,Agent closed interaction prematurely; customer issue was not fully addressed.
QA573334,A070,INT0010732,100,Agent followed protocol correctly and confirmed resolution with customer.
QA966102,A023,INT0010743,72,Agent closed interaction prematurely; customer issue was not fully addressed.
QA225046,A021,INT0010746,100,Agent followed protocol correctly and confirmed resolution with customer.
QA104939,A041,INT0010752,93,Agent followed protocol correctly and confirmed resolution with customer.
QA497767,A045,INT0010760,90,Agent followed protocol correctly and confirmed resolution with customer.
QA716703,A058,INT0010778,95,Agent followed protocol correctly and confirmed resolution with customer.
QA680460,A007,INT0010784,84,Agent followed protocol correctly and confirmed resolution with customer.
QA103541,A001,INT0010789,81,Agent followed protocol correctly and confirmed resolution with customer.
QA111500,A045,INT0010790,69,Agent closed interaction prematurely; customer issue was not fully addressed.
QA324750,A027,INT0010792,84,Agent followed protocol correctly and confirmed resolution with customer.
QA690109,A066,INT0010814,80,Agent followed protocol correctly and confirmed resolution with customer.
QA535896,A002,INT0010820,70,Agent closed interaction prematurely; customer issue was not fully addressed.
QA378230,A072,INT0010824,84,Agent followed protocol correctly and confirmed resolution with customer.
QA940290,A018,INT0010843,82,Agent followed protocol correctly and confirmed resolution with customer.
QA547609,A073,INT0010867,96,Agent followed protocol correctly and confirmed resolution with customer.
QA969494,A018,INT0010870,59,Agent closed interaction prematurely; customer issue was not fully addressed.
QA596118,A012,INT0010873,95,Agent followed protocol correctly and confirmed resolution with customer.
QA303966,A031,INT0010898,65,Agent closed interaction prematurely; customer issue was not fully addressed.
QA146309,A034,INT0010906,88,Agent followed protocol correctly and confirmed resolution with customer.
QA846576,A032,INT0010918,74,Agent closed interaction prematurely; customer issue was not fully addressed.
QA783683,A074,INT0010934,99,Agent followed protocol correctly and confirmed resolution with customer.
QA583295,A052,INT0010940,69,Agent closed interaction prematurely; customer issue was not fully addressed.
QA767939,A036,INT0010963,72,Agent closed interaction prematurely; customer issue was not fully addressed.
QA412026,A008,INT0010964,72,Agent closed interaction prematurely; customer issue was not fully addressed.
QA912100,A052,INT0010965,65,Agent closed interaction prematurely; customer issue was not fully addressed.
QA112957,A058,INT0010971,88,Agent followed protocol correctly and confirmed resolution with customer.
QA836524,A015,INT0010975,82,Agent followed protocol correctly and confirmed resolution with customer.
QA885748,A021,INT0010980,59,Agent closed interaction prematurely; customer issue was not fully addressed.
QA709761,A069,INT0010984,71,Agent closed interaction prematurely; customer issue was not fully addressed.
QA336469,A023,INT0010992,87,Agent followed protocol correctly and confirmed resolution with customer.
QA550854,A069,INT0011001,84,Agent followed protocol correctly and confirmed resolution with customer.
QA555088,A007,INT0011010,82,Agent followed protocol correctly and confirmed resolution with customer.
QA943033,A012,INT0011040,74,Agent closed interaction prematurely; customer issue was not fully addressed.
QA793998,A049,INT0011056,86,Agent followed protocol correctly and confirmed resolution with customer.
QA167495,A001,INT0011057,86,Agent followed protocol correctly and confirmed resolution with customer.
QA291957,A020,INT0011059,88,Agent followed protocol correctly and confirmed resolution with customer.
QA778863,A059,INT0011071,86,Agent followed protocol correctly and confirmed resolution with customer.
QA185338,A069,INT0011086,87,Agent followed protocol correctly and confirmed resolution with customer.
QA809561,A029,INT0011087,81,Agent followed protocol correctly and confirmed resolution with customer.
QA375589,A051,INT0011111,91,Agent followed protocol correctly and confirmed resolution with customer.
QA733214,A066,INT0011118,94,Agent followed protocol correctly and confirmed resolution with customer.
QA180753,A037,INT0011135,99,Agent followed protocol correctly and confirmed resolution with customer.
