date,agent_id,calls,aht,fcr,occupancy,adherence,csat
2026-03-22,A001,17,626.1,0.56,0.928,0.955,3.32
2026-04-03,A001,39,342.4,0.771,0.742,0.886,4.05
2026-06-29,A001,46,250.2,0.874,0.794,0.917,3.34
2026-07-07,A001,16,414.5,0.681,0.683,0.804,4.38
2026-04-05,A001,54,547.2,0.834,0.658,0.925,4.8
2026-04-22,A001,57,245.4,0.879,0.674,0.849,3.53
2026-03-13,A001,30,590.8,0.838,0.694,0.962,3.68
2026-03-10,A001,18,417.8,0.792,0.678,0.987,4.09
2026-01-30,A001,31,183.9,0.759,0.721,0.878,4.61
2026-02-09,A001,17,248.7,0.831,0.734,0.811,4.29
2026-03-09,A001,43,464.4,0.649,0.761,0.984,3.97
2026-02-25,A001,29,264.4,0.603,0.905,0.857,3.69
2026-03-07,A001,40,528.6,0.639,0.894,0.911,3.59
2026-02-11,A001,35,526.3,0.779,0.689,0.909,4.79
2026-06-15,A001,15,706.3,0.898,0.841,0.97,3.47
2026-04-09,A001,17,271.5,0.863,0.824,0.893,4.7
2026-04-25,A001,44,300.0,0.559,0.716,0.883,3.61
2026-03-27,A001,18,516.3,0.914,0.759,0.94,4.42
2026-06-21,A001,26,341.2,0.775,0.91,0.869,4.68
2026-06-08,A001,17,415.4,0.648,0.765,0.847,3.81
2026-02-13,A001,34,594.6,0.715,0.642,0.88,3.34
2026-03-05,A001,26,368.0,0.804,0.811,0.813,4.78
2026-06-11,A001,23,602.6,0.856,0.632,0.887,3.76
2026-03-14,A001,33,269.8,0.748,0.677,0.921,4.48
2026-05-21,A001,42,343.1,0.798,0.716,0.973,4.04
2026-04-30,A001,23,369.4,0.589,0.831,0.824,4.72
2026-06-19,A001,22,631.2,0.916,0.706,0.852,3.96
2026-05-07,A001,30,671.1,0.563,0.866,0.982,3.93
2026-02-07,A001,55,418.1,0.608,0.638,0.888,3.93
2026-04-21,A001,29,615.2,0.701,0.643,0.871,3.79
2026-03-11,A001,41,374.7,0.65,0.837,0.928,3.8
2026-02-03,A001,40,711.2,0.839,0.668,0.832,4.5
2026-07-22,A001,15,676.9,0.9,0.705,0.836,4.07
2026-07-10,A001,58,585.7,0.714,0.666,0.974,3.65
2026-07-05,A001,38,227.4,0.884,0.873,0.96,3.42
2026-02-18,A001,54,367.8,0.705,0.895,0.93,3.37
2026-05-24,A001,43,613.7,0.637,0.757,0.972,4.26
2026-05-16,A001,48,582.9,0.897,0.601,0.953,4.74
2026-07-21,A001,50,490.9,0.662,0.736,0.837,3.76
2026-05-09,A001,29,379.4,0.639,0.809,0.958,4.25
2026-06-13,A001,47,273.1,0.636,0.917,0.859,3.22
2026-06-29,A002,40,271.8,0.576,0.672,0.966,3.34
2026-07-07,A002,39,571.6,0.745,0.652,0.869,3.33
2026-05-27,A002,27,413.8,0.621,0.792,0.951,3.77
2026-01-26,A002,60,700.2,0.779,0.684,0.81,4.5
2026-04-22,A002,39,430.4,0.904,0.805,0.817,3.87
2026-07-09,A002,57,228.4,0.698,0.686,0.979,3.84
2026-03-13,A002,48,435.3,0.665,0.728,0.918,4.47
2026-03-10,A002,37,576.4,0.737,0.731,0.919,4.8
2026-02-09,A002,36,203.7,0.772,0.793,0.946,3.98
2026-03-09,A002,22,257.4,0.888,0.904,0.894,3.41
2026-02-10,A002,40,510.2,0.737,0.918,0.853,3.75
2026-04-12,A002,20,341.3,0.627,0.731,0.873,4.62
2026-03-07,A002,40,685.7,0.878,0.628,0.939,4.64
2026-02-11,A002,51,289.3,0.697,0.731,0.805,4.64
2026-06-15,A002,22,238.5,0.654,0.686,0.851,3.63
2026-05-01,A002,37,477.4,0.889,0.792,0.99,4.46
2026-03-04,A002,58,719.3,0.649,0.659,0.818,4.2
2026-03-08,A002,17,385.9,0.731,0.891,0.953,3.95
2026-03-27,A002,40,630.3,0.702,0.689,0.903,3.92
2026-02-24,A002,31,215.1,0.603,0.611,0.968,3.28
2026-06-21,A002,36,662.4,0.746,0.795,0.845,4.73
2026-06-08,A002,53,553.6,0.751,0.882,0.887,3.82
2026-02-13,A002,43,643.9,0.844,0.942,0.805,4.01
2026-07-15,A002,36,296.7,0.86,0.888,0.865,3.57
2026-03-05,A002,52,559.2,0.85,0.725,0.842,4.5
2026-06-11,A002,54,368.1,0.791,0.754,0.856,3.29
2026-03-14,A002,26,680.8,0.799,0.764,0.811,4.38
2026-05-21,A002,44,345.1,0.671,0.763,0.826,3.28
2026-04-30,A002,39,579.7,0.672,0.935,0.931,4.52
2026-06-19,A002,26,507.3,0.555,0.675,0.894,3.3
2026-05-07,A002,58,609.9,0.608,0.793,0.968,4.77
2026-02-07,A002,20,346.1,0.915,0.903,0.879,3.58
2026-04-21,A002,26,334.6,0.565,0.935,0.934,3.63
2026-05-10,A002,21,216.7,0.605,0.682,0.855,3.77
2026-05-31,A002,60,667.6,0.581,0.725,0.962,4.61
2026-02-18,A002,60,715.9,0.687,0.888,0.853,4.55
2026-05-24,A002,54,624.7,0.619,0.626,0.941,3.3
2026-03-24,A002,18,250.1,0.589,0.875,0.913,4.04
2026-07-21,A002,25,686.4,0.681,0.722,0.972,3.36
2026-05-09,A002,22,180.3,0.663,0.718,0.816,4.01
2026-06-13,A002,33,516.1,0.745,0.91,0.886,3.6
2026-03-22,A003,42,685.8,0.573,0.696,0.863,4.58
2026-04-03,A003,30,524.3,0.88,0.775,0.873,3.45
2026-05-26,A003,39,234.9,0.702,0.643,0.904,4.24
2026-07-07,A003,56,366.9,0.753,0.653,0.857,4.55
2026-04-05,A003,40,568.4,0.685,0.886,0.862,4.59
2026-05-27,A003,29,529.2,0.611,0.835,0.939,4.74
2026-04-22,A003,50,324.8,0.572,0.805,0.984,4.3
2026-03-25,A003,34,623.9,0.562,0.823,0.907,3.44
2026-07-09,A003,41,192.5,0.877,0.9,0.829,3.53
2026-03-13,A003,46,583.4,0.833,0.803,0.938,4.35
2026-03-10,A003,33,683.8,0.686,0.776,0.944,3.74
2026-01-30,A003,18,318.4,0.78,0.637,0.884,4.17
2026-03-09,A003,52,686.0,0.626,0.758,0.944,4.47
2026-02-25,A003,23,544.6,0.903,0.946,0.905,3.92
2026-02-10,A003,25,360.7,0.894,0.662,0.807,4.37
2026-04-12,A003,35,660.1,0.733,0.619,0.837,3.39
2026-03-07,A003,50,700.5,0.585,0.703,0.855,4.58
2026-05-01,A003,20,244.1,0.901,0.624,0.807,3.57
2026-03-04,A003,16,205.8,0.552,0.801,0.883,4.25
2026-03-08,A003,20,404.4,0.75,0.879,0.971,4.0
2026-04-09,A003,29,247.6,0.69,0.785,0.851,4.23
2026-04-25,A003,42,538.7,0.598,0.921,0.809,4.23
2026-03-27,A003,45,277.6,0.555,0.769,0.813,3.9
2026-06-21,A003,56,229.3,0.554,0.819,0.859,4.68
2026-06-11,A003,25,222.1,0.816,0.885,0.884,3.78
2026-03-14,A003,15,415.6,0.619,0.714,0.962,4.02
2026-04-30,A003,46,410.0,0.899,0.735,0.943,4.35
2026-05-07,A003,56,504.1,0.619,0.86,0.882,3.5
2026-02-07,A003,40,526.1,0.566,0.686,0.915,3.95
2026-04-21,A003,44,186.8,0.895,0.68,0.955,4.34
2026-03-11,A003,58,612.0,0.616,0.784,0.852,4.23
2026-02-03,A003,49,535.0,0.785,0.756,0.837,3.5
2026-05-10,A003,25,651.5,0.567,0.759,0.948,4.65
2026-05-31,A003,41,560.3,0.918,0.698,0.918,3.97
2026-07-22,A003,17,461.2,0.653,0.825,0.863,4.14
2026-02-26,A003,35,384.5,0.748,0.69,0.81,3.52
2026-07-10,A003,17,419.7,0.756,0.826,0.831,4.43
2026-07-05,A003,46,655.0,0.841,0.688,0.854,4.12
2026-02-18,A003,26,640.5,0.777,0.755,0.984,4.53
2026-05-16,A003,53,264.8,0.835,0.927,0.935,4.43
2026-03-24,A003,40,641.0,0.903,0.915,0.804,3.53
2026-07-21,A003,51,677.4,0.618,0.626,0.91,3.73
2026-05-09,A003,57,322.8,0.706,0.777,0.884,4.71
2026-06-13,A003,56,661.9,0.701,0.827,0.809,3.77
2026-03-31,A003,36,407.0,0.629,0.604,0.86,4.38
2026-04-03,A004,52,714.6,0.821,0.604,0.919,3.68
2026-07-11,A004,60,443.3,0.919,0.696,0.937,3.44
2026-05-26,A004,59,343.6,0.768,0.715,0.854,3.59
2026-04-05,A004,17,566.0,0.557,0.949,0.973,3.45
2026-05-27,A004,43,593.1,0.897,0.678,0.917,3.33
2026-04-22,A004,15,458.7,0.637,0.619,0.938,4.76
2026-03-25,A004,48,601.7,0.564,0.808,0.913,4.64
2026-07-09,A004,33,301.0,0.589,0.889,0.917,3.98
2026-03-10,A004,58,519.9,0.791,0.791,0.975,4.59
2026-01-30,A004,28,301.7,0.813,0.677,0.8,4.32
2026-02-09,A004,17,463.7,0.815,0.901,0.925,4.42
2026-03-09,A004,25,539.3,0.629,0.648,0.825,4.51
2026-02-25,A004,54,412.1,0.716,0.859,0.955,4.54
2026-02-10,A004,17,617.6,0.862,0.607,0.925,3.39
2026-03-07,A004,46,665.0,0.657,0.88,0.937,3.26
2026-02-11,A004,24,702.3,0.866,0.748,0.801,4.1
2026-06-15,A004,18,312.1,0.857,0.811,0.943,3.37
2026-05-01,A004,49,312.1,0.863,0.601,0.868,3.84
2026-01-28,A004,60,357.4,0.89,0.8,0.884,4.62
2026-04-09,A004,59,249.7,0.72,0.753,0.954,4.14
2026-04-25,A004,52,665.3,0.884,0.946,0.984,3.7
2026-03-27,A004,19,659.2,0.639,0.611,0.985,3.78
2026-02-24,A004,54,697.8,0.869,0.787,0.857,4.35
2026-06-21,A004,51,592.0,0.574,0.927,0.872,3.55
2026-06-08,A004,53,387.3,0.696,0.836,0.969,3.8
2026-02-13,A004,20,437.8,0.852,0.609,0.9,3.55
2026-07-15,A004,20,422.8,0.778,0.621,0.93,3.79
2026-03-05,A004,51,429.5,0.82,0.618,0.818,4.26
2026-06-11,A004,46,378.6,0.699,0.892,0.895,4.0
2026-03-14,A004,31,438.1,0.802,0.92,0.979,3.57
2026-06-19,A004,41,669.0,0.56,0.908,0.929,3.81
2026-05-07,A004,29,192.3,0.895,0.824,0.91,3.77
2026-04-21,A004,38,363.3,0.696,0.676,0.896,3.32
2026-03-11,A004,38,315.8,0.686,0.798,0.808,3.75
2026-02-03,A004,21,187.8,0.569,0.826,0.83,4.16
2026-07-22,A004,18,574.2,0.686,0.846,0.922,3.24
2026-07-10,A004,19,540.5,0.618,0.623,0.99,3.41
2026-07-05,A004,16,268.6,0.599,0.689,0.899,4.45
2026-02-18,A004,57,324.1,0.612,0.735,0.961,3.56
2026-05-24,A004,53,531.6,0.78,0.913,0.929,4.31
2026-05-16,A004,17,206.0,0.583,0.657,0.963,3.59
2026-03-24,A004,22,540.8,0.592,0.738,0.989,3.36
2026-07-21,A004,55,578.6,0.622,0.792,0.9,4.56
2026-06-13,A004,34,287.8,0.851,0.75,0.984,3.4
2026-03-31,A004,50,522.2,0.912,0.682,0.882,3.76
2026-03-22,A005,16,329.0,0.652,0.942,0.846,3.25
2026-04-03,A005,37,324.4,0.79,0.905,0.867,4.08
2026-07-11,A005,28,368.7,0.557,0.918,0.907,3.44
2026-06-29,A005,16,280.5,0.736,0.847,0.877,3.95
2026-05-26,A005,20,411.6,0.596,0.689,0.886,4.22
2026-07-07,A005,31,517.6,0.742,0.815,0.944,4.03
2026-04-05,A005,35,421.6,0.602,0.649,0.838,3.99
2026-01-26,A005,20,604.1,0.641,0.604,0.976,4.46
2026-03-25,A005,55,581.9,0.581,0.751,0.917,4.34
2026-07-09,A005,49,655.1,0.888,0.717,0.835,3.31
2026-03-13,A005,53,419.1,0.569,0.668,0.939,3.53
2026-03-10,A005,54,372.8,0.889,0.939,0.84,3.83
2026-01-30,A005,55,714.5,0.819,0.876,0.947,4.36
2026-02-25,A005,33,244.3,0.907,0.65,0.81,4.42
2026-03-07,A005,20,453.9,0.62,0.896,0.973,4.58
2026-02-11,A005,25,236.3,0.905,0.627,0.854,3.69
2026-06-15,A005,19,643.1,0.855,0.752,0.92,4.72
2026-05-01,A005,55,216.5,0.726,0.917,0.884,4.47
2026-01-28,A005,37,263.9,0.821,0.828,0.816,4.57
2026-03-04,A005,22,380.0,0.821,0.817,0.988,4.27
2026-03-08,A005,60,706.0,0.722,0.649,0.889,3.79
2026-04-09,A005,42,529.6,0.597,0.625,0.95,4.75
2026-04-25,A005,56,219.8,0.636,0.75,0.833,4.67
2026-03-27,A005,26,225.2,0.613,0.715,0.89,4.46
2026-02-24,A005,21,545.1,0.702,0.705,0.92,3.33
2026-06-21,A005,36,374.2,0.603,0.906,0.83,4.07
2026-06-08,A005,35,301.1,0.842,0.893,0.91,3.24
2026-02-13,A005,21,589.3,0.705,0.841,0.897,4.7
2026-03-05,A005,37,586.8,0.903,0.719,0.835,3.85
2026-06-11,A005,49,493.6,0.633,0.751,0.916,3.21
2026-03-14,A005,47,388.9,0.684,0.704,0.809,4.3
2026-05-21,A005,20,242.7,0.676,0.926,0.923,4.55
2026-06-19,A005,21,612.8,0.861,0.668,0.889,3.73
2026-05-07,A005,59,427.5,0.656,0.757,0.823,4.59
2026-02-07,A005,54,538.6,0.55,0.755,0.957,4.46
2026-03-11,A005,26,686.9,0.565,0.687,0.913,4.16
2026-02-03,A005,31,350.1,0.558,0.687,0.844,4.36
2026-05-10,A005,30,567.5,0.774,0.636,0.865,3.52
2026-05-31,A005,28,713.5,0.568,0.884,0.981,4.46
2026-07-22,A005,15,512.1,0.798,0.677,0.827,3.24
2026-02-26,A005,45,443.4,0.677,0.767,0.969,4.67
2026-07-10,A005,27,666.5,0.772,0.65,0.874,3.75
2026-07-05,A005,24,301.7,0.699,0.723,0.885,4.33
2026-02-18,A005,26,291.0,0.577,0.76,0.81,4.27
2026-05-16,A005,37,716.0,0.755,0.752,0.866,4.08
2026-03-24,A005,44,378.2,0.629,0.853,0.913,3.28
2026-07-21,A005,26,396.8,0.768,0.699,0.96,3.99
2026-06-13,A005,20,707.4,0.648,0.618,0.922,3.34
2026-03-31,A005,27,489.5,0.64,0.72,0.877,3.22
2026-03-22,A006,52,505.6,0.631,0.725,0.832,4.29
2026-06-29,A006,35,382.5,0.872,0.794,0.975,4.02
2026-07-07,A006,60,372.3,0.839,0.717,0.914,3.81
2026-04-05,A006,52,573.1,0.572,0.925,0.897,3.21
2026-01-26,A006,52,373.7,0.586,0.811,0.951,4.21
2026-04-22,A006,42,341.8,0.564,0.65,0.92,3.26
2026-03-25,A006,49,527.8,0.883,0.764,0.877,4.13
2026-07-09,A006,49,323.5,0.608,0.651,0.895,3.52
2026-03-13,A006,22,615.9,0.834,0.699,0.899,4.34
2026-03-10,A006,37,433.9,0.634,0.887,0.886,4.75
2026-01-30,A006,27,336.2,0.564,0.681,0.932,4.56
2026-02-09,A006,54,665.7,0.642,0.777,0.837,4.59
2026-04-12,A006,28,636.7,0.706,0.723,0.953,3.96
2026-03-07,A006,20,605.8,0.807,0.916,0.988,4.68
2026-02-11,A006,31,234.8,0.584,0.704,0.958,3.22
2026-05-01,A006,19,327.9,0.552,0.793,0.909,4.72
2026-03-08,A006,32,716.2,0.868,0.743,0.826,3.96
2026-04-09,A006,38,599.9,0.87,0.62,0.91,4.73
2026-04-25,A006,30,696.9,0.754,0.688,0.983,3.93
2026-03-27,A006,38,387.6,0.763,0.605,0.91,3.76
2026-02-24,A006,47,418.0,0.601,0.619,0.965,3.29
2026-06-21,A006,36,673.4,0.699,0.926,0.828,3.25
2026-06-08,A006,46,382.3,0.688,0.694,0.929,3.94
2026-02-13,A006,55,643.3,0.802,0.675,0.82,3.76
2026-07-15,A006,58,394.8,0.818,0.932,0.863,4.4
2026-03-05,A006,15,287.3,0.784,0.884,0.912,4.17
2026-06-11,A006,15,469.5,0.814,0.724,0.986,4.62
2026-03-14,A006,31,547.4,0.565,0.605,0.936,4.28
2026-05-07,A006,55,719.7,0.602,0.779,0.893,4.74
2026-02-07,A006,23,677.6,0.67,0.791,0.821,4.6
2026-03-11,A006,37,709.5,0.598,0.923,0.9,4.21
2026-02-03,A006,43,637.3,0.697,0.689,0.918,4.24
2026-05-31,A006,24,198.6,0.815,0.709,0.912,3.86
2026-07-22,A006,33,431.7,0.681,0.887,0.812,4.38
2026-02-26,A006,48,578.8,0.558,0.608,0.869,3.82
2026-07-10,A006,36,638.7,0.866,0.918,0.848,3.61
2026-07-05,A006,49,321.7,0.785,0.931,0.93,4.2
2026-02-18,A006,33,272.6,0.746,0.879,0.906,4.06
2026-05-24,A006,36,262.7,0.625,0.865,0.852,3.4
2026-05-16,A006,30,704.4,0.815,0.741,0.883,4.36
2026-03-24,A006,23,434.8,0.71,0.789,0.822,4.58
2026-05-09,A006,58,329.0,0.605,0.742,0.885,3.87
2026-06-13,A006,54,460.0,0.591,0.719,0.89,3.86
2026-03-31,A006,55,448.5,0.864,0.783,0.945,3.85
2026-03-22,A007,35,413.2,0.905,0.72,0.863,3.94
2026-07-11,A007,36,188.8,0.751,0.857,0.814,3.76
2026-06-29,A007,33,394.4,0.665,0.942,0.896,4.43
2026-05-26,A007,50,305.4,0.6,0.722,0.822,4.32
2026-07-07,A007,32,464.9,0.647,0.712,0.865,4.72
2026-05-27,A007,56,573.5,0.571,0.682,0.96,4.22
2026-01-26,A007,46,478.7,0.575,0.62,0.829,4.11
2026-04-22,A007,25,451.7,0.661,0.901,0.859,3.5
2026-03-25,A007,28,418.3,0.674,0.813,0.878,4.0
2026-07-09,A007,48,471.0,0.77,0.816,0.857,3.24
2026-03-10,A007,57,505.6,0.818,0.803,0.953,4.31
2026-01-30,A007,50,185.3,0.886,0.7,0.824,4.01
2026-02-09,A007,40,408.1,0.88,0.619,0.906,4.71
2026-03-09,A007,30,246.9,0.713,0.691,0.87,3.63
2026-02-25,A007,20,703.7,0.807,0.655,0.851,4.13
2026-04-12,A007,16,597.6,0.827,0.757,0.959,3.74
2026-03-07,A007,40,221.7,0.716,0.945,0.945,4.68
2026-02-11,A007,34,204.7,0.74,0.607,0.803,3.58
2026-06-15,A007,25,632.0,0.617,0.779,0.968,4.27
2026-05-01,A007,28,628.6,0.902,0.902,0.86,3.37
2026-01-28,A007,28,607.9,0.824,0.741,0.827,3.69
2026-03-04,A007,32,343.7,0.696,0.749,0.937,4.03
2026-03-08,A007,59,548.7,0.635,0.817,0.988,4.43
2026-04-09,A007,44,374.4,0.838,0.853,0.965,4.25
2026-04-25,A007,53,189.8,0.856,0.752,0.868,3.63
2026-03-27,A007,52,559.6,0.773,0.646,0.987,4.21
2026-06-21,A007,50,410.9,0.917,0.786,0.959,4.76
2026-06-08,A007,16,439.9,0.586,0.886,0.952,4.52
2026-02-13,A007,28,496.8,0.575,0.93,0.891,3.34
2026-03-05,A007,54,268.1,0.667,0.862,0.816,4.78
2026-06-11,A007,47,275.8,0.844,0.893,0.83,4.44
2026-03-14,A007,37,514.6,0.888,0.844,0.864,4.45
2026-05-21,A007,24,226.9,0.581,0.602,0.813,4.31
2026-04-30,A007,24,207.6,0.746,0.793,0.957,4.69
2026-05-07,A007,32,516.2,0.585,0.917,0.931,4.67
2026-02-07,A007,57,203.5,0.692,0.914,0.87,3.73
2026-04-21,A007,32,438.9,0.647,0.94,0.977,4.35
2026-03-11,A007,32,619.4,0.832,0.673,0.876,3.51
2026-02-03,A007,32,319.9,0.85,0.607,0.837,4.43
2026-07-22,A007,50,425.7,0.673,0.676,0.854,3.81
2026-07-05,A007,27,515.2,0.634,0.724,0.927,3.21
2026-02-18,A007,57,546.4,0.722,0.926,0.972,4.36
2026-05-24,A007,18,296.4,0.668,0.814,0.925,3.68
2026-05-16,A007,37,559.6,0.862,0.623,0.805,3.35
2026-07-21,A007,25,695.2,0.781,0.925,0.955,3.68
2026-05-09,A007,58,343.5,0.692,0.704,0.977,3.96
2026-06-13,A007,53,237.6,0.712,0.784,0.906,3.27
2026-03-31,A007,38,559.6,0.851,0.812,0.896,3.53
2026-03-22,A008,40,417.1,0.873,0.767,0.954,4.55
2026-07-11,A008,34,658.3,0.843,0.882,0.831,4.29
2026-06-29,A008,21,431.9,0.678,0.947,0.896,4.68
2026-05-26,A008,56,444.6,0.606,0.85,0.844,3.5
2026-07-07,A008,34,329.7,0.631,0.922,0.81,4.0
2026-04-05,A008,31,658.2,0.651,0.629,0.934,3.3
2026-05-27,A008,52,284.2,0.889,0.926,0.873,4.53
2026-04-22,A008,22,224.4,0.864,0.703,0.936,4.05
2026-03-25,A008,60,712.1,0.83,0.725,0.979,4.34
2026-07-09,A008,24,639.6,0.905,0.685,0.863,4.16
2026-03-10,A008,51,621.0,0.715,0.867,0.863,3.44
2026-01-30,A008,55,218.8,0.873,0.667,0.81,3.96
2026-03-09,A008,38,565.9,0.863,0.602,0.879,3.86
2026-02-25,A008,43,423.6,0.692,0.905,0.889,3.4
2026-02-10,A008,57,369.4,0.86,0.753,0.941,3.37
2026-03-07,A008,46,555.3,0.76,0.792,0.844,4.07
2026-02-11,A008,59,484.8,0.806,0.705,0.898,4.08
2026-05-01,A008,15,286.2,0.918,0.653,0.916,4.39
2026-03-08,A008,25,265.4,0.851,0.946,0.979,3.48
2026-04-09,A008,29,275.0,0.566,0.844,0.829,4.12
2026-04-25,A008,51,335.7,0.746,0.626,0.962,4.22
2026-03-27,A008,32,411.5,0.552,0.903,0.833,3.51
2026-02-24,A008,23,497.9,0.879,0.613,0.925,4.34
2026-06-08,A008,24,682.1,0.662,0.865,0.986,3.37
2026-02-13,A008,36,615.8,0.707,0.816,0.985,3.32
2026-07-15,A008,50,353.6,0.618,0.692,0.977,4.07
2026-03-05,A008,28,478.7,0.631,0.846,0.987,4.76
2026-05-21,A008,56,381.6,0.915,0.608,0.921,3.97
2026-04-30,A008,47,572.7,0.619,0.906,0.952,4.37
2026-06-19,A008,37,209.7,0.691,0.936,0.952,3.92
2026-05-07,A008,46,466.5,0.905,0.855,0.987,3.36
2026-02-07,A008,51,290.3,0.894,0.808,0.9,4.21
2026-02-03,A008,33,420.9,0.818,0.602,0.988,4.16
2026-05-10,A008,46,309.0,0.759,0.883,0.901,4.46
2026-05-31,A008,43,301.9,0.685,0.666,0.902,4.24
2026-07-22,A008,19,272.0,0.722,0.62,0.89,3.43
2026-02-26,A008,57,697.4,0.91,0.654,0.831,4.79
2026-07-10,A008,18,485.0,0.799,0.827,0.894,4.41
2026-07-05,A008,30,371.0,0.633,0.762,0.852,3.6
2026-02-18,A008,19,408.3,0.782,0.939,0.907,4.13
2026-05-24,A008,16,318.4,0.687,0.649,0.891,4.78
2026-03-24,A008,22,518.1,0.59,0.838,0.944,3.25
2026-07-21,A008,54,272.9,0.686,0.748,0.884,3.81
2026-05-09,A008,32,682.3,0.721,0.698,0.923,3.66
2026-03-22,A009,35,180.4,0.785,0.76,0.959,4.06
2026-04-03,A009,34,317.1,0.714,0.826,0.801,3.3
2026-07-11,A009,45,420.2,0.565,0.63,0.824,3.65
2026-06-29,A009,54,670.2,0.799,0.939,0.9,4.12
2026-05-26,A009,52,210.1,0.579,0.784,0.803,4.11
2026-04-05,A009,46,612.2,0.631,0.759,0.983,4.4
2026-05-27,A009,39,682.7,0.568,0.627,0.809,4.16
2026-04-22,A009,21,259.6,0.707,0.738,0.987,4.57
2026-03-25,A009,52,210.7,0.642,0.812,0.969,4.79
2026-07-09,A009,28,194.3,0.763,0.643,0.946,4.21
2026-03-13,A009,21,710.9,0.847,0.671,0.945,4.23
2026-01-30,A009,49,641.7,0.914,0.752,0.981,3.29
2026-03-09,A009,15,518.6,0.561,0.904,0.868,4.1
2026-02-25,A009,24,188.1,0.73,0.616,0.86,3.47
2026-02-10,A009,52,469.5,0.727,0.757,0.981,3.83
2026-04-12,A009,42,532.9,0.839,0.626,0.943,3.36
2026-03-07,A009,53,521.5,0.86,0.875,0.929,3.86
2026-02-11,A009,59,441.7,0.728,0.93,0.889,4.4
2026-06-15,A009,29,704.1,0.604,0.896,0.968,3.42
2026-05-01,A009,60,268.1,0.887,0.895,0.841,4.24
2026-01-28,A009,34,244.3,0.744,0.78,0.869,3.67
2026-03-08,A009,31,194.9,0.728,0.861,0.968,4.01
2026-04-09,A009,54,549.7,0.705,0.881,0.86,4.79
2026-04-25,A009,17,348.9,0.701,0.791,0.966,4.47
2026-03-27,A009,18,325.3,0.641,0.626,0.942,4.78
2026-02-24,A009,50,395.6,0.903,0.789,0.951,4.09
2026-06-21,A009,49,659.3,0.902,0.62,0.882,3.81
2026-06-08,A009,27,683.8,0.77,0.6,0.956,4.65
2026-02-13,A009,20,545.1,0.637,0.93,0.875,4.08
2026-07-15,A009,59,715.4,0.714,0.69,0.899,4.62
2026-03-05,A009,22,498.1,0.629,0.725,0.808,4.67
2026-05-21,A009,50,681.9,0.787,0.652,0.898,4.78
2026-04-30,A009,35,373.9,0.906,0.942,0.875,3.36
2026-06-19,A009,36,498.7,0.652,0.797,0.904,4.71
2026-05-07,A009,39,493.5,0.896,0.827,0.956,3.29
2026-02-07,A009,56,414.6,0.708,0.796,0.988,4.1
2026-04-21,A009,58,235.8,0.582,0.677,0.984,3.47
2026-03-11,A009,15,194.7,0.561,0.748,0.952,4.74
2026-02-03,A009,46,710.7,0.712,0.659,0.969,4.76
2026-05-10,A009,40,268.5,0.843,0.897,0.913,3.63
2026-07-22,A009,39,270.9,0.872,0.843,0.809,3.82
2026-02-26,A009,50,283.3,0.791,0.68,0.852,4.76
2026-07-05,A009,43,718.4,0.768,0.611,0.921,4.43
2026-02-18,A009,31,485.0,0.826,0.849,0.952,3.94
2026-05-24,A009,50,261.7,0.589,0.782,0.811,4.52
2026-03-24,A009,49,712.9,0.579,0.884,0.989,4.51
2026-07-21,A009,47,670.3,0.825,0.759,0.859,3.23
2026-05-09,A009,40,439.4,0.907,0.625,0.935,3.94
2026-06-13,A009,53,700.4,0.79,0.731,0.982,4.46
2026-03-31,A009,59,233.9,0.747,0.692,0.958,4.46
2026-03-22,A010,23,577.5,0.64,0.876,0.832,3.92
2026-04-03,A010,40,635.8,0.555,0.91,0.926,4.06
2026-07-11,A010,55,648.0,0.912,0.939,0.801,3.67
2026-06-29,A010,56,183.3,0.561,0.717,0.917,4.79
2026-05-27,A010,21,579.1,0.773,0.707,0.943,4.62
2026-01-26,A010,33,398.5,0.906,0.714,0.828,3.23
2026-04-22,A010,40,285.9,0.751,0.84,0.94,3.9
2026-07-09,A010,45,319.2,0.911,0.929,0.887,3.43
2026-03-13,A010,45,643.3,0.651,0.695,0.952,3.91
2026-01-30,A010,45,543.7,0.628,0.672,0.824,4.18
2026-03-09,A010,19,636.1,0.822,0.875,0.807,4.36
2026-02-25,A010,22,704.7,0.629,0.608,0.803,3.49
2026-02-10,A010,38,485.3,0.763,0.693,0.975,3.98
2026-04-12,A010,15,291.7,0.902,0.943,0.955,3.57
2026-03-07,A010,29,573.9,0.598,0.734,0.913,3.2
2026-06-15,A010,42,217.8,0.848,0.639,0.989,4.51
2026-05-01,A010,37,421.4,0.892,0.913,0.874,3.66
2026-03-04,A010,47,480.5,0.891,0.671,0.948,4.01
2026-04-09,A010,25,209.4,0.898,0.763,0.925,3.74
2026-04-25,A010,57,264.0,0.698,0.859,0.88,4.59
2026-03-27,A010,27,708.5,0.639,0.723,0.928,3.75
2026-02-24,A010,60,406.6,0.837,0.759,0.847,3.54
2026-06-21,A010,44,253.3,0.646,0.938,0.928,4.07
2026-07-15,A010,45,700.6,0.642,0.772,0.823,3.56
2026-03-05,A010,59,401.5,0.845,0.625,0.96,3.6
2026-06-11,A010,44,591.2,0.826,0.623,0.984,3.44
2026-05-21,A010,41,214.0,0.778,0.933,0.885,4.07
2026-06-19,A010,46,375.2,0.577,0.904,0.838,3.95
2026-05-07,A010,28,326.7,0.79,0.701,0.83,4.61
2026-02-07,A010,50,223.2,0.846,0.758,0.9,4.46
2026-03-11,A010,30,515.9,0.583,0.829,0.974,3.33
2026-02-03,A010,37,706.2,0.904,0.788,0.807,3.91
2026-05-10,A010,23,517.6,0.883,0.849,0.911,3.68
2026-05-31,A010,22,251.5,0.555,0.889,0.972,3.42
2026-07-22,A010,53,516.9,0.587,0.792,0.872,4.47
2026-02-26,A010,31,613.1,0.919,0.704,0.954,3.56
2026-07-05,A010,19,489.4,0.774,0.727,0.826,4.73
2026-02-18,A010,26,450.6,0.893,0.939,0.875,4.66
2026-05-24,A010,40,652.5,0.78,0.863,0.935,3.59
2026-05-16,A010,25,639.8,0.622,0.652,0.816,3.49
2026-03-24,A010,16,375.8,0.629,0.775,0.932,3.62
2026-05-09,A010,47,451.4,0.861,0.854,0.871,3.52
2026-06-13,A010,56,420.3,0.626,0.798,0.828,3.96
2026-03-31,A010,17,256.8,0.911,0.673,0.982,4.53
2026-03-22,A011,25,620.8,0.755,0.798,0.833,4.3
2026-04-03,A011,26,361.4,0.587,0.821,0.879,4.05
2026-06-29,A011,58,573.4,0.588,0.935,0.957,3.21
2026-07-07,A011,42,302.2,0.563,0.785,0.868,4.06
2026-04-05,A011,20,297.0,0.735,0.786,0.812,4.28
2026-05-27,A011,29,624.5,0.73,0.856,0.966,3.53
2026-04-22,A011,52,429.1,0.631,0.853,0.83,3.97
2026-03-25,A011,45,287.1,0.551,0.739,0.96,4.18
2026-02-09,A011,51,307.6,0.763,0.767,0.907,4.34
2026-03-09,A011,49,716.8,0.594,0.83,0.86,3.22
2026-02-10,A011,27,593.1,0.631,0.816,0.984,3.3
2026-04-12,A011,56,704.4,0.705,0.887,0.986,4.2
2026-03-07,A011,26,528.1,0.634,0.798,0.801,3.69
2026-02-11,A011,49,351.8,0.633,0.631,0.891,4.64
2026-06-15,A011,16,646.8,0.862,0.747,0.892,4.38
2026-03-08,A011,55,192.6,0.556,0.687,0.805,3.73
2026-04-25,A011,51,507.7,0.747,0.856,0.904,3.29
2026-03-27,A011,23,648.0,0.729,0.86,0.82,3.27
2026-02-24,A011,57,217.7,0.898,0.821,0.817,4.43
2026-06-21,A011,18,464.0,0.756,0.837,0.851,4.28
2026-06-08,A011,32,450.3,0.802,0.644,0.901,4.56
2026-02-13,A011,32,435.1,0.696,0.897,0.913,4.35
2026-07-15,A011,15,295.6,0.801,0.783,0.911,3.88
2026-03-05,A011,25,553.8,0.765,0.624,0.833,4.31
2026-03-14,A011,57,467.5,0.917,0.765,0.885,4.62
2026-05-21,A011,17,679.9,0.871,0.776,0.977,3.64
2026-04-30,A011,57,307.3,0.784,0.856,0.885,3.24
2026-05-07,A011,27,211.9,0.642,0.835,0.879,4.07
2026-02-07,A011,44,438.3,0.802,0.757,0.821,4.73
2026-04-21,A011,47,410.1,0.57,0.668,0.938,3.75
2026-03-11,A011,38,308.5,0.776,0.658,0.864,4.45
2026-02-03,A011,59,319.6,0.758,0.689,0.961,4.58
2026-05-10,A011,37,556.2,0.869,0.891,0.953,3.69
2026-07-22,A011,46,646.6,0.675,0.755,0.841,3.92
2026-02-26,A011,43,427.9,0.669,0.627,0.835,3.6
2026-07-05,A011,17,543.6,0.73,0.833,0.982,3.55
2026-05-24,A011,47,377.9,0.728,0.928,0.816,3.9
2026-05-16,A011,20,273.0,0.863,0.637,0.906,4.42
2026-07-21,A011,35,346.0,0.612,0.908,0.882,4.16
2026-05-09,A011,55,427.8,0.897,0.838,0.929,3.74
2026-06-13,A011,19,528.4,0.66,0.827,0.81,3.65
2026-03-31,A011,16,331.4,0.557,0.734,0.916,4.46
2026-03-22,A012,26,572.0,0.685,0.686,0.945,4.36
2026-04-03,A012,18,716.9,0.74,0.735,0.831,4.48
2026-07-11,A012,33,408.0,0.823,0.935,0.802,3.37
2026-06-29,A012,23,387.6,0.561,0.753,0.912,4.71
2026-05-26,A012,45,214.3,0.672,0.726,0.865,4.01
2026-07-07,A012,29,350.2,0.705,0.646,0.86,4.28
2026-04-05,A012,58,666.9,0.788,0.86,0.815,3.53
2026-05-27,A012,37,403.0,0.873,0.878,0.943,4.61
2026-01-26,A012,31,627.7,0.772,0.778,0.958,4.5
2026-04-22,A012,24,500.9,0.816,0.927,0.875,3.53
2026-03-25,A012,35,563.5,0.895,0.872,0.821,4.47
2026-07-09,A012,26,188.2,0.782,0.836,0.834,4.6
2026-03-13,A012,55,532.9,0.832,0.674,0.917,3.92
2026-01-30,A012,38,695.5,0.605,0.944,0.952,4.23
2026-03-09,A012,29,664.9,0.566,0.722,0.956,3.23
2026-02-25,A012,37,691.1,0.711,0.932,0.869,3.83
2026-02-10,A012,17,475.2,0.571,0.829,0.953,4.08
2026-03-07,A012,35,483.1,0.714,0.736,0.934,4.18
2026-02-11,A012,53,500.2,0.889,0.854,0.859,3.43
2026-05-01,A012,34,457.5,0.789,0.896,0.89,3.5
2026-03-08,A012,42,252.9,0.667,0.616,0.94,3.5
2026-04-09,A012,47,505.2,0.552,0.756,0.817,4.56
2026-04-25,A012,31,476.9,0.638,0.618,0.816,4.14
2026-03-27,A012,50,536.1,0.808,0.728,0.92,3.77
2026-02-24,A012,26,416.3,0.82,0.833,0.863,3.98
2026-06-08,A012,48,417.7,0.819,0.726,0.924,4.15
2026-07-15,A012,49,362.9,0.58,0.759,0.837,3.6
2026-06-11,A012,58,239.2,0.877,0.895,0.88,4.06
2026-03-14,A012,60,223.8,0.663,0.927,0.876,3.64
2026-05-21,A012,57,661.9,0.866,0.836,0.823,4.17
2026-04-30,A012,49,273.7,0.578,0.937,0.947,4.2
2026-05-07,A012,21,675.9,0.61,0.723,0.807,4.23
2026-03-11,A012,33,182.8,0.733,0.788,0.846,3.99
2026-02-03,A012,44,435.4,0.751,0.648,0.879,3.89
2026-05-10,A012,25,551.8,0.692,0.842,0.925,3.76
2026-02-26,A012,41,411.5,0.709,0.745,0.957,4.26
2026-07-10,A012,24,613.4,0.908,0.857,0.905,3.5
2026-07-05,A012,25,490.0,0.755,0.875,0.863,4.38
2026-03-24,A012,41,450.3,0.82,0.656,0.921,4.5
2026-03-31,A012,18,198.1,0.912,0.946,0.99,4.12
2026-04-03,A013,46,360.0,0.897,0.684,0.983,3.33
2026-07-11,A013,28,335.0,0.894,0.837,0.97,3.33
2026-06-29,A013,48,311.1,0.563,0.605,0.927,4.14
2026-07-07,A013,54,513.6,0.721,0.75,0.921,3.52
2026-01-26,A013,19,703.6,0.752,0.636,0.837,3.95
2026-04-22,A013,55,279.2,0.667,0.771,0.919,3.32
2026-03-25,A013,25,607.0,0.718,0.79,0.829,4.67
2026-07-09,A013,46,237.5,0.777,0.757,0.85,4.16
2026-03-13,A013,43,417.9,0.896,0.673,0.824,3.76
2026-03-10,A013,23,313.5,0.725,0.894,0.865,3.61
2026-01-30,A013,48,532.9,0.682,0.681,0.975,3.47
2026-02-09,A013,58,661.0,0.575,0.922,0.823,4.15
2026-03-09,A013,34,398.6,0.859,0.717,0.889,3.79
2026-02-25,A013,32,259.2,0.863,0.661,0.989,4.12
2026-02-10,A013,29,708.6,0.863,0.839,0.957,4.39
2026-06-15,A013,46,504.7,0.789,0.633,0.985,3.67
2026-05-01,A013,51,224.9,0.6,0.698,0.805,4.59
2026-01-28,A013,57,525.3,0.775,0.862,0.934,4.11
2026-03-08,A013,51,376.2,0.597,0.822,0.989,4.38
2026-04-09,A013,45,504.5,0.809,0.732,0.915,3.79
2026-04-25,A013,19,650.8,0.694,0.625,0.957,3.55
2026-03-27,A013,38,528.2,0.784,0.731,0.937,3.24
2026-02-24,A013,28,516.4,0.577,0.609,0.84,3.97
2026-06-21,A013,45,439.7,0.668,0.877,0.902,3.42
2026-06-08,A013,19,480.6,0.807,0.893,0.828,4.08
2026-02-13,A013,47,459.4,0.747,0.884,0.927,3.95
2026-07-15,A013,17,223.3,0.621,0.855,0.829,4.26
2026-03-05,A013,35,700.8,0.566,0.91,0.924,4.02
2026-06-11,A013,51,557.0,0.697,0.848,0.816,4.06
2026-03-14,A013,39,511.1,0.865,0.734,0.958,3.2
2026-05-21,A013,48,321.8,0.789,0.77,0.848,3.84
2026-04-30,A013,33,403.1,0.753,0.633,0.872,3.92
2026-06-19,A013,31,558.8,0.604,0.64,0.899,3.3
2026-05-07,A013,35,194.9,0.712,0.766,0.902,3.96
2026-02-07,A013,18,577.7,0.89,0.751,0.835,4.38
2026-03-11,A013,51,420.7,0.86,0.642,0.805,4.71
2026-02-03,A013,31,659.5,0.9,0.608,0.926,3.29
2026-05-10,A013,26,381.8,0.803,0.834,0.868,4.73
2026-07-22,A013,41,360.1,0.568,0.831,0.938,4.5
2026-02-18,A013,34,604.7,0.737,0.711,0.817,3.34
2026-05-16,A013,28,377.2,0.635,0.647,0.876,4.31
2026-03-24,A013,37,449.1,0.713,0.91,0.873,4.42
2026-07-21,A013,23,712.7,0.556,0.835,0.986,4.69
2026-06-13,A013,31,451.4,0.75,0.794,0.935,3.58
2026-03-31,A013,47,436.3,0.585,0.855,0.961,4.19
2026-04-03,A014,18,534.1,0.863,0.812,0.868,4.46
2026-07-11,A014,58,478.9,0.849,0.603,0.987,4.36
2026-06-29,A014,26,550.0,0.854,0.831,0.817,3.83
2026-05-26,A014,58,505.9,0.818,0.923,0.833,4.04
2026-05-27,A014,21,563.5,0.845,0.773,0.808,3.68
2026-01-26,A014,20,685.6,0.854,0.946,0.98,3.73
2026-04-22,A014,35,474.2,0.829,0.766,0.924,3.82
2026-03-25,A014,26,672.5,0.909,0.659,0.943,4.35
2026-07-09,A014,16,468.7,0.848,0.637,0.865,4.59
2026-03-13,A014,24,511.9,0.88,0.901,0.962,4.11
2026-01-30,A014,56,690.2,0.786,0.909,0.895,3.38
2026-02-09,A014,55,317.8,0.689,0.887,0.823,3.28
2026-03-09,A014,48,435.1,0.864,0.891,0.951,3.57
2026-02-25,A014,18,716.1,0.85,0.746,0.914,3.38
2026-02-10,A014,36,331.1,0.658,0.868,0.821,3.64
2026-04-12,A014,19,195.2,0.88,0.641,0.984,4.26
2026-03-07,A014,31,311.9,0.825,0.876,0.892,3.42
2026-02-11,A014,24,502.8,0.626,0.656,0.915,3.95
2026-06-15,A014,59,310.8,0.645,0.825,0.93,4.28
2026-05-01,A014,58,357.2,0.731,0.949,0.899,3.34
2026-01-28,A014,56,517.5,0.881,0.778,0.801,3.36
2026-03-08,A014,29,210.6,0.911,0.635,0.889,3.43
2026-04-25,A014,31,505.9,0.562,0.611,0.928,4.31
2026-03-27,A014,37,320.0,0.593,0.766,0.951,4.66
2026-02-24,A014,57,548.7,0.832,0.635,0.858,4.73
2026-06-08,A014,16,403.1,0.657,0.948,0.933,4.05
2026-02-13,A014,48,635.8,0.837,0.789,0.937,4.67
2026-07-15,A014,48,230.2,0.827,0.698,0.88,4.16
2026-03-05,A014,27,385.8,0.853,0.884,0.946,3.62
2026-06-11,A014,57,689.6,0.551,0.609,0.918,4.22
2026-03-14,A014,41,243.4,0.856,0.717,0.987,3.31
2026-05-21,A014,29,479.1,0.777,0.9,0.886,3.99
2026-04-30,A014,40,382.8,0.635,0.625,0.903,4.15
2026-05-07,A014,48,376.0,0.803,0.823,0.949,3.9
2026-02-07,A014,22,668.5,0.554,0.946,0.941,3.99
2026-04-21,A014,29,190.0,0.85,0.858,0.856,4.8
2026-03-11,A014,53,449.0,0.856,0.722,0.812,4.27
2026-02-03,A014,53,452.9,0.869,0.813,0.865,3.9
2026-05-31,A014,16,338.8,0.831,0.936,0.842,3.32
2026-07-22,A014,54,337.6,0.596,0.694,0.897,3.52
2026-07-10,A014,37,264.5,0.891,0.666,0.817,3.37
2026-07-05,A014,15,705.6,0.887,0.906,0.902,4.72
2026-05-24,A014,23,237.0,0.613,0.905,0.835,4.45
2026-05-16,A014,38,225.9,0.798,0.65,0.86,3.57
2026-03-24,A014,46,270.2,0.757,0.656,0.864,4.63
2026-05-09,A014,50,672.5,0.571,0.916,0.801,3.73
2026-03-22,A015,59,410.3,0.699,0.824,0.817,4.45
2026-04-03,A015,54,490.4,0.702,0.676,0.962,3.39
2026-06-29,A015,22,453.2,0.681,0.663,0.853,4.27
2026-05-26,A015,26,626.9,0.671,0.856,0.909,4.0
2026-07-07,A015,16,419.4,0.603,0.654,0.908,3.75
2026-04-05,A015,24,379.8,0.88,0.603,0.963,4.7
2026-01-26,A015,44,629.0,0.585,0.886,0.985,3.86
2026-04-22,A015,42,697.4,0.841,0.822,0.83,4.73
2026-03-25,A015,23,652.9,0.708,0.832,0.913,4.36
2026-07-09,A015,18,597.4,0.777,0.878,0.869,4.46
2026-03-13,A015,37,555.7,0.767,0.789,0.91,3.54
2026-03-10,A015,36,214.9,0.573,0.631,0.857,3.78
2026-01-30,A015,54,495.8,0.647,0.679,0.856,3.2
2026-03-09,A015,23,558.6,0.696,0.659,0.939,4.78
2026-02-10,A015,41,579.2,0.915,0.826,0.917,4.09
2026-04-12,A015,52,522.5,0.582,0.862,0.813,3.63
2026-02-11,A015,32,519.6,0.872,0.738,0.982,3.75
2026-06-15,A015,57,619.4,0.589,0.658,0.846,4.43
2026-01-28,A015,26,447.0,0.645,0.628,0.981,4.47
2026-03-04,A015,59,579.5,0.677,0.785,0.854,4.44
2026-03-08,A015,28,397.1,0.805,0.783,0.859,3.76
2026-04-25,A015,37,557.4,0.758,0.774,0.938,3.5
2026-03-27,A015,28,194.6,0.703,0.917,0.869,3.26
2026-02-24,A015,40,671.4,0.828,0.72,0.927,3.96
2026-06-21,A015,27,361.7,0.874,0.801,0.975,4.71
2026-06-08,A015,45,487.7,0.565,0.692,0.911,4.66
2026-07-15,A015,28,186.5,0.693,0.93,0.902,4.35
2026-03-05,A015,17,667.0,0.652,0.733,0.833,4.58
2026-03-14,A015,30,493.1,0.612,0.795,0.92,4.28
2026-05-21,A015,58,550.9,0.786,0.931,0.863,4.44
2026-04-30,A015,40,522.3,0.712,0.712,0.976,4.23
2026-06-19,A015,56,217.8,0.791,0.602,0.948,4.16
2026-05-07,A015,28,365.1,0.86,0.615,0.867,3.23
2026-02-07,A015,57,372.7,0.571,0.918,0.897,3.89
2026-04-21,A015,26,585.4,0.754,0.772,0.941,3.76
2026-03-11,A015,30,403.9,0.733,0.714,0.912,3.99
2026-05-10,A015,51,522.7,0.912,0.795,0.869,4.48
2026-07-22,A015,41,635.0,0.573,0.863,0.93,4.5
2026-02-26,A015,24,466.7,0.773,0.775,0.966,4.03
2026-07-10,A015,34,409.0,0.711,0.884,0.911,4.42
2026-02-18,A015,56,399.5,0.8,0.915,0.952,4.73
2026-05-24,A015,50,300.0,0.801,0.759,0.822,4.18
2026-05-16,A015,45,426.3,0.901,0.854,0.908,3.61
2026-03-24,A015,40,351.8,0.815,0.941,0.863,4.67
2026-07-21,A015,16,438.8,0.853,0.777,0.913,3.27
2026-03-31,A015,18,503.9,0.855,0.84,0.925,4.18
2026-03-22,A016,55,262.3,0.831,0.933,0.98,3.35
2026-06-29,A016,44,332.8,0.798,0.695,0.896,3.35
2026-05-26,A016,31,511.6,0.766,0.868,0.885,4.3
2026-07-07,A016,16,461.5,0.814,0.769,0.955,4.23
2026-05-27,A016,57,596.1,0.705,0.636,0.914,4.66
2026-01-26,A016,19,256.2,0.581,0.603,0.846,4.61
2026-04-22,A016,50,262.0,0.801,0.81,0.873,4.04
2026-03-25,A016,54,643.7,0.7,0.727,0.953,4.11
2026-03-13,A016,21,654.1,0.685,0.88,0.86,3.2
2026-03-10,A016,44,376.9,0.555,0.604,0.913,4.53
2026-02-09,A016,45,408.8,0.864,0.761,0.889,4.36
2026-03-09,A016,44,388.4,0.753,0.727,0.852,4.27
2026-02-25,A016,46,197.7,0.804,0.679,0.883,4.19
2026-02-10,A016,41,533.8,0.674,0.68,0.989,3.21
2026-03-07,A016,35,366.4,0.656,0.879,0.829,4.11
2026-02-11,A016,17,299.1,0.654,0.735,0.81,3.61
2026-05-01,A016,32,290.1,0.747,0.658,0.871,4.75
2026-01-28,A016,20,187.1,0.611,0.622,0.946,4.22
2026-03-08,A016,18,655.5,0.686,0.942,0.953,3.72
2026-04-09,A016,29,639.7,0.905,0.811,0.876,4.5
2026-03-27,A016,45,643.9,0.682,0.687,0.927,3.61
2026-02-24,A016,19,619.2,0.844,0.797,0.946,4.0
2026-06-21,A016,49,580.4,0.589,0.915,0.815,4.74
2026-06-08,A016,26,530.7,0.751,0.812,0.941,3.97
2026-02-13,A016,38,616.5,0.776,0.912,0.846,3.79
2026-07-15,A016,48,249.0,0.903,0.912,0.959,3.83
2026-03-05,A016,59,263.5,0.817,0.886,0.9,3.84
2026-06-11,A016,40,486.9,0.703,0.685,0.82,4.35
2026-03-14,A016,26,692.4,0.555,0.676,0.819,4.25
2026-04-30,A016,56,578.3,0.86,0.788,0.906,4.08
2026-06-19,A016,32,449.7,0.583,0.826,0.954,3.99
2026-02-07,A016,41,308.5,0.572,0.647,0.915,3.38
2026-03-11,A016,28,694.1,0.891,0.817,0.827,4.75
2026-02-03,A016,18,268.8,0.625,0.754,0.872,3.68
2026-07-22,A016,58,424.8,0.629,0.636,0.814,4.18
2026-02-26,A016,24,527.9,0.663,0.92,0.914,3.68
2026-07-10,A016,56,680.0,0.758,0.764,0.913,4.57
2026-07-05,A016,27,705.5,0.605,0.932,0.895,4.07
2026-02-18,A016,25,544.8,0.563,0.684,0.918,4.06
2026-05-24,A016,52,326.1,0.697,0.722,0.924,3.47
2026-05-16,A016,49,303.0,0.8,0.84,0.973,3.74
2026-03-24,A016,33,529.0,0.714,0.628,0.829,3.35
2026-07-21,A016,25,519.1,0.653,0.852,0.898,3.33
2026-05-09,A016,33,587.1,0.828,0.829,0.816,4.48
2026-06-13,A016,33,353.8,0.597,0.787,0.924,4.12
2026-03-31,A016,34,392.0,0.88,0.73,0.846,3.23
2026-04-03,A017,35,540.9,0.807,0.811,0.829,3.85
2026-07-11,A017,16,376.4,0.714,0.622,0.893,3.2
2026-06-29,A017,40,600.0,0.575,0.858,0.807,4.6
2026-05-26,A017,28,428.1,0.808,0.929,0.947,3.64
2026-04-05,A017,57,633.1,0.618,0.631,0.975,4.15
2026-05-27,A017,32,575.9,0.551,0.843,0.882,3.59
2026-03-25,A017,55,550.4,0.862,0.765,0.901,4.07
2026-03-13,A017,30,194.9,0.63,0.912,0.902,3.57
2026-03-10,A017,44,390.1,0.875,0.861,0.946,3.78
2026-02-09,A017,59,560.2,0.884,0.845,0.974,3.64
2026-03-09,A017,30,420.0,0.824,0.677,0.974,4.01
2026-02-25,A017,16,343.5,0.798,0.776,0.938,4.58
2026-03-07,A017,35,289.3,0.861,0.653,0.826,3.81
2026-06-15,A017,35,653.9,0.741,0.629,0.857,4.1
2026-05-01,A017,52,530.6,0.601,0.807,0.895,3.53
2026-01-28,A017,49,413.2,0.862,0.601,0.803,4.51
2026-03-04,A017,24,371.3,0.715,0.83,0.821,3.65
2026-04-25,A017,55,281.6,0.698,0.754,0.839,4.59
2026-03-27,A017,48,236.1,0.724,0.81,0.844,4.67
2026-02-24,A017,44,523.0,0.871,0.929,0.98,4.38
2026-06-08,A017,48,700.4,0.705,0.875,0.944,3.39
2026-02-13,A017,56,388.7,0.859,0.716,0.989,4.56
2026-07-15,A017,19,442.9,0.853,0.612,0.917,3.54
2026-03-05,A017,57,423.6,0.851,0.641,0.903,3.43
2026-06-11,A017,26,275.6,0.632,0.882,0.801,3.74
2026-05-21,A017,59,464.2,0.58,0.602,0.953,3.26
2026-04-30,A017,37,426.8,0.78,0.817,0.967,3.29
2026-05-07,A017,17,325.0,0.858,0.854,0.973,4.63
2026-02-07,A017,27,653.3,0.712,0.787,0.936,4.22
2026-04-21,A017,22,512.4,0.692,0.831,0.861,4.3
2026-03-11,A017,39,390.0,0.843,0.733,0.877,4.34
2026-05-10,A017,24,452.2,0.83,0.611,0.814,3.74
2026-05-31,A017,32,602.9,0.703,0.639,0.806,4.39
2026-07-22,A017,48,384.6,0.907,0.64,0.973,3.23
2026-07-10,A017,49,584.7,0.622,0.881,0.87,3.69
2026-07-05,A017,59,644.0,0.832,0.816,0.975,4.23
2026-02-18,A017,52,685.3,0.652,0.891,0.987,3.85
2026-05-16,A017,53,381.0,0.894,0.777,0.921,3.97
2026-03-24,A017,33,192.5,0.771,0.86,0.957,4.58
2026-07-21,A017,17,365.6,0.741,0.943,0.972,3.46
2026-06-13,A017,48,479.3,0.6,0.928,0.896,3.62
2026-03-31,A017,30,705.6,0.741,0.778,0.848,4.52
2026-07-11,A018,48,449.9,0.694,0.721,0.893,3.55
2026-06-29,A018,25,330.5,0.89,0.733,0.968,3.78
2026-05-26,A018,30,583.3,0.894,0.739,0.863,4.53
2026-07-07,A018,31,631.7,0.844,0.669,0.964,4.13
2026-04-05,A018,37,619.6,0.787,0.877,0.812,4.49
2026-01-26,A018,28,476.1,0.844,0.909,0.818,3.6
2026-04-22,A018,23,183.3,0.828,0.761,0.939,3.51
2026-03-25,A018,15,510.6,0.718,0.868,0.945,4.69
2026-03-13,A018,19,566.2,0.846,0.673,0.925,3.75
2026-03-10,A018,53,387.1,0.59,0.832,0.892,4.36
2026-02-10,A018,33,469.0,0.553,0.684,0.804,4.19
2026-04-12,A018,36,211.1,0.596,0.852,0.979,4.25
2026-03-07,A018,26,667.5,0.881,0.633,0.926,4.26
2026-02-11,A018,42,631.4,0.84,0.633,0.975,3.39
2026-05-01,A018,38,448.1,0.797,0.864,0.99,4.04
2026-01-28,A018,30,226.4,0.85,0.741,0.961,3.31
2026-03-04,A018,50,666.3,0.796,0.668,0.97,3.45
2026-04-09,A018,38,542.7,0.625,0.947,0.836,3.86
2026-04-25,A018,29,353.1,0.919,0.898,0.808,4.17
2026-03-27,A018,20,186.5,0.707,0.651,0.92,4.25
2026-02-24,A018,26,267.8,0.838,0.791,0.974,3.2
2026-06-21,A018,49,603.3,0.9,0.883,0.961,4.06
2026-06-08,A018,48,482.7,0.696,0.774,0.892,4.52
2026-07-15,A018,38,558.5,0.556,0.776,0.886,3.26
2026-03-05,A018,33,195.0,0.764,0.876,0.976,3.4
2026-05-21,A018,16,613.4,0.715,0.843,0.952,3.67
2026-04-30,A018,48,495.3,0.842,0.796,0.866,3.23
2026-06-19,A018,49,576.1,0.877,0.949,0.948,3.67
2026-02-07,A018,17,472.0,0.895,0.918,0.933,3.36
2026-03-11,A018,33,184.2,0.826,0.743,0.836,4.02
2026-02-03,A018,45,481.7,0.596,0.728,0.813,3.56
2026-07-22,A018,53,420.1,0.787,0.687,0.965,4.23
2026-02-26,A018,21,514.6,0.706,0.713,0.906,4.63
2026-07-10,A018,28,696.3,0.708,0.758,0.883,4.3
2026-07-05,A018,21,561.1,0.736,0.705,0.957,3.32
2026-02-18,A018,60,378.7,0.853,0.681,0.96,4.17
2026-05-24,A018,41,238.2,0.742,0.849,0.828,4.26
2026-05-16,A018,46,204.6,0.684,0.823,0.863,3.55
2026-07-21,A018,41,681.6,0.56,0.942,0.818,4.18
2026-05-09,A018,25,601.5,0.8,0.613,0.912,3.61
2026-06-13,A018,40,204.2,0.849,0.827,0.845,4.67
2026-03-31,A018,47,639.1,0.71,0.709,0.984,3.85
2026-03-22,A019,26,375.2,0.586,0.894,0.836,4.42
2026-04-03,A019,57,478.2,0.714,0.656,0.979,4.02
2026-07-11,A019,56,677.3,0.659,0.887,0.883,4.71
2026-05-26,A019,52,647.4,0.677,0.857,0.809,4.12
2026-07-07,A019,27,296.4,0.874,0.817,0.824,4.21
2026-04-05,A019,40,496.5,0.834,0.948,0.838,3.92
2026-01-26,A019,40,624.2,0.575,0.693,0.828,3.71
2026-03-25,A019,43,432.9,0.717,0.904,0.893,4.72
2026-07-09,A019,29,719.2,0.772,0.896,0.806,3.37
2026-03-13,A019,24,247.6,0.703,0.94,0.975,4.56
2026-03-10,A019,43,411.8,0.828,0.707,0.92,3.92
2026-01-30,A019,52,580.9,0.597,0.922,0.979,3.87
2026-02-09,A019,34,371.7,0.802,0.92,0.894,3.84
2026-02-10,A019,22,412.6,0.671,0.85,0.879,4.37
2026-04-12,A019,46,551.4,0.664,0.81,0.953,4.44
2026-03-07,A019,50,387.6,0.638,0.636,0.906,4.61
2026-02-11,A019,47,319.7,0.662,0.789,0.858,3.39
2026-06-15,A019,37,189.2,0.782,0.912,0.903,4.25
2026-01-28,A019,33,608.7,0.803,0.663,0.939,4.1
2026-03-04,A019,42,673.6,0.785,0.616,0.9,4.37
2026-03-08,A019,41,274.3,0.905,0.706,0.873,3.91
2026-04-09,A019,54,335.3,0.88,0.833,0.811,4.27
2026-04-25,A019,59,425.3,0.678,0.768,0.813,3.65
2026-02-24,A019,35,638.0,0.692,0.613,0.846,3.35
2026-06-08,A019,31,188.9,0.813,0.86,0.888,3.8
2026-07-15,A019,32,384.5,0.556,0.903,0.962,4.52
2026-03-05,A019,60,689.0,0.676,0.949,0.96,4.28
2026-06-11,A019,54,195.1,0.778,0.651,0.848,4.62
2026-03-14,A019,29,493.6,0.715,0.729,0.855,3.68
2026-04-30,A019,45,468.8,0.65,0.787,0.93,4.22
2026-05-07,A019,47,667.2,0.674,0.914,0.859,3.63
2026-02-07,A019,38,692.3,0.666,0.717,0.971,3.89
2026-04-21,A019,19,629.5,0.775,0.764,0.83,4.39
2026-03-11,A019,27,360.3,0.846,0.939,0.962,4.14
2026-02-03,A019,44,486.4,0.834,0.7,0.876,3.79
2026-05-10,A019,56,516.9,0.849,0.801,0.932,4.61
2026-07-22,A019,47,351.8,0.768,0.678,0.926,4.24
2026-02-26,A019,48,187.0,0.55,0.856,0.94,3.78
2026-07-10,A019,54,531.7,0.893,0.694,0.944,3.87
2026-07-05,A019,51,280.8,0.782,0.701,0.851,3.74
2026-05-24,A019,41,310.1,0.681,0.94,0.963,3.76
2026-05-16,A019,59,337.6,0.911,0.806,0.896,4.43
2026-06-13,A019,56,405.3,0.916,0.711,0.869,4.71
2026-03-22,A020,36,363.2,0.601,0.643,0.85,3.72
2026-06-29,A020,50,615.6,0.556,0.709,0.842,4.34
2026-05-26,A020,57,684.8,0.778,0.912,0.829,3.78
2026-07-07,A020,23,280.2,0.646,0.818,0.832,3.23
2026-04-05,A020,18,466.4,0.904,0.873,0.896,4.63
2026-05-27,A020,24,616.8,0.66,0.932,0.951,4.2
2026-01-26,A020,56,397.6,0.886,0.833,0.849,3.98
2026-04-22,A020,60,620.1,0.799,0.724,0.947,3.73
2026-03-25,A020,24,331.7,0.601,0.719,0.957,4.63
2026-07-09,A020,17,668.9,0.567,0.72,0.892,4.47
2026-03-10,A020,20,467.5,0.75,0.67,0.983,3.86
2026-01-30,A020,45,393.2,0.878,0.809,0.939,3.32
2026-02-09,A020,59,448.7,0.676,0.769,0.947,4.38
2026-03-09,A020,50,477.9,0.904,0.947,0.879,4.17
2026-02-25,A020,34,486.7,0.755,0.61,0.975,4.68
2026-04-12,A020,24,614.6,0.844,0.937,0.832,4.38
2026-02-11,A020,22,310.3,0.899,0.851,0.975,4.07
2026-06-15,A020,59,311.7,0.754,0.709,0.974,4.77
2026-01-28,A020,48,420.8,0.61,0.915,0.819,3.74
2026-03-04,A020,19,373.6,0.782,0.679,0.807,3.56
2026-03-08,A020,21,441.3,0.903,0.825,0.946,3.55
2026-04-09,A020,32,700.1,0.737,0.692,0.822,4.53
2026-04-25,A020,37,265.9,0.749,0.749,0.885,4.64
2026-03-27,A020,32,342.3,0.757,0.798,0.877,3.44
2026-06-21,A020,41,485.3,0.812,0.833,0.886,3.58
2026-02-13,A020,26,666.8,0.69,0.751,0.893,4.29
2026-07-15,A020,16,697.9,0.567,0.879,0.858,3.45
2026-03-05,A020,16,271.7,0.638,0.895,0.829,3.52
2026-06-11,A020,55,510.6,0.746,0.929,0.879,4.7
2026-03-14,A020,38,545.9,0.844,0.675,0.843,4.19
2026-05-21,A020,47,652.5,0.652,0.664,0.903,4.02
2026-06-19,A020,29,443.9,0.646,0.934,0.942,3.78
2026-05-07,A020,56,287.0,0.79,0.693,0.896,3.29
2026-04-21,A020,22,631.9,0.56,0.758,0.813,3.64
2026-03-11,A020,49,343.8,0.578,0.929,0.959,4.49
2026-05-31,A020,31,317.5,0.913,0.695,0.849,3.65
2026-07-22,A020,36,545.1,0.864,0.608,0.963,4.67
2026-07-10,A020,16,473.7,0.597,0.881,0.823,4.64
2026-07-05,A020,42,321.1,0.729,0.686,0.897,4.22
2026-02-18,A020,39,542.6,0.629,0.771,0.841,4.4
2026-05-24,A020,55,700.2,0.631,0.739,0.824,3.69
2026-05-16,A020,23,354.1,0.566,0.834,0.834,3.9
2026-05-09,A020,26,533.4,0.609,0.786,0.886,3.91
2026-06-13,A020,59,502.5,0.862,0.779,0.889,4.19
2026-03-31,A020,30,696.3,0.844,0.73,0.934,3.65
2026-03-22,A021,42,510.5,0.875,0.841,0.966,4.32
2026-04-03,A021,28,331.5,0.815,0.861,0.82,4.7
2026-06-29,A021,42,337.5,0.913,0.784,0.937,4.61
2026-05-26,A021,60,267.7,0.861,0.705,0.832,4.56
2026-07-07,A021,17,643.0,0.816,0.929,0.824,4.64
2026-04-05,A021,23,324.0,0.865,0.821,0.977,3.45
2026-05-27,A021,45,517.4,0.803,0.924,0.89,3.85
2026-07-09,A021,54,186.0,0.576,0.76,0.969,4.23
2026-03-13,A021,58,341.7,0.792,0.938,0.855,3.25
2026-01-30,A021,60,476.1,0.637,0.824,0.974,4.53
2026-02-09,A021,25,279.3,0.848,0.929,0.919,3.99
2026-03-09,A021,58,388.7,0.875,0.813,0.843,3.7
2026-02-25,A021,38,607.5,0.672,0.772,0.869,3.94
2026-02-10,A021,49,434.3,0.644,0.734,0.957,4.05
2026-04-12,A021,60,654.7,0.553,0.806,0.819,3.31
2026-03-07,A021,58,267.9,0.88,0.85,0.847,4.4
2026-02-11,A021,56,656.1,0.873,0.858,0.855,4.12
2026-06-15,A021,21,414.5,0.653,0.646,0.969,3.47
2026-05-01,A021,47,574.8,0.702,0.828,0.86,3.85
2026-01-28,A021,57,187.6,0.625,0.863,0.963,4.49
2026-03-04,A021,33,247.4,0.623,0.918,0.884,4.28
2026-03-08,A021,27,255.2,0.807,0.84,0.979,4.27
2026-04-09,A021,19,226.1,0.716,0.671,0.855,4.54
2026-04-25,A021,27,328.8,0.663,0.737,0.94,4.68
2026-02-24,A021,54,446.6,0.631,0.722,0.954,4.61
2026-06-21,A021,40,695.9,0.727,0.612,0.892,3.23
2026-02-13,A021,39,186.2,0.611,0.657,0.871,4.34
2026-07-15,A021,43,680.4,0.626,0.696,0.948,3.86
2026-03-05,A021,25,406.3,0.849,0.754,0.931,3.42
2026-06-11,A021,35,486.4,0.697,0.794,0.903,4.31
2026-03-14,A021,33,552.7,0.728,0.85,0.965,4.13
2026-05-21,A021,56,557.7,0.629,0.813,0.826,3.83
2026-04-30,A021,20,715.8,0.741,0.713,0.87,3.77
2026-05-07,A021,55,685.8,0.626,0.778,0.958,4.29
2026-04-21,A021,21,518.3,0.906,0.91,0.945,4.14
2026-03-11,A021,31,233.1,0.895,0.933,0.882,4.28
2026-05-10,A021,49,536.1,0.795,0.782,0.83,3.73
2026-05-31,A021,15,656.2,0.595,0.874,0.842,4.66
2026-07-22,A021,58,551.7,0.568,0.933,0.882,3.61
2026-02-26,A021,56,211.5,0.904,0.709,0.979,4.02
2026-07-05,A021,43,501.8,0.908,0.805,0.956,3.45
2026-05-24,A021,49,449.4,0.75,0.617,0.948,4.27
2026-05-16,A021,49,218.1,0.757,0.766,0.898,4.02
2026-07-21,A021,42,342.9,0.697,0.857,0.853,4.23
2026-06-13,A021,56,575.2,0.704,0.925,0.923,3.68
2026-03-31,A021,17,431.3,0.597,0.644,0.837,3.96
2026-04-03,A022,47,586.4,0.76,0.839,0.979,4.24
2026-07-11,A022,43,280.0,0.663,0.692,0.841,3.39
2026-06-29,A022,45,625.6,0.88,0.686,0.812,4.7
2026-05-26,A022,40,298.7,0.836,0.707,0.946,3.87
2026-01-26,A022,59,501.7,0.78,0.709,0.834,3.62
2026-07-09,A022,46,338.3,0.613,0.838,0.889,3.62
2026-03-13,A022,41,224.6,0.603,0.892,0.876,3.5
2026-01-30,A022,20,713.0,0.59,0.933,0.917,4.0
2026-02-09,A022,29,246.8,0.794,0.87,0.92,4.4
2026-03-09,A022,21,210.8,0.6,0.842,0.894,3.6
2026-02-25,A022,40,682.5,0.881,0.926,0.934,4.23
2026-02-10,A022,36,269.6,0.841,0.659,0.834,3.89
2026-03-07,A022,59,512.2,0.801,0.942,0.916,4.57
2026-06-15,A022,37,383.1,0.853,0.669,0.888,4.49
2026-03-04,A022,35,264.8,0.588,0.871,0.972,3.38
2026-03-08,A022,50,558.6,0.791,0.635,0.83,4.71
2026-04-09,A022,51,715.5,0.566,0.762,0.823,4.65
2026-04-25,A022,27,526.8,0.659,0.797,0.857,4.09
2026-03-27,A022,15,204.8,0.562,0.75,0.803,3.39
2026-06-21,A022,18,508.8,0.559,0.857,0.879,4.49
2026-07-15,A022,29,627.1,0.783,0.638,0.806,4.32
2026-03-05,A022,33,347.5,0.751,0.667,0.944,4.74
2026-06-11,A022,26,342.3,0.696,0.648,0.968,4.39
2026-03-14,A022,50,308.1,0.837,0.865,0.887,3.95
2026-05-21,A022,30,205.4,0.634,0.793,0.989,3.49
2026-04-30,A022,40,551.9,0.637,0.878,0.946,4.69
2026-05-07,A022,32,628.4,0.688,0.884,0.858,4.22
2026-04-21,A022,33,310.3,0.713,0.788,0.864,4.54
2026-03-11,A022,19,391.0,0.634,0.757,0.851,4.46
2026-05-10,A022,23,275.1,0.894,0.602,0.933,4.5
2026-07-22,A022,35,471.6,0.804,0.867,0.971,3.62
2026-02-26,A022,32,221.2,0.693,0.939,0.834,3.8
2026-07-10,A022,52,272.1,0.825,0.874,0.966,3.49
2026-02-18,A022,21,654.9,0.84,0.866,0.876,4.79
2026-05-24,A022,54,609.5,0.843,0.881,0.837,4.5
2026-05-16,A022,24,411.0,0.63,0.827,0.909,3.55
2026-03-24,A022,40,616.1,0.669,0.824,0.879,3.92
2026-07-21,A022,55,446.3,0.734,0.916,0.908,4.65
2026-05-09,A022,59,693.6,0.718,0.942,0.802,4.55
2026-06-13,A022,17,326.0,0.61,0.632,0.926,4.75
2026-03-31,A022,41,392.1,0.724,0.743,0.972,4.32
2026-07-11,A023,34,442.9,0.672,0.724,0.836,3.92
2026-06-29,A023,31,444.9,0.631,0.762,0.804,3.53
2026-07-07,A023,34,651.8,0.787,0.713,0.918,4.44
2026-04-05,A023,35,208.2,0.862,0.899,0.912,3.84
2026-05-27,A023,19,616.1,0.705,0.949,0.897,4.43
2026-01-26,A023,54,623.8,0.635,0.667,0.927,3.85
2026-04-22,A023,57,595.3,0.799,0.95,0.822,4.0
2026-03-25,A023,28,573.1,0.585,0.687,0.925,4.65
2026-07-09,A023,33,570.3,0.764,0.834,0.932,3.5
2026-03-13,A023,22,253.5,0.856,0.764,0.894,3.81
2026-03-10,A023,22,598.5,0.7,0.752,0.85,4.2
2026-01-30,A023,60,672.4,0.794,0.633,0.819,4.59
2026-02-09,A023,57,655.8,0.833,0.771,0.929,3.34
2026-03-09,A023,25,623.5,0.695,0.654,0.94,3.48
2026-02-25,A023,39,198.1,0.751,0.795,0.872,4.65
2026-02-10,A023,40,659.3,0.918,0.686,0.818,3.68
2026-04-12,A023,17,691.6,0.886,0.705,0.866,4.07
2026-03-07,A023,59,294.3,0.708,0.946,0.812,3.58
2026-02-11,A023,18,501.2,0.671,0.664,0.93,3.28
2026-05-01,A023,19,603.6,0.613,0.622,0.889,4.24
2026-01-28,A023,47,540.8,0.802,0.882,0.952,4.5
2026-03-08,A023,56,450.5,0.778,0.727,0.903,3.87
2026-03-27,A023,21,456.7,0.646,0.917,0.841,4.47
2026-06-21,A023,49,396.5,0.703,0.735,0.913,3.51
2026-06-08,A023,45,633.8,0.662,0.791,0.899,3.75
2026-07-15,A023,39,465.7,0.663,0.646,0.847,4.17
2026-06-11,A023,29,462.4,0.688,0.808,0.878,4.79
2026-05-21,A023,18,318.7,0.885,0.655,0.934,4.3
2026-04-30,A023,16,472.2,0.805,0.604,0.933,4.39
2026-02-07,A023,50,504.5,0.688,0.862,0.985,3.83
2026-03-11,A023,37,344.3,0.675,0.896,0.945,3.88
2026-02-03,A023,51,256.9,0.724,0.729,0.844,3.29
2026-05-10,A023,47,329.4,0.596,0.7,0.951,3.97
2026-07-22,A023,40,467.1,0.916,0.807,0.977,4.62
2026-02-26,A023,18,241.1,0.87,0.729,0.883,3.57
2026-07-10,A023,24,617.5,0.563,0.714,0.814,4.21
2026-02-18,A023,23,581.7,0.883,0.738,0.874,3.42
2026-05-16,A023,28,303.1,0.89,0.769,0.989,3.44
2026-05-09,A023,46,530.2,0.606,0.684,0.965,3.41
2026-06-13,A023,57,657.8,0.759,0.643,0.811,4.34
2026-04-03,A024,52,612.8,0.739,0.684,0.963,3.76
2026-07-11,A024,37,537.1,0.842,0.878,0.878,3.8
2026-06-29,A024,16,670.2,0.61,0.718,0.88,4.65
2026-05-26,A024,36,542.1,0.618,0.807,0.888,3.45
2026-07-07,A024,53,537.1,0.856,0.822,0.909,3.53
2026-04-05,A024,17,392.2,0.591,0.743,0.865,3.43
2026-01-26,A024,54,310.5,0.763,0.648,0.904,3.98
2026-04-22,A024,55,706.3,0.577,0.752,0.861,4.23
2026-03-25,A024,31,511.6,0.649,0.639,0.956,3.49
2026-07-09,A024,41,446.2,0.687,0.835,0.973,4.37
2026-03-13,A024,21,479.4,0.87,0.921,0.856,3.75
2026-03-10,A024,25,329.9,0.607,0.653,0.818,4.41
2026-01-30,A024,47,534.9,0.86,0.636,0.969,4.22
2026-03-09,A024,41,639.9,0.726,0.731,0.974,4.39
2026-02-25,A024,30,389.5,0.763,0.768,0.977,4.0
2026-02-10,A024,59,516.7,0.89,0.784,0.923,4.66
2026-03-07,A024,32,661.4,0.622,0.839,0.986,3.49
2026-06-15,A024,39,229.9,0.805,0.651,0.848,4.3
2026-05-01,A024,44,684.2,0.712,0.742,0.802,4.69
2026-01-28,A024,39,547.6,0.818,0.882,0.944,4.63
2026-03-04,A024,28,395.2,0.727,0.68,0.944,4.02
2026-03-08,A024,60,443.9,0.801,0.689,0.887,4.07
2026-04-09,A024,30,321.6,0.733,0.767,0.913,3.68
2026-02-24,A024,49,413.5,0.653,0.801,0.838,4.28
2026-06-21,A024,45,636.9,0.851,0.794,0.935,4.07
2026-06-08,A024,28,494.8,0.767,0.789,0.978,3.37
2026-02-13,A024,31,503.1,0.598,0.918,0.985,3.85
2026-07-15,A024,31,579.5,0.751,0.713,0.981,4.13
2026-03-05,A024,48,527.4,0.915,0.894,0.939,3.42
2026-03-14,A024,30,521.2,0.632,0.945,0.849,4.09
2026-05-21,A024,28,258.8,0.727,0.676,0.947,3.95
2026-04-30,A024,33,647.0,0.623,0.768,0.98,3.54
2026-06-19,A024,52,567.0,0.65,0.683,0.984,4.01
2026-02-07,A024,26,391.6,0.861,0.933,0.814,4.18
2026-04-21,A024,17,232.3,0.912,0.82,0.927,4.33
2026-03-11,A024,44,389.0,0.774,0.847,0.9,3.91
2026-02-03,A024,56,492.0,0.664,0.866,0.929,3.43
2026-05-10,A024,18,660.2,0.848,0.684,0.817,3.51
2026-05-31,A024,57,416.5,0.912,0.682,0.877,3.37
2026-07-22,A024,30,267.4,0.907,0.693,0.891,4.22
2026-02-26,A024,48,190.8,0.653,0.706,0.853,4.46
2026-07-10,A024,47,333.6,0.919,0.726,0.849,3.9
2026-07-05,A024,25,457.1,0.597,0.7,0.907,3.71
2026-05-16,A024,57,193.7,0.798,0.898,0.833,4.42
2026-03-24,A024,50,326.1,0.894,0.834,0.882,3.41
2026-07-21,A024,19,197.4,0.609,0.937,0.96,3.93
2026-06-13,A024,21,403.7,0.878,0.708,0.887,4.07
2026-03-31,A024,59,313.7,0.786,0.794,0.814,3.93
2026-07-11,A025,52,399.3,0.622,0.722,0.97,3.85
2026-06-29,A025,39,666.9,0.596,0.795,0.923,4.54
2026-05-26,A025,46,680.1,0.678,0.622,0.921,4.17
2026-07-07,A025,54,520.8,0.803,0.78,0.863,4.38
2026-04-05,A025,32,577.2,0.612,0.723,0.983,4.68
2026-05-27,A025,56,649.4,0.875,0.755,0.83,3.37
2026-01-26,A025,26,607.0,0.829,0.753,0.847,4.73
2026-04-22,A025,33,656.6,0.569,0.734,0.834,3.96
2026-07-09,A025,22,298.6,0.677,0.743,0.915,4.32
2026-03-13,A025,32,403.0,0.606,0.793,0.813,3.74
2026-03-10,A025,31,277.5,0.63,0.604,0.839,4.8
2026-01-30,A025,55,225.3,0.66,0.74,0.866,3.45
2026-02-09,A025,25,670.5,0.661,0.949,0.935,4.38
2026-02-10,A025,42,388.3,0.796,0.71,0.918,4.72
2026-04-12,A025,23,326.9,0.715,0.809,0.805,3.59
2026-03-07,A025,29,459.8,0.652,0.759,0.979,4.44
2026-02-11,A025,33,388.9,0.833,0.86,0.967,3.72
2026-06-15,A025,50,553.2,0.65,0.915,0.804,4.32
2026-05-01,A025,36,380.6,0.737,0.882,0.974,3.46
2026-01-28,A025,39,204.4,0.755,0.706,0.979,3.7
2026-03-04,A025,15,717.5,0.613,0.871,0.947,4.25
2026-03-08,A025,51,555.0,0.573,0.89,0.941,4.07
2026-04-25,A025,28,205.0,0.879,0.871,0.892,4.62
2026-03-27,A025,45,365.0,0.824,0.655,0.958,4.0
2026-06-08,A025,28,590.5,0.65,0.796,0.91,4.21
2026-07-15,A025,35,431.4,0.596,0.709,0.945,3.57
2026-03-05,A025,27,242.4,0.816,0.626,0.865,3.92
2026-06-11,A025,32,508.2,0.584,0.82,0.829,3.29
2026-05-21,A025,23,300.8,0.581,0.844,0.819,4.37
2026-06-19,A025,39,560.8,0.84,0.624,0.919,3.68
2026-05-07,A025,28,578.2,0.55,0.678,0.856,4.63
2026-02-07,A025,48,481.6,0.682,0.806,0.886,4.65
2026-04-21,A025,32,350.2,0.604,0.608,0.978,3.87
2026-03-11,A025,35,480.3,0.698,0.629,0.862,3.53
2026-05-31,A025,54,674.1,0.582,0.769,0.869,4.37
2026-07-22,A025,18,354.8,0.59,0.773,0.883,4.7
2026-02-26,A025,30,636.9,0.784,0.869,0.847,4.57
2026-07-10,A025,48,473.4,0.57,0.907,0.828,3.21
2026-07-05,A025,56,188.6,0.552,0.875,0.843,4.64
2026-02-18,A025,20,447.4,0.802,0.854,0.986,4.67
2026-05-24,A025,58,326.9,0.765,0.655,0.924,3.79
2026-03-24,A025,48,327.0,0.611,0.912,0.887,4.57
2026-07-21,A025,27,487.7,0.771,0.613,0.858,3.62
2026-05-09,A025,36,317.7,0.759,0.745,0.84,3.86
2026-06-13,A025,50,522.3,0.611,0.779,0.899,4.45
2026-03-22,A026,40,665.3,0.781,0.634,0.863,3.83
2026-04-03,A026,31,565.2,0.865,0.774,0.836,4.5
2026-07-11,A026,57,517.7,0.732,0.697,0.881,3.42
2026-06-29,A026,54,683.0,0.566,0.746,0.967,4.01
2026-05-26,A026,30,703.8,0.892,0.731,0.934,3.61
2026-07-07,A026,28,688.8,0.601,0.669,0.817,3.59
2026-04-05,A026,55,375.0,0.903,0.6,0.847,3.54
2026-07-09,A026,49,476.9,0.834,0.873,0.951,3.62
2026-03-13,A026,52,214.9,0.918,0.886,0.903,3.89
2026-03-10,A026,31,334.6,0.621,0.761,0.842,3.7
2026-01-30,A026,19,228.6,0.616,0.729,0.988,3.72
2026-02-09,A026,36,340.9,0.61,0.933,0.977,4.36
2026-03-09,A026,24,477.4,0.704,0.785,0.884,4.23
2026-02-25,A026,38,248.6,0.568,0.617,0.915,3.95
2026-02-10,A026,58,305.3,0.672,0.877,0.841,4.11
2026-04-12,A026,15,349.3,0.616,0.663,0.813,3.36
2026-03-07,A026,55,314.4,0.686,0.628,0.895,4.63
2026-02-11,A026,51,546.1,0.706,0.945,0.86,3.45
2026-06-15,A026,44,691.3,0.861,0.741,0.829,4.02
2026-05-01,A026,34,617.6,0.719,0.856,0.96,4.08
2026-01-28,A026,26,470.3,0.774,0.919,0.823,4.77
2026-03-04,A026,45,425.4,0.606,0.681,0.987,4.66
2026-03-08,A026,31,404.4,0.782,0.797,0.926,3.78
2026-04-09,A026,35,503.4,0.679,0.71,0.869,3.43
2026-03-27,A026,57,327.4,0.902,0.927,0.967,4.43
2026-02-24,A026,31,513.9,0.794,0.948,0.846,3.33
2026-06-21,A026,49,200.2,0.705,0.639,0.854,3.86
2026-02-13,A026,21,302.4,0.883,0.803,0.881,4.71
2026-06-11,A026,38,395.2,0.836,0.709,0.812,3.68
2026-03-14,A026,59,615.1,0.756,0.652,0.815,4.19
2026-04-30,A026,58,513.3,0.574,0.922,0.822,3.99
2026-06-19,A026,47,328.3,0.717,0.9,0.962,3.89
2026-05-07,A026,55,303.0,0.837,0.632,0.802,4.2
2026-04-21,A026,29,323.9,0.685,0.666,0.955,3.57
2026-02-03,A026,35,462.1,0.643,0.919,0.896,4.3
2026-05-10,A026,41,523.8,0.755,0.602,0.863,4.41
2026-07-22,A026,37,464.7,0.872,0.89,0.952,4.62
2026-07-10,A026,28,395.7,0.617,0.917,0.955,3.26
2026-07-05,A026,52,225.4,0.696,0.733,0.905,3.26
2026-02-18,A026,55,701.4,0.614,0.888,0.841,3.34
2026-05-24,A026,29,274.6,0.611,0.846,0.807,4.71
2026-05-16,A026,33,381.9,0.704,0.68,0.913,4.3
2026-03-24,A026,59,459.8,0.765,0.71,0.858,4.22
2026-07-21,A026,48,663.3,0.582,0.774,0.829,3.99
2026-05-09,A026,44,429.2,0.698,0.76,0.954,4.39
2026-06-13,A026,51,563.3,0.614,0.683,0.806,4.8
2026-03-31,A026,45,219.9,0.556,0.833,0.924,4.51
2026-03-22,A027,52,574.1,0.588,0.766,0.872,3.89
2026-04-03,A027,31,352.5,0.747,0.862,0.839,4.67
2026-07-11,A027,47,637.7,0.739,0.657,0.968,3.63
2026-06-29,A027,39,209.2,0.916,0.677,0.816,4.28
2026-05-26,A027,58,236.5,0.569,0.806,0.805,3.67
2026-07-07,A027,15,711.7,0.853,0.848,0.808,4.28
2026-04-05,A027,34,431.7,0.792,0.919,0.817,4.71
2026-05-27,A027,54,220.3,0.868,0.892,0.821,3.68
2026-04-22,A027,56,563.6,0.598,0.693,0.939,4.15
2026-07-09,A027,27,388.1,0.799,0.947,0.807,4.28
2026-03-13,A027,54,259.4,0.77,0.668,0.912,3.35
2026-03-10,A027,26,407.4,0.856,0.726,0.976,3.44
2026-01-30,A027,50,227.9,0.799,0.661,0.987,3.22
2026-02-09,A027,52,683.1,0.773,0.821,0.839,3.27
2026-03-09,A027,36,530.4,0.732,0.656,0.88,3.91
2026-02-25,A027,59,649.8,0.808,0.781,0.926,4.26
2026-02-10,A027,54,569.9,0.7,0.705,0.85,3.64
2026-02-11,A027,53,237.8,0.728,0.717,0.894,3.4
2026-05-01,A027,31,418.8,0.835,0.851,0.979,4.3
2026-01-28,A027,52,394.3,0.675,0.917,0.881,4.03
2026-03-04,A027,20,634.6,0.715,0.833,0.836,3.35
2026-03-08,A027,18,483.1,0.905,0.896,0.89,3.69
2026-04-09,A027,58,647.1,0.74,0.798,0.813,4.06
2026-04-25,A027,28,195.2,0.559,0.645,0.963,4.26
2026-03-27,A027,42,420.8,0.847,0.93,0.951,3.25
2026-02-24,A027,41,227.6,0.722,0.712,0.874,3.34
2026-06-21,A027,17,203.8,0.793,0.699,0.904,3.92
2026-06-08,A027,56,645.0,0.782,0.663,0.829,4.14
2026-02-13,A027,48,644.8,0.644,0.897,0.94,3.85
2026-03-05,A027,32,426.9,0.651,0.935,0.889,4.27
2026-06-11,A027,46,709.5,0.778,0.847,0.921,4.56
2026-03-14,A027,17,512.5,0.848,0.699,0.935,4.14
2026-05-21,A027,15,391.6,0.775,0.741,0.91,4.0
2026-04-30,A027,18,242.5,0.861,0.708,0.895,3.3
2026-06-19,A027,48,186.2,0.768,0.702,0.909,4.19
2026-05-07,A027,33,537.1,0.583,0.703,0.818,3.33
2026-02-07,A027,41,334.4,0.873,0.752,0.948,3.89
2026-04-21,A027,56,364.2,0.72,0.635,0.888,3.85
2026-03-11,A027,40,610.2,0.69,0.854,0.913,3.52
2026-05-31,A027,24,326.1,0.824,0.8,0.963,3.22
2026-07-22,A027,50,284.8,0.556,0.732,0.805,3.74
2026-07-10,A027,59,389.9,0.765,0.775,0.867,3.93
2026-02-18,A027,48,450.1,0.665,0.928,0.983,3.86
2026-03-24,A027,37,314.4,0.585,0.734,0.872,3.33
2026-07-21,A027,50,323.4,0.641,0.712,0.801,3.61
2026-05-09,A027,41,595.4,0.792,0.925,0.911,4.31
2026-06-13,A027,29,474.5,0.829,0.727,0.938,4.53
2026-03-31,A027,42,701.8,0.739,0.887,0.851,4.53
2026-03-22,A028,19,201.6,0.701,0.914,0.818,4.2
2026-04-03,A028,16,310.1,0.625,0.737,0.961,3.82
2026-07-11,A028,55,576.0,0.768,0.651,0.914,3.31
2026-06-29,A028,49,704.4,0.831,0.729,0.837,4.09
2026-04-05,A028,46,316.0,0.61,0.7,0.816,3.32
2026-01-26,A028,57,345.3,0.746,0.902,0.84,4.03
2026-04-22,A028,24,620.1,0.734,0.901,0.842,3.98
2026-03-25,A028,49,485.7,0.628,0.87,0.935,4.31
2026-07-09,A028,25,231.0,0.874,0.727,0.819,4.01
2026-03-13,A028,46,562.6,0.888,0.848,0.872,3.8
2026-03-10,A028,51,640.4,0.92,0.757,0.898,4.04
2026-01-30,A028,49,696.2,0.598,0.917,0.912,3.24
2026-02-09,A028,53,500.9,0.684,0.635,0.883,3.37
2026-03-09,A028,20,446.9,0.87,0.794,0.806,3.86
2026-02-25,A028,21,700.5,0.914,0.945,0.875,3.33
2026-02-10,A028,47,222.1,0.718,0.75,0.985,3.56
2026-04-12,A028,25,273.1,0.856,0.72,0.844,4.74
2026-06-15,A028,39,567.1,0.712,0.696,0.848,4.71
2026-05-01,A028,55,344.4,0.745,0.913,0.969,3.54
2026-01-28,A028,34,197.8,0.675,0.733,0.84,3.76
2026-03-04,A028,22,357.6,0.693,0.713,0.949,4.22
2026-03-08,A028,17,505.0,0.679,0.611,0.962,4.27
2026-04-09,A028,59,458.6,0.826,0.67,0.821,4.53
2026-04-25,A028,28,623.0,0.747,0.677,0.923,4.62
2026-03-27,A028,38,190.8,0.904,0.872,0.915,4.77
2026-06-08,A028,59,189.4,0.828,0.901,0.978,3.87
2026-02-13,A028,50,182.9,0.907,0.935,0.822,3.61
2026-07-15,A028,24,531.0,0.915,0.623,0.903,4.41
2026-06-11,A028,54,513.5,0.843,0.858,0.986,3.96
2026-04-30,A028,43,408.0,0.641,0.74,0.871,3.75
2026-06-19,A028,23,665.1,0.782,0.619,0.902,4.77
2026-05-07,A028,59,541.6,0.74,0.651,0.913,3.72
2026-02-07,A028,54,644.6,0.702,0.722,0.884,3.81
2026-03-11,A028,55,393.3,0.785,0.656,0.821,4.37
2026-05-10,A028,33,255.7,0.599,0.714,0.972,4.25
2026-05-31,A028,44,255.1,0.594,0.631,0.817,3.58
2026-02-26,A028,32,679.2,0.731,0.627,0.87,4.23
2026-07-10,A028,42,183.9,0.735,0.665,0.863,4.38
2026-07-05,A028,40,486.9,0.768,0.853,0.87,3.29
2026-05-24,A028,57,674.1,0.823,0.778,0.834,4.36
2026-03-24,A028,51,475.9,0.91,0.863,0.869,4.42
2026-07-21,A028,19,239.9,0.839,0.678,0.949,4.78
2026-05-09,A028,56,575.5,0.838,0.868,0.836,3.79
2026-03-31,A028,28,409.0,0.761,0.848,0.84,3.29
2026-03-22,A029,32,372.3,0.68,0.91,0.877,4.36
2026-07-11,A029,59,365.1,0.646,0.835,0.808,3.91
2026-06-29,A029,37,543.4,0.796,0.629,0.84,3.23
2026-05-26,A029,40,505.8,0.618,0.678,0.906,4.17
2026-07-07,A029,48,239.5,0.618,0.637,0.983,4.43
2026-04-05,A029,48,573.8,0.76,0.631,0.981,3.76
2026-01-26,A029,60,558.4,0.658,0.848,0.954,4.69
2026-04-22,A029,21,546.6,0.88,0.903,0.987,3.21
2026-03-25,A029,59,191.7,0.595,0.652,0.83,4.69
2026-07-09,A029,36,296.8,0.666,0.943,0.926,4.37
2026-03-13,A029,26,608.8,0.693,0.611,0.843,4.01
2026-03-10,A029,30,545.0,0.701,0.669,0.832,3.94
2026-01-30,A029,38,424.5,0.626,0.8,0.978,3.87
2026-02-09,A029,37,345.2,0.577,0.745,0.935,3.28
2026-03-09,A029,60,551.2,0.706,0.699,0.83,4.07
2026-02-25,A029,34,411.3,0.562,0.858,0.877,3.74
2026-02-10,A029,54,393.0,0.629,0.864,0.982,3.62
2026-04-12,A029,47,556.6,0.855,0.707,0.929,3.82
2026-03-07,A029,38,627.8,0.612,0.933,0.953,4.12
2026-02-11,A029,25,385.3,0.665,0.703,0.932,3.74
2026-05-01,A029,54,548.5,0.645,0.795,0.888,3.62
2026-01-28,A029,33,372.5,0.81,0.701,0.811,4.13
2026-03-04,A029,29,718.6,0.554,0.867,0.81,3.31
2026-03-08,A029,23,610.1,0.605,0.664,0.857,4.37
2026-04-09,A029,47,614.3,0.588,0.731,0.935,4.41
2026-04-25,A029,34,588.9,0.604,0.707,0.848,3.97
2026-03-27,A029,59,556.8,0.84,0.914,0.898,3.95
2026-02-24,A029,44,296.0,0.654,0.943,0.901,4.09
2026-06-21,A029,21,321.3,0.651,0.619,0.951,4.64
2026-06-08,A029,15,694.8,0.639,0.791,0.918,4.78
2026-02-13,A029,40,512.0,0.726,0.937,0.962,4.3
2026-07-15,A029,52,690.6,0.849,0.864,0.94,3.3
2026-03-05,A029,42,483.2,0.732,0.915,0.885,3.51
2026-05-21,A029,51,622.5,0.812,0.72,0.867,4.21
2026-06-19,A029,22,555.6,0.885,0.912,0.988,4.52
2026-05-07,A029,25,235.0,0.605,0.876,0.813,4.0
2026-02-07,A029,37,596.0,0.666,0.728,0.843,3.7
2026-03-11,A029,22,238.9,0.817,0.649,0.945,4.19
2026-02-03,A029,48,375.4,0.815,0.825,0.895,3.77
2026-05-31,A029,39,708.3,0.91,0.7,0.801,4.67
2026-07-22,A029,53,301.8,0.693,0.801,0.921,3.46
2026-02-26,A029,17,669.0,0.769,0.799,0.881,4.8
2026-07-10,A029,31,465.3,0.915,0.89,0.981,4.51
2026-07-05,A029,36,417.5,0.898,0.729,0.829,3.33
2026-02-18,A029,59,334.9,0.553,0.907,0.834,3.99
2026-05-24,A029,43,528.0,0.83,0.718,0.824,3.24
2026-05-16,A029,35,571.5,0.597,0.625,0.81,4.57
2026-03-24,A029,42,595.0,0.696,0.647,0.914,4.71
2026-07-21,A029,32,716.2,0.575,0.67,0.936,3.59
2026-06-13,A029,60,497.3,0.839,0.854,0.852,3.21
2026-03-22,A030,59,475.8,0.768,0.898,0.882,4.09
2026-04-03,A030,26,577.0,0.609,0.628,0.865,3.23
2026-07-11,A030,43,718.0,0.908,0.923,0.89,3.47
2026-06-29,A030,35,430.9,0.608,0.783,0.828,4.7
2026-05-26,A030,35,474.2,0.735,0.636,0.872,3.25
2026-05-27,A030,45,442.6,0.78,0.696,0.933,3.99
2026-04-22,A030,26,267.4,0.904,0.662,0.84,4.5
2026-03-25,A030,19,439.1,0.824,0.657,0.804,4.48
2026-07-09,A030,20,418.7,0.71,0.824,0.868,4.42
2026-03-13,A030,24,540.2,0.895,0.759,0.902,4.29
2026-03-10,A030,55,236.2,0.585,0.698,0.807,4.07
2026-01-30,A030,20,433.3,0.686,0.629,0.914,3.75
2026-02-09,A030,18,298.1,0.764,0.618,0.862,4.21
2026-03-09,A030,43,394.4,0.674,0.881,0.882,3.89
2026-02-25,A030,42,535.6,0.761,0.815,0.891,3.59
2026-02-10,A030,59,399.0,0.862,0.912,0.858,3.26
2026-03-07,A030,30,192.8,0.812,0.704,0.968,4.01
2026-02-11,A030,18,626.3,0.875,0.64,0.895,4.66
2026-06-15,A030,25,258.4,0.648,0.816,0.892,4.48
2026-05-01,A030,50,619.9,0.677,0.608,0.81,4.52
2026-01-28,A030,22,343.3,0.798,0.95,0.981,4.66
2026-03-04,A030,34,631.1,0.891,0.788,0.96,4.52
2026-04-09,A030,47,181.4,0.582,0.945,0.803,3.39
2026-04-25,A030,38,338.8,0.567,0.71,0.984,4.52
2026-03-27,A030,47,612.5,0.777,0.891,0.824,4.1
2026-06-21,A030,32,523.8,0.776,0.67,0.859,4.67
2026-06-08,A030,45,314.1,0.633,0.868,0.889,4.0
2026-07-15,A030,24,594.5,0.682,0.683,0.878,4.32
2026-03-05,A030,47,639.8,0.651,0.748,0.982,3.37
2026-06-11,A030,24,185.8,0.58,0.9,0.888,4.28
2026-03-14,A030,31,652.6,0.706,0.734,0.935,4.67
2026-05-21,A030,59,371.2,0.767,0.804,0.856,4.32
2026-04-30,A030,17,185.2,0.901,0.692,0.876,4.2
2026-06-19,A030,60,521.4,0.797,0.678,0.942,4.73
2026-05-07,A030,17,213.2,0.7,0.683,0.893,4.48
2026-04-21,A030,21,582.2,0.817,0.646,0.955,4.7
2026-03-11,A030,51,576.2,0.56,0.815,0.814,3.57
2026-05-31,A030,36,214.8,0.848,0.881,0.908,3.8
2026-02-26,A030,24,189.1,0.872,0.715,0.884,3.67
2026-07-10,A030,45,184.6,0.847,0.92,0.853,3.24
2026-02-18,A030,51,288.0,0.683,0.905,0.81,4.16
2026-05-24,A030,59,439.9,0.865,0.778,0.926,3.97
2026-07-21,A030,50,566.0,0.763,0.615,0.941,3.66
2026-05-09,A030,43,349.2,0.769,0.723,0.861,3.26
2026-06-13,A030,54,677.3,0.844,0.767,0.921,4.56
2026-03-31,A030,24,238.3,0.691,0.938,0.89,4.04
2026-04-03,A031,17,348.4,0.887,0.668,0.845,4.06
2026-07-11,A031,51,663.7,0.796,0.939,0.864,4.47
2026-06-29,A031,58,703.2,0.799,0.857,0.827,3.86
2026-07-07,A031,15,681.1,0.706,0.809,0.938,3.29
2026-04-05,A031,16,695.2,0.614,0.729,0.907,3.86
2026-05-27,A031,55,363.2,0.585,0.75,0.902,4.5
2026-04-22,A031,48,255.3,0.706,0.732,0.9,3.95
2026-03-25,A031,48,314.0,0.881,0.927,0.856,4.02
2026-03-13,A031,31,233.6,0.818,0.705,0.927,3.85
2026-03-10,A031,46,516.5,0.742,0.886,0.89,4.02
2026-02-09,A031,40,435.6,0.716,0.836,0.872,3.77
2026-03-09,A031,20,199.7,0.861,0.641,0.931,4.08
2026-02-25,A031,59,621.6,0.773,0.774,0.863,3.24
2026-02-10,A031,43,228.8,0.633,0.781,0.964,3.9
2026-04-12,A031,30,295.2,0.771,0.859,0.985,4.53
2026-03-07,A031,48,547.3,0.58,0.923,0.852,3.86
2026-06-15,A031,29,534.6,0.798,0.833,0.866,3.77
2026-03-04,A031,46,679.4,0.674,0.688,0.844,4.14
2026-03-08,A031,38,269.8,0.827,0.806,0.827,3.51
2026-04-09,A031,59,259.5,0.92,0.857,0.96,4.66
2026-04-25,A031,29,480.7,0.785,0.875,0.91,4.17
2026-03-27,A031,27,393.2,0.774,0.731,0.853,4.24
2026-02-24,A031,50,645.6,0.914,0.896,0.948,3.55
2026-06-21,A031,21,342.9,0.661,0.713,0.978,4.76
2026-03-05,A031,47,508.8,0.587,0.922,0.906,3.75
2026-06-11,A031,45,576.3,0.638,0.915,0.809,4.32
2026-05-21,A031,57,466.5,0.605,0.857,0.921,4.58
2026-04-30,A031,20,671.1,0.738,0.717,0.967,4.55
2026-06-19,A031,21,427.2,0.587,0.861,0.871,3.21
2026-05-07,A031,30,534.1,0.882,0.831,0.83,4.34
2026-02-07,A031,30,598.5,0.898,0.892,0.962,4.45
2026-03-11,A031,30,667.1,0.756,0.8,0.904,3.39
2026-02-03,A031,21,505.2,0.615,0.935,0.866,4.26
2026-05-31,A031,26,325.2,0.765,0.798,0.955,3.3
2026-07-22,A031,15,517.1,0.776,0.733,0.981,4.14
2026-02-26,A031,40,663.2,0.865,0.829,0.845,3.49
2026-07-10,A031,23,317.4,0.842,0.931,0.948,4.22
2026-07-05,A031,18,584.1,0.776,0.858,0.883,4.25
2026-02-18,A031,59,529.0,0.834,0.627,0.863,3.95
2026-03-24,A031,33,447.9,0.642,0.825,0.879,3.25
2026-07-21,A031,33,627.7,0.847,0.683,0.908,4.3
2026-03-31,A031,36,185.3,0.777,0.859,0.972,4.13
2026-03-22,A032,21,658.4,0.76,0.605,0.911,4.26
2026-04-03,A032,17,602.1,0.754,0.867,0.945,4.0
2026-05-26,A032,33,185.8,0.773,0.707,0.913,4.26
2026-07-07,A032,57,311.6,0.591,0.651,0.882,4.12
2026-04-05,A032,33,603.1,0.847,0.945,0.942,3.69
2026-05-27,A032,44,321.8,0.887,0.629,0.906,4.6
2026-01-26,A032,23,652.4,0.677,0.765,0.846,4.79
2026-04-22,A032,54,370.2,0.719,0.606,0.815,3.61
2026-03-25,A032,22,453.4,0.912,0.799,0.941,3.48
2026-07-09,A032,28,452.3,0.9,0.919,0.815,3.74
2026-03-10,A032,38,365.5,0.793,0.679,0.813,4.47
2026-01-30,A032,24,312.9,0.872,0.848,0.878,4.15
2026-02-09,A032,43,398.6,0.737,0.706,0.913,3.74
2026-03-09,A032,41,510.9,0.601,0.881,0.931,3.28
2026-04-12,A032,34,218.5,0.743,0.944,0.972,4.62
2026-03-07,A032,46,548.8,0.742,0.751,0.895,3.85
2026-02-11,A032,30,514.8,0.826,0.844,0.816,3.45
2026-06-15,A032,40,297.5,0.816,0.726,0.879,4.34
2026-05-01,A032,49,693.7,0.607,0.817,0.967,4.1
2026-03-04,A032,39,537.0,0.718,0.623,0.88,4.08
2026-04-25,A032,44,240.0,0.62,0.612,0.956,4.27
2026-03-27,A032,35,431.7,0.86,0.778,0.955,4.7
2026-02-24,A032,18,281.2,0.858,0.819,0.899,4.28
2026-06-21,A032,46,599.4,0.888,0.617,0.98,3.76
2026-06-08,A032,21,251.8,0.872,0.705,0.831,3.21
2026-02-13,A032,32,342.7,0.613,0.73,0.985,3.77
2026-07-15,A032,17,245.7,0.571,0.882,0.801,3.32
2026-06-11,A032,31,514.5,0.846,0.782,0.926,4.0
2026-05-21,A032,17,600.2,0.645,0.794,0.882,4.23
2026-04-30,A032,36,594.6,0.605,0.935,0.866,3.31
2026-05-07,A032,21,339.6,0.858,0.886,0.828,4.3
2026-02-07,A032,44,515.7,0.907,0.915,0.955,4.36
2026-04-21,A032,37,181.8,0.836,0.708,0.811,4.28
2026-03-11,A032,25,192.8,0.782,0.633,0.893,4.36
2026-02-03,A032,50,305.7,0.747,0.797,0.936,3.35
2026-05-10,A032,39,385.0,0.557,0.912,0.911,3.6
2026-07-22,A032,49,539.3,0.662,0.76,0.904,4.08
2026-02-26,A032,52,208.3,0.847,0.722,0.876,3.32
2026-02-18,A032,35,515.4,0.804,0.887,0.933,3.55
2026-05-24,A032,22,217.0,0.793,0.905,0.963,4.61
2026-03-24,A032,23,588.7,0.75,0.862,0.934,4.51
2026-07-21,A032,49,369.6,0.712,0.677,0.844,3.37
2026-05-09,A032,29,688.6,0.574,0.654,0.848,4.76
2026-06-13,A032,34,511.4,0.869,0.678,0.972,4.66
2026-03-31,A032,40,495.5,0.84,0.784,0.81,4.5
2026-04-03,A033,37,272.3,0.7,0.862,0.967,3.63
2026-06-29,A033,48,485.1,0.621,0.702,0.974,3.72
2026-05-26,A033,32,705.3,0.876,0.657,0.91,4.04
2026-07-07,A033,57,520.6,0.808,0.793,0.861,4.48
2026-04-05,A033,50,274.8,0.826,0.945,0.859,3.28
2026-05-27,A033,47,423.6,0.868,0.736,0.891,4.78
2026-01-26,A033,40,314.5,0.579,0.708,0.964,3.49
2026-04-22,A033,45,325.8,0.861,0.654,0.915,4.21
2026-03-25,A033,58,617.7,0.899,0.637,0.936,3.79
2026-07-09,A033,30,552.4,0.694,0.806,0.806,3.33
2026-03-10,A033,59,670.9,0.822,0.815,0.839,4.06
2026-01-30,A033,59,251.8,0.769,0.813,0.816,4.75
2026-02-09,A033,50,642.6,0.651,0.739,0.851,3.9
2026-03-09,A033,19,606.8,0.824,0.903,0.822,3.85
2026-02-25,A033,35,290.1,0.872,0.792,0.815,4.08
2026-02-10,A033,29,317.6,0.682,0.622,0.924,3.22
2026-04-12,A033,39,552.5,0.677,0.612,0.865,3.9
2026-03-07,A033,39,497.8,0.601,0.778,0.95,3.73
2026-06-15,A033,16,577.0,0.777,0.662,0.871,4.34
2026-01-28,A033,45,593.9,0.584,0.878,0.913,3.39
2026-03-04,A033,25,637.1,0.564,0.853,0.865,4.54
2026-03-08,A033,37,415.2,0.619,0.625,0.8,4.54
2026-04-25,A033,19,224.5,0.69,0.673,0.86,4.04
2026-03-27,A033,50,267.2,0.708,0.934,0.883,3.55
2026-02-24,A033,60,359.2,0.774,0.918,0.86,3.57
2026-06-21,A033,52,376.1,0.688,0.686,0.871,4.28
2026-07-15,A033,19,370.2,0.671,0.935,0.914,4.76
2026-06-11,A033,39,704.5,0.682,0.73,0.884,4.5
2026-03-14,A033,41,385.6,0.727,0.768,0.97,3.63
2026-05-21,A033,27,394.2,0.702,0.756,0.954,3.39
2026-06-19,A033,27,478.9,0.82,0.764,0.963,4.4
2026-05-07,A033,43,308.3,0.705,0.717,0.967,4.24
2026-04-21,A033,37,677.0,0.84,0.91,0.982,3.65
2026-02-03,A033,51,476.1,0.915,0.653,0.855,4.58
2026-05-10,A033,21,522.9,0.856,0.627,0.847,3.33
2026-05-31,A033,27,671.6,0.824,0.632,0.966,3.48
2026-07-22,A033,54,185.9,0.89,0.73,0.887,3.75
2026-07-05,A033,39,307.3,0.734,0.928,0.881,4.26
2026-02-18,A033,25,332.2,0.69,0.766,0.882,4.32
2026-03-24,A033,21,205.2,0.747,0.618,0.881,3.77
2026-07-21,A033,35,679.8,0.586,0.655,0.851,4.5
2026-06-13,A033,55,496.8,0.58,0.924,0.879,4.54
2026-03-22,A034,31,569.3,0.84,0.786,0.86,4.58
2026-04-03,A034,32,436.9,0.695,0.685,0.865,3.99
2026-07-11,A034,21,210.8,0.615,0.887,0.927,4.61
2026-05-26,A034,17,215.2,0.553,0.661,0.952,3.71
2026-04-05,A034,47,326.0,0.787,0.816,0.927,3.94
2026-01-26,A034,19,196.9,0.677,0.726,0.965,4.33
2026-04-22,A034,34,364.7,0.648,0.727,0.827,3.96
2026-03-25,A034,32,697.2,0.825,0.692,0.973,3.47
2026-07-09,A034,39,306.2,0.73,0.754,0.869,3.33
2026-03-13,A034,33,223.3,0.595,0.923,0.927,4.44
2026-03-10,A034,56,508.1,0.698,0.861,0.87,3.21
2026-02-09,A034,24,686.4,0.647,0.868,0.962,3.71
2026-03-09,A034,25,276.9,0.612,0.716,0.812,4.54
2026-02-25,A034,41,713.3,0.712,0.947,0.945,3.38
2026-03-07,A034,55,412.0,0.64,0.701,0.873,3.94
2026-02-11,A034,22,235.4,0.786,0.758,0.933,3.95
2026-06-15,A034,38,491.2,0.91,0.944,0.882,3.28
2026-01-28,A034,17,515.9,0.772,0.698,0.843,3.51
2026-03-04,A034,35,232.5,0.648,0.819,0.852,4.39
2026-04-09,A034,20,479.2,0.722,0.852,0.874,4.3
2026-04-25,A034,41,219.2,0.902,0.89,0.973,4.24
2026-03-27,A034,22,409.3,0.893,0.743,0.841,3.62
2026-02-24,A034,41,252.0,0.782,0.622,0.84,4.14
2026-06-08,A034,53,195.5,0.904,0.848,0.967,4.59
2026-02-13,A034,24,323.3,0.817,0.721,0.892,3.52
2026-07-15,A034,31,385.6,0.788,0.849,0.835,4.74
2026-03-05,A034,17,688.7,0.767,0.881,0.838,4.51
2026-06-11,A034,24,521.9,0.641,0.781,0.873,3.92
2026-06-19,A034,59,393.0,0.584,0.798,0.933,4.53
2026-05-07,A034,28,609.0,0.584,0.823,0.896,4.11
2026-02-07,A034,55,312.9,0.739,0.678,0.954,3.6
2026-04-21,A034,50,705.6,0.893,0.914,0.877,4.12
2026-03-11,A034,37,189.1,0.631,0.731,0.819,4.32
2026-02-03,A034,51,482.2,0.903,0.949,0.906,3.74
2026-05-10,A034,54,481.0,0.772,0.82,0.899,4.67
2026-07-22,A034,22,604.9,0.574,0.887,0.945,3.24
2026-02-26,A034,54,582.1,0.762,0.613,0.894,4.77
2026-07-10,A034,49,181.9,0.672,0.69,0.885,3.94
2026-07-05,A034,19,451.4,0.679,0.602,0.875,4.53
2026-02-18,A034,31,685.4,0.918,0.773,0.943,4.64
2026-05-24,A034,20,569.1,0.832,0.76,0.974,3.72
2026-03-24,A034,15,698.9,0.687,0.906,0.891,4.47
2026-07-21,A034,26,189.7,0.646,0.71,0.822,4.71
2026-05-09,A034,44,231.0,0.594,0.601,0.918,4.54
2026-06-13,A034,37,627.1,0.64,0.717,0.876,3.83
2026-03-31,A034,36,568.8,0.896,0.722,0.901,3.55
2026-03-22,A035,30,267.4,0.698,0.928,0.895,3.55
2026-04-03,A035,37,689.5,0.818,0.854,0.98,3.78
2026-07-11,A035,50,477.1,0.892,0.789,0.892,4.41
2026-05-26,A035,40,459.3,0.723,0.943,0.836,4.33
2026-07-07,A035,32,241.4,0.784,0.636,0.879,3.99
2026-04-05,A035,34,350.0,0.581,0.817,0.836,4.69
2026-05-27,A035,19,614.5,0.677,0.639,0.959,3.83
2026-01-26,A035,55,408.4,0.776,0.844,0.902,4.36
2026-07-09,A035,45,540.2,0.705,0.807,0.851,3.72
2026-03-13,A035,34,479.6,0.653,0.746,0.856,3.32
2026-02-09,A035,15,439.7,0.708,0.684,0.848,3.37
2026-03-09,A035,20,622.4,0.587,0.767,0.905,4.17
2026-02-25,A035,23,549.0,0.667,0.914,0.899,4.2
2026-02-10,A035,54,194.4,0.734,0.806,0.952,3.59
2026-04-12,A035,27,382.2,0.888,0.696,0.83,3.25
2026-02-11,A035,32,440.6,0.799,0.917,0.944,3.61
2026-06-15,A035,32,604.3,0.771,0.808,0.969,3.98
2026-05-01,A035,25,299.0,0.758,0.74,0.94,3.38
2026-01-28,A035,30,461.9,0.797,0.692,0.913,4.34
2026-03-04,A035,47,501.9,0.645,0.835,0.844,3.98
2026-03-08,A035,60,477.1,0.871,0.737,0.899,4.61
2026-04-25,A035,27,287.8,0.853,0.624,0.943,3.85
2026-03-27,A035,46,710.1,0.71,0.855,0.877,3.51
2026-02-24,A035,58,194.0,0.557,0.794,0.832,4.15
2026-06-21,A035,48,701.2,0.626,0.741,0.887,3.22
2026-06-08,A035,55,271.5,0.74,0.763,0.837,3.3
2026-07-15,A035,54,530.3,0.691,0.933,0.833,4.43
2026-03-05,A035,39,185.1,0.61,0.849,0.989,4.61
2026-06-11,A035,31,389.6,0.75,0.834,0.828,4.56
2026-03-14,A035,50,632.2,0.654,0.947,0.895,4.51
2026-05-21,A035,38,244.8,0.861,0.89,0.867,4.48
2026-04-30,A035,24,259.9,0.915,0.819,0.853,3.82
2026-06-19,A035,50,418.5,0.679,0.859,0.958,4.25
2026-05-07,A035,21,549.6,0.88,0.769,0.861,4.73
2026-02-07,A035,37,460.7,0.719,0.823,0.911,4.77
2026-04-21,A035,56,300.7,0.854,0.666,0.91,3.2
2026-03-11,A035,46,294.0,0.587,0.795,0.82,4.21
2026-05-31,A035,19,233.0,0.645,0.851,0.855,4.61
2026-07-22,A035,50,581.8,0.87,0.749,0.852,4.33
2026-02-26,A035,46,604.9,0.627,0.893,0.923,4.56
2026-07-10,A035,31,357.3,0.616,0.943,0.939,4.21
2026-07-05,A035,31,603.5,0.739,0.755,0.887,3.28
2026-03-24,A035,51,201.3,0.554,0.61,0.982,3.33
2026-05-09,A035,53,575.0,0.745,0.882,0.85,4.18
2026-06-13,A035,43,491.8,0.56,0.927,0.828,4.69
2026-03-31,A035,26,461.4,0.914,0.92,0.926,4.17
2026-03-22,A036,59,422.2,0.726,0.607,0.912,4.47
2026-04-03,A036,29,624.5,0.753,0.675,0.823,4.49
2026-07-11,A036,28,232.7,0.747,0.784,0.853,4.77
2026-06-29,A036,25,283.7,0.597,0.874,0.945,4.75
2026-05-26,A036,24,692.2,0.879,0.653,0.914,3.98
2026-07-07,A036,55,716.1,0.651,0.762,0.942,4.52
2026-04-05,A036,46,272.4,0.665,0.821,0.871,3.67
2026-05-27,A036,49,652.1,0.842,0.876,0.962,3.96
2026-01-26,A036,49,270.4,0.68,0.61,0.88,4.02
2026-04-22,A036,59,199.7,0.832,0.761,0.859,4.44
2026-07-09,A036,18,400.9,0.864,0.9,0.941,3.47
2026-01-30,A036,55,208.3,0.825,0.64,0.844,3.93
2026-02-09,A036,26,641.7,0.611,0.808,0.93,4.22
2026-03-09,A036,40,632.4,0.636,0.791,0.984,4.74
2026-02-25,A036,39,258.2,0.653,0.676,0.8,4.17
2026-02-10,A036,49,271.1,0.676,0.911,0.868,4.67
2026-04-12,A036,22,443.7,0.607,0.788,0.913,3.82
2026-02-11,A036,36,606.6,0.917,0.735,0.865,3.26
2026-06-15,A036,45,582.0,0.813,0.912,0.979,3.87
2026-05-01,A036,48,304.8,0.606,0.704,0.838,3.77
2026-01-28,A036,45,695.8,0.682,0.61,0.824,4.74
2026-03-04,A036,51,359.4,0.767,0.608,0.83,4.1
2026-03-08,A036,16,495.3,0.848,0.941,0.886,4.56
2026-04-09,A036,19,408.9,0.894,0.663,0.806,3.83
2026-04-25,A036,34,208.0,0.607,0.921,0.832,3.5
2026-03-27,A036,57,689.9,0.689,0.737,0.889,3.58
2026-02-24,A036,54,493.7,0.81,0.908,0.954,3.5
2026-06-21,A036,31,319.8,0.704,0.824,0.982,3.57
2026-02-13,A036,22,399.3,0.809,0.92,0.958,3.54
2026-07-15,A036,22,437.3,0.913,0.928,0.974,4.76
2026-06-11,A036,30,251.0,0.705,0.773,0.869,4.49
2026-03-14,A036,38,568.9,0.57,0.658,0.858,4.0
2026-04-30,A036,60,349.0,0.762,0.795,0.823,3.65
2026-06-19,A036,32,184.7,0.581,0.616,0.894,4.49
2026-05-07,A036,28,401.7,0.621,0.916,0.837,3.4
2026-02-07,A036,29,434.8,0.638,0.857,0.926,3.4
2026-04-21,A036,46,587.6,0.886,0.707,0.875,4.1
2026-02-03,A036,29,440.6,0.712,0.76,0.949,3.95
2026-05-31,A036,27,617.3,0.599,0.689,0.948,3.62
2026-07-22,A036,42,241.0,0.591,0.608,0.987,3.88
2026-02-26,A036,40,339.2,0.732,0.949,0.989,3.54
2026-07-05,A036,23,301.8,0.556,0.704,0.952,4.1
2026-02-18,A036,44,469.4,0.587,0.652,0.845,3.93
2026-05-24,A036,31,599.8,0.816,0.751,0.949,3.5
2026-05-16,A036,39,482.2,0.677,0.633,0.965,4.74
2026-03-24,A036,56,541.0,0.63,0.948,0.987,3.27
2026-05-09,A036,17,503.7,0.853,0.854,0.936,3.96
2026-06-13,A036,56,502.6,0.633,0.78,0.886,3.56
2026-03-31,A036,41,364.5,0.776,0.67,0.899,4.28
2026-03-22,A037,25,424.5,0.752,0.654,0.922,3.85
2026-04-03,A037,51,239.2,0.842,0.883,0.921,3.34
2026-07-11,A037,20,247.7,0.729,0.826,0.927,4.37
2026-06-29,A037,44,242.5,0.731,0.897,0.834,3.92
2026-05-26,A037,23,280.7,0.559,0.725,0.924,4.06
2026-07-07,A037,54,304.6,0.762,0.927,0.871,4.72
2026-05-27,A037,39,467.4,0.881,0.655,0.913,4.3
2026-01-26,A037,43,508.3,0.574,0.828,0.946,4.6
2026-04-22,A037,49,661.9,0.827,0.715,0.836,3.84
2026-07-09,A037,31,448.0,0.915,0.874,0.85,4.58
2026-03-13,A037,37,666.9,0.634,0.683,0.83,4.72
2026-03-10,A037,36,659.8,0.701,0.772,0.897,4.28
2026-01-30,A037,32,712.9,0.559,0.707,0.854,3.77
2026-02-09,A037,30,530.5,0.606,0.758,0.895,3.72
2026-03-09,A037,19,487.6,0.785,0.704,0.929,4.65
2026-02-25,A037,55,223.3,0.699,0.829,0.849,4.52
2026-02-10,A037,46,450.0,0.755,0.642,0.803,4.75
2026-04-12,A037,47,350.7,0.559,0.732,0.883,4.54
2026-02-11,A037,52,389.1,0.739,0.787,0.866,3.38
2026-06-15,A037,27,701.0,0.777,0.945,0.952,4.77
2026-01-28,A037,43,292.9,0.594,0.783,0.85,4.19
2026-03-04,A037,24,363.9,0.901,0.655,0.903,3.97
2026-03-08,A037,31,651.4,0.559,0.892,0.99,4.11
2026-04-09,A037,25,572.5,0.79,0.93,0.903,3.9
2026-04-25,A037,48,709.3,0.655,0.673,0.969,3.77
2026-03-27,A037,32,626.9,0.853,0.903,0.848,3.45
2026-06-08,A037,58,209.4,0.599,0.837,0.926,3.7
2026-07-15,A037,34,487.6,0.648,0.872,0.817,4.62
2026-03-05,A037,23,691.0,0.844,0.604,0.944,4.28
2026-06-11,A037,31,596.8,0.627,0.756,0.97,4.24
2026-03-14,A037,23,679.3,0.657,0.925,0.85,4.65
2026-05-21,A037,39,298.4,0.651,0.672,0.979,4.47
2026-05-07,A037,38,236.7,0.563,0.634,0.926,4.74
2026-02-07,A037,58,183.7,0.775,0.934,0.967,4.35
2026-03-11,A037,25,516.6,0.552,0.698,0.862,4.43
2026-02-03,A037,53,540.5,0.662,0.835,0.838,4.56
2026-05-10,A037,39,714.3,0.887,0.91,0.841,3.73
2026-05-31,A037,47,653.0,0.868,0.87,0.835,4.48
2026-07-22,A037,56,481.0,0.691,0.889,0.878,3.31
2026-02-26,A037,15,614.2,0.777,0.931,0.813,4.24
2026-07-05,A037,25,466.7,0.915,0.851,0.83,3.68
2026-02-18,A037,23,493.9,0.585,0.765,0.908,4.79
2026-05-24,A037,51,667.2,0.894,0.908,0.922,3.37
2026-05-16,A037,36,548.7,0.645,0.646,0.841,4.7
2026-03-24,A037,29,299.2,0.775,0.678,0.953,3.63
2026-07-21,A037,46,416.3,0.915,0.617,0.91,4.38
2026-05-09,A037,45,350.8,0.793,0.815,0.927,3.57
2026-06-13,A037,35,708.3,0.803,0.601,0.833,3.49
2026-03-31,A037,18,673.0,0.566,0.627,0.826,3.64
2026-04-03,A038,32,406.5,0.884,0.811,0.939,4.8
2026-07-11,A038,22,358.1,0.803,0.758,0.907,4.53
2026-06-29,A038,48,495.4,0.852,0.806,0.883,3.82
2026-05-26,A038,37,201.6,0.872,0.857,0.947,3.67
2026-07-07,A038,21,703.0,0.663,0.769,0.855,4.15
2026-04-05,A038,44,196.5,0.682,0.736,0.963,3.98
2026-05-27,A038,29,536.7,0.901,0.647,0.899,4.23
2026-04-22,A038,42,304.7,0.8,0.63,0.809,3.37
2026-03-25,A038,50,558.7,0.915,0.63,0.824,3.49
2026-03-13,A038,46,696.9,0.606,0.795,0.893,3.36
2026-03-10,A038,43,406.2,0.739,0.932,0.974,4.25
2026-02-09,A038,27,577.6,0.893,0.601,0.922,3.71
2026-02-25,A038,53,619.5,0.872,0.737,0.882,3.74
2026-02-10,A038,21,618.1,0.911,0.81,0.942,3.33
2026-04-12,A038,56,490.6,0.695,0.878,0.857,3.4
2026-03-07,A038,28,573.3,0.804,0.72,0.874,3.8
2026-02-11,A038,34,713.2,0.672,0.767,0.886,4.16
2026-05-01,A038,33,664.9,0.799,0.876,0.887,4.04
2026-01-28,A038,55,188.2,0.871,0.857,0.837,4.51
2026-03-04,A038,43,357.1,0.574,0.62,0.821,3.49
2026-03-08,A038,44,547.9,0.624,0.865,0.819,3.61
2026-04-09,A038,58,428.7,0.919,0.617,0.839,3.22
2026-04-25,A038,33,584.4,0.844,0.886,0.913,4.09
2026-06-08,A038,41,480.7,0.732,0.813,0.821,3.77
2026-07-15,A038,39,666.2,0.635,0.89,0.898,4.23
2026-03-05,A038,58,662.1,0.563,0.75,0.953,3.47
2026-06-11,A038,15,595.8,0.868,0.841,0.897,4.59
2026-03-14,A038,60,282.8,0.68,0.941,0.807,3.65
2026-05-21,A038,33,416.2,0.739,0.629,0.874,3.48
2026-04-30,A038,59,312.3,0.635,0.881,0.861,3.95
2026-06-19,A038,33,257.5,0.788,0.651,0.946,3.67
2026-05-07,A038,32,659.2,0.695,0.611,0.96,3.98
2026-02-07,A038,27,221.5,0.64,0.787,0.959,3.75
2026-02-03,A038,54,707.9,0.582,0.941,0.801,4.67
2026-05-10,A038,46,489.7,0.823,0.732,0.989,4.52
2026-07-22,A038,24,419.9,0.908,0.938,0.94,3.73
2026-02-26,A038,37,343.0,0.867,0.734,0.831,4.27
2026-07-05,A038,20,693.2,0.585,0.672,0.887,4.71
2026-02-18,A038,45,428.4,0.566,0.774,0.861,3.31
2026-05-24,A038,32,709.8,0.799,0.715,0.945,4.47
2026-05-16,A038,39,221.6,0.852,0.816,0.93,3.97
2026-07-21,A038,43,695.6,0.643,0.613,0.931,3.73
2026-05-09,A038,50,412.4,0.56,0.77,0.93,3.27
2026-06-13,A038,47,572.4,0.81,0.912,0.886,3.51
2026-03-31,A038,16,681.6,0.791,0.631,0.886,4.28
2026-03-22,A039,34,306.5,0.585,0.741,0.978,4.58
2026-04-03,A039,42,631.4,0.698,0.902,0.817,4.17
2026-06-29,A039,46,640.3,0.852,0.852,0.901,4.37
2026-05-26,A039,47,389.7,0.9,0.691,0.948,3.33
2026-07-07,A039,52,258.9,0.912,0.877,0.908,4.0
2026-04-05,A039,54,357.5,0.813,0.804,0.949,3.99
2026-05-27,A039,22,666.0,0.811,0.674,0.879,3.35
2026-01-26,A039,21,711.6,0.88,0.607,0.875,4.64
2026-04-22,A039,20,556.9,0.644,0.783,0.98,4.18
2026-03-25,A039,56,451.3,0.81,0.79,0.944,3.98
2026-03-13,A039,18,253.6,0.612,0.832,0.853,4.37
2026-01-30,A039,49,354.3,0.577,0.652,0.989,4.46
2026-02-09,A039,50,588.0,0.655,0.655,0.873,4.72
2026-03-09,A039,49,591.6,0.914,0.781,0.962,3.34
2026-02-25,A039,18,627.9,0.623,0.81,0.915,4.58
2026-04-12,A039,50,584.2,0.906,0.864,0.985,3.82
2026-03-07,A039,22,315.7,0.747,0.904,0.977,4.27
2026-05-01,A039,24,633.2,0.797,0.855,0.824,3.84
2026-01-28,A039,27,667.9,0.633,0.917,0.875,3.95
2026-03-04,A039,46,476.6,0.581,0.737,0.921,4.14
2026-03-08,A039,19,297.8,0.788,0.698,0.851,4.1
2026-03-27,A039,15,687.2,0.751,0.839,0.938,4.25
2026-02-24,A039,39,397.2,0.694,0.663,0.933,4.48
2026-06-21,A039,49,696.6,0.776,0.913,0.829,4.67
2026-06-08,A039,41,241.4,0.668,0.797,0.807,4.58
2026-07-15,A039,36,615.4,0.716,0.63,0.929,3.36
2026-06-11,A039,16,264.9,0.919,0.916,0.917,3.92
2026-03-14,A039,58,282.9,0.828,0.896,0.817,3.87
2026-05-21,A039,50,282.3,0.742,0.738,0.989,4.01
2026-04-30,A039,41,409.0,0.767,0.789,0.954,3.24
2026-06-19,A039,43,512.5,0.655,0.937,0.96,3.42
2026-05-07,A039,23,423.1,0.913,0.652,0.965,4.49
2026-02-07,A039,30,702.3,0.685,0.696,0.968,4.35
2026-04-21,A039,34,243.3,0.828,0.801,0.988,3.92
2026-03-11,A039,40,468.9,0.887,0.666,0.93,3.48
2026-02-03,A039,47,531.5,0.829,0.642,0.822,4.22
2026-05-10,A039,50,711.9,0.873,0.716,0.879,3.86
2026-07-22,A039,42,451.7,0.693,0.734,0.976,4.35
2026-07-10,A039,24,717.7,0.57,0.911,0.917,3.62
2026-07-05,A039,37,714.0,0.853,0.618,0.978,3.29
2026-02-18,A039,34,380.4,0.712,0.871,0.937,4.78
2026-05-24,A039,43,292.8,0.654,0.927,0.847,4.76
2026-05-16,A039,43,528.4,0.802,0.896,0.831,3.48
2026-03-24,A039,28,264.9,0.884,0.661,0.856,4.41
2026-07-21,A039,41,334.0,0.745,0.742,0.816,3.34
2026-05-09,A039,56,600.0,0.661,0.81,0.813,3.41
2026-04-03,A040,38,240.2,0.799,0.635,0.892,3.32
2026-07-11,A040,44,285.8,0.762,0.641,0.893,3.51
2026-06-29,A040,23,307.4,0.826,0.664,0.925,3.48
2026-05-26,A040,40,454.9,0.839,0.863,0.828,3.21
2026-07-07,A040,31,294.8,0.565,0.842,0.832,3.67
2026-04-22,A040,47,354.6,0.806,0.605,0.881,4.08
2026-03-25,A040,15,670.5,0.91,0.857,0.925,4.2
2026-07-09,A040,45,374.6,0.911,0.917,0.825,3.6
2026-03-10,A040,33,518.3,0.606,0.798,0.944,3.4
2026-01-30,A040,46,493.6,0.571,0.925,0.902,4.72
2026-02-09,A040,38,278.4,0.798,0.888,0.985,4.08
2026-03-09,A040,55,388.1,0.609,0.868,0.911,4.72
2026-02-25,A040,28,587.5,0.573,0.925,0.927,4.45
2026-04-12,A040,31,477.0,0.554,0.7,0.989,4.8
2026-03-07,A040,35,562.2,0.577,0.744,0.844,3.89
2026-01-28,A040,41,226.4,0.875,0.819,0.913,3.98
2026-03-04,A040,42,223.8,0.655,0.858,0.956,4.24
2026-04-09,A040,60,684.9,0.787,0.866,0.937,3.74
2026-04-25,A040,32,667.4,0.677,0.88,0.839,3.8
2026-03-27,A040,50,209.3,0.883,0.649,0.865,3.48
2026-02-24,A040,16,569.3,0.672,0.867,0.955,3.55
2026-06-08,A040,33,306.7,0.895,0.685,0.882,3.7
2026-02-13,A040,15,416.2,0.863,0.84,0.817,3.47
2026-07-15,A040,59,591.0,0.833,0.738,0.84,3.62
2026-03-05,A040,53,607.1,0.77,0.662,0.938,4.52
2026-03-14,A040,57,305.3,0.735,0.608,0.967,4.08
2026-05-21,A040,53,501.6,0.751,0.885,0.864,3.7
2026-04-30,A040,39,234.6,0.56,0.814,0.971,3.21
2026-06-19,A040,18,586.4,0.852,0.879,0.874,3.6
2026-05-07,A040,39,673.0,0.567,0.752,0.927,3.58
2026-02-07,A040,56,711.1,0.736,0.948,0.847,4.61
2026-04-21,A040,55,587.8,0.612,0.828,0.852,3.23
2026-03-11,A040,59,627.4,0.683,0.646,0.905,4.75
2026-02-03,A040,32,339.5,0.703,0.654,0.91,4.35
2026-05-10,A040,57,293.0,0.794,0.702,0.816,4.58
2026-05-31,A040,41,531.9,0.756,0.707,0.821,3.89
2026-07-22,A040,35,493.2,0.832,0.924,0.841,3.94
2026-02-26,A040,29,715.3,0.698,0.918,0.921,3.45
2026-02-18,A040,51,195.1,0.916,0.822,0.823,3.6
2026-05-24,A040,20,407.5,0.868,0.846,0.904,4.04
2026-03-24,A040,32,716.4,0.579,0.816,0.908,4.67
2026-05-09,A040,56,582.0,0.77,0.845,0.856,4.11
2026-06-13,A040,28,673.6,0.773,0.702,0.942,3.52
2026-03-31,A040,31,308.5,0.689,0.928,0.989,4.73
2026-03-22,A041,48,709.7,0.881,0.712,0.977,4.28
2026-04-03,A041,57,333.3,0.859,0.77,0.838,4.26
2026-06-29,A041,54,452.7,0.559,0.752,0.89,4.18
2026-05-26,A041,41,372.2,0.656,0.796,0.946,3.99
2026-07-07,A041,45,563.6,0.615,0.62,0.891,4.37
2026-04-05,A041,55,468.7,0.646,0.665,0.987,3.57
2026-05-27,A041,31,718.7,0.695,0.73,0.808,4.53
2026-01-26,A041,41,657.0,0.57,0.917,0.945,3.59
2026-04-22,A041,49,716.1,0.72,0.611,0.902,3.93
2026-03-25,A041,32,271.1,0.678,0.886,0.919,3.38
2026-07-09,A041,50,375.9,0.819,0.682,0.913,4.18
2026-03-13,A041,28,677.7,0.883,0.781,0.825,4.31
2026-03-10,A041,53,406.3,0.586,0.619,0.908,3.53
2026-02-09,A041,41,566.0,0.681,0.642,0.904,3.67
2026-03-09,A041,42,183.4,0.764,0.792,0.898,3.36
2026-02-25,A041,31,212.9,0.912,0.808,0.883,4.51
2026-02-10,A041,27,345.3,0.795,0.626,0.804,4.12
2026-04-12,A041,51,486.5,0.602,0.629,0.874,3.54
2026-03-07,A041,39,248.7,0.874,0.829,0.934,4.57
2026-02-11,A041,60,531.5,0.588,0.714,0.967,3.82
2026-06-15,A041,32,602.6,0.599,0.947,0.922,3.38
2026-03-04,A041,26,499.6,0.693,0.936,0.97,4.04
2026-03-08,A041,34,353.1,0.76,0.919,0.911,3.96
2026-04-09,A041,46,444.9,0.78,0.854,0.902,3.21
2026-04-25,A041,54,593.0,0.769,0.684,0.907,3.83
2026-03-27,A041,53,402.8,0.631,0.903,0.865,4.73
2026-02-24,A041,31,651.8,0.555,0.851,0.86,4.76
2026-06-21,A041,35,374.5,0.805,0.89,0.988,3.44
2026-06-08,A041,45,699.5,0.78,0.65,0.925,3.52
2026-02-13,A041,22,656.1,0.781,0.782,0.877,4.02
2026-07-15,A041,24,368.2,0.56,0.849,0.861,4.13
2026-03-05,A041,28,528.4,0.739,0.948,0.979,3.28
2026-06-11,A041,42,180.9,0.559,0.691,0.876,4.43
2026-03-14,A041,32,667.2,0.872,0.925,0.872,4.29
2026-04-30,A041,55,632.3,0.611,0.747,0.813,3.67
2026-06-19,A041,40,454.2,0.861,0.716,0.817,4.28
2026-02-07,A041,53,347.1,0.913,0.793,0.842,3.59
2026-02-03,A041,38,257.2,0.654,0.891,0.876,4.26
2026-05-31,A041,47,297.5,0.787,0.895,0.867,3.31
2026-07-10,A041,57,603.7,0.574,0.889,0.941,4.75
2026-07-05,A041,22,546.2,0.791,0.825,0.852,4.63
2026-02-18,A041,52,545.9,0.556,0.661,0.905,4.23
2026-05-24,A041,36,280.9,0.749,0.934,0.905,3.66
2026-05-16,A041,18,282.4,0.748,0.845,0.864,3.2
2026-03-24,A041,25,192.8,0.836,0.778,0.846,3.99
2026-07-21,A041,38,376.0,0.83,0.688,0.956,3.86
2026-05-09,A041,24,654.1,0.833,0.619,0.901,4.76
2026-06-13,A041,56,497.7,0.802,0.819,0.841,4.1
2026-03-31,A041,50,329.6,0.839,0.898,0.977,4.45
2026-03-22,A042,55,569.9,0.729,0.905,0.966,4.42
2026-04-03,A042,42,317.3,0.561,0.71,0.832,3.44
2026-07-11,A042,47,461.4,0.892,0.823,0.954,4.45
2026-06-29,A042,31,591.1,0.559,0.616,0.874,3.97
2026-05-26,A042,45,569.2,0.757,0.612,0.976,4.0
2026-07-07,A042,36,352.9,0.894,0.678,0.88,4.51
2026-05-27,A042,40,270.2,0.734,0.648,0.829,3.55
2026-04-22,A042,56,465.3,0.888,0.806,0.807,4.67
2026-03-25,A042,41,387.4,0.901,0.895,0.863,3.64
2026-03-13,A042,41,673.5,0.759,0.842,0.881,3.65
2026-01-30,A042,42,632.4,0.914,0.845,0.939,4.75
2026-02-09,A042,24,632.1,0.837,0.727,0.917,3.82
2026-03-09,A042,30,485.4,0.775,0.699,0.892,4.44
2026-04-12,A042,47,406.7,0.855,0.683,0.988,3.24
2026-02-11,A042,18,569.3,0.885,0.924,0.94,4.28
2026-06-15,A042,20,613.1,0.871,0.813,0.933,4.36
2026-05-01,A042,44,482.3,0.919,0.604,0.897,4.24
2026-01-28,A042,31,299.7,0.916,0.608,0.877,4.76
2026-03-04,A042,57,457.4,0.803,0.792,0.978,3.23
2026-03-08,A042,56,327.3,0.904,0.633,0.905,3.93
2026-04-25,A042,36,706.5,0.561,0.71,0.848,3.88
2026-02-24,A042,59,291.1,0.83,0.689,0.84,4.37
2026-06-08,A042,33,696.1,0.911,0.622,0.887,3.32
2026-02-13,A042,35,320.7,0.606,0.776,0.982,3.9
2026-07-15,A042,21,188.6,0.738,0.832,0.935,3.48
2026-03-05,A042,51,243.8,0.596,0.826,0.964,4.16
2026-06-11,A042,15,282.1,0.789,0.877,0.858,4.22
2026-03-14,A042,36,207.8,0.855,0.666,0.936,3.65
2026-05-21,A042,31,278.4,0.746,0.684,0.806,3.69
2026-04-30,A042,28,437.0,0.777,0.784,0.898,4.41
2026-06-19,A042,38,200.5,0.86,0.751,0.923,3.27
2026-05-07,A042,45,291.9,0.644,0.797,0.904,3.42
2026-02-07,A042,21,601.2,0.834,0.623,0.951,4.14
2026-04-21,A042,47,341.3,0.869,0.796,0.848,4.38
2026-03-11,A042,45,411.7,0.845,0.944,0.966,4.14
2026-05-10,A042,22,704.2,0.634,0.724,0.983,3.92
2026-05-31,A042,59,575.3,0.808,0.905,0.823,3.8
2026-07-22,A042,47,264.6,0.559,0.865,0.977,4.51
2026-07-10,A042,49,667.5,0.604,0.679,0.884,4.74
2026-02-18,A042,43,248.2,0.907,0.813,0.83,3.69
2026-05-24,A042,27,196.9,0.74,0.707,0.959,4.69
2026-05-16,A042,48,229.3,0.821,0.676,0.877,3.99
2026-03-24,A042,57,437.5,0.629,0.65,0.89,3.35
2026-07-21,A042,59,358.4,0.81,0.69,0.945,4.59
2026-06-13,A042,15,450.6,0.848,0.767,0.844,4.27
2026-03-31,A042,32,199.0,0.562,0.744,0.916,3.55
2026-03-22,A043,32,682.0,0.581,0.672,0.835,4.16
2026-07-11,A043,26,297.0,0.632,0.721,0.847,4.63
2026-05-26,A043,23,650.9,0.564,0.66,0.921,3.88
2026-07-07,A043,32,290.7,0.683,0.759,0.842,4.74
2026-04-05,A043,60,462.6,0.551,0.761,0.811,4.05
2026-01-26,A043,20,231.2,0.761,0.715,0.906,4.66
2026-04-22,A043,21,247.0,0.68,0.741,0.801,3.53
2026-03-25,A043,21,676.5,0.752,0.785,0.968,4.02
2026-07-09,A043,35,394.9,0.769,0.698,0.937,4.11
2026-03-13,A043,30,549.3,0.712,0.913,0.838,3.91
2026-03-09,A043,46,675.7,0.649,0.733,0.9,4.56
2026-02-25,A043,30,202.6,0.789,0.61,0.913,4.46
2026-02-10,A043,25,262.8,0.704,0.823,0.811,4.04
2026-04-12,A043,35,482.6,0.712,0.627,0.858,4.55
2026-03-07,A043,43,329.5,0.722,0.649,0.967,3.44
2026-02-11,A043,16,665.5,0.847,0.901,0.811,4.0
2026-06-15,A043,24,331.4,0.782,0.814,0.891,4.66
2026-05-01,A043,56,602.6,0.748,0.762,0.871,3.79
2026-01-28,A043,23,244.5,0.803,0.913,0.831,4.56
2026-03-08,A043,34,473.9,0.698,0.616,0.827,4.73
2026-04-09,A043,22,717.9,0.909,0.948,0.973,4.22
2026-04-25,A043,45,375.2,0.598,0.85,0.885,4.09
2026-03-27,A043,46,393.4,0.62,0.621,0.901,4.66
2026-02-24,A043,29,656.4,0.622,0.725,0.825,3.37
2026-06-21,A043,38,584.1,0.794,0.69,0.969,3.58
2026-06-08,A043,26,663.4,0.698,0.898,0.882,4.0
2026-02-13,A043,59,202.2,0.841,0.677,0.903,4.33
2026-06-11,A043,18,610.9,0.679,0.779,0.939,4.6
2026-04-30,A043,32,331.8,0.848,0.829,0.829,4.43
2026-06-19,A043,57,587.1,0.632,0.72,0.955,3.25
2026-05-07,A043,35,190.5,0.84,0.839,0.919,3.88
2026-02-07,A043,57,626.1,0.681,0.879,0.989,4.16
2026-03-11,A043,42,234.8,0.56,0.798,0.957,3.64
2026-02-03,A043,51,412.9,0.589,0.855,0.882,3.56
2026-05-10,A043,31,310.8,0.895,0.862,0.968,4.09
2026-07-22,A043,37,276.3,0.573,0.637,0.849,3.81
2026-02-26,A043,55,714.7,0.906,0.889,0.922,4.57
2026-07-05,A043,31,625.6,0.58,0.749,0.827,4.44
2026-02-18,A043,45,196.1,0.61,0.751,0.95,3.73
2026-05-16,A043,31,380.6,0.563,0.936,0.972,4.74
2026-03-24,A043,26,551.7,0.715,0.886,0.909,4.33
2026-07-21,A043,37,627.6,0.765,0.878,0.973,4.68
2026-05-09,A043,60,699.5,0.835,0.901,0.936,3.39
2026-06-13,A043,43,424.9,0.769,0.85,0.861,4.06
2026-03-22,A044,19,566.6,0.657,0.872,0.883,4.06
2026-07-11,A044,60,438.9,0.634,0.892,0.829,4.2
2026-05-26,A044,27,306.7,0.866,0.922,0.966,3.66
2026-01-26,A044,51,695.0,0.709,0.626,0.939,3.94
2026-04-22,A044,15,614.2,0.904,0.688,0.891,4.72
2026-03-25,A044,49,366.2,0.787,0.675,0.951,3.9
2026-03-13,A044,53,443.7,0.645,0.687,0.915,3.49
2026-01-30,A044,52,655.8,0.871,0.771,0.9,3.91
2026-02-09,A044,31,332.7,0.715,0.905,0.864,4.55
2026-03-09,A044,55,239.2,0.726,0.922,0.957,4.65
2026-02-25,A044,47,376.7,0.608,0.724,0.882,4.5
2026-04-12,A044,22,390.1,0.796,0.8,0.841,4.77
2026-03-07,A044,32,339.3,0.585,0.865,0.954,4.78
2026-02-11,A044,35,270.4,0.826,0.805,0.884,3.68
2026-05-01,A044,17,421.0,0.692,0.888,0.811,3.61
2026-03-04,A044,53,389.9,0.584,0.62,0.948,3.55
2026-03-08,A044,26,238.7,0.918,0.645,0.846,4.75
2026-04-09,A044,44,391.9,0.794,0.93,0.922,4.17
2026-04-25,A044,47,203.7,0.748,0.77,0.883,4.65
2026-02-24,A044,52,251.1,0.701,0.631,0.887,4.03
2026-06-21,A044,24,602.0,0.897,0.669,0.837,3.53
2026-06-08,A044,16,582.7,0.897,0.929,0.887,3.96
2026-02-13,A044,47,474.5,0.819,0.829,0.83,4.55
2026-07-15,A044,44,430.4,0.906,0.651,0.975,4.12
2026-03-05,A044,30,572.3,0.654,0.876,0.916,4.33
2026-06-11,A044,60,184.5,0.821,0.812,0.87,3.24
2026-05-21,A044,44,415.5,0.721,0.697,0.958,4.2
2026-04-30,A044,20,627.5,0.792,0.943,0.883,4.6
2026-06-19,A044,21,548.6,0.83,0.66,0.912,3.53
2026-05-07,A044,38,645.0,0.722,0.909,0.948,4.28
2026-02-07,A044,18,422.1,0.719,0.914,0.984,4.59
2026-04-21,A044,50,665.3,0.83,0.651,0.939,4.04
2026-03-11,A044,52,506.9,0.563,0.602,0.988,3.23
2026-02-03,A044,21,656.6,0.759,0.911,0.956,3.58
2026-05-31,A044,35,254.2,0.832,0.851,0.931,4.04
2026-07-22,A044,57,515.3,0.763,0.851,0.892,4.0
2026-07-10,A044,15,355.3,0.7,0.846,0.903,3.98
2026-07-05,A044,45,398.4,0.862,0.701,0.866,4.19
2026-02-18,A044,52,285.4,0.908,0.794,0.955,3.76
2026-05-24,A044,33,372.4,0.629,0.688,0.816,4.5
2026-05-16,A044,19,481.0,0.732,0.791,0.963,3.28
2026-03-24,A044,55,287.3,0.805,0.872,0.965,4.5
2026-07-21,A044,25,235.8,0.805,0.747,0.915,4.27
2026-05-09,A044,47,641.2,0.559,0.8,0.888,3.51
2026-03-22,A045,49,402.9,0.897,0.896,0.828,4.2
2026-04-03,A045,31,457.1,0.861,0.637,0.848,3.62
2026-07-11,A045,50,325.4,0.604,0.677,0.955,4.35
2026-05-26,A045,26,331.1,0.917,0.922,0.978,4.6
2026-07-07,A045,29,713.0,0.805,0.693,0.873,4.18
2026-05-27,A045,24,262.5,0.824,0.604,0.831,3.61
2026-04-22,A045,17,530.7,0.887,0.642,0.989,3.39
2026-03-13,A045,46,424.3,0.641,0.722,0.917,4.21
2026-03-10,A045,55,196.8,0.573,0.758,0.906,4.64
2026-02-09,A045,19,439.3,0.585,0.669,0.873,4.59
2026-02-25,A045,52,233.9,0.81,0.945,0.935,4.66
2026-02-10,A045,16,267.7,0.846,0.788,0.949,4.5
2026-04-12,A045,53,310.0,0.81,0.93,0.836,4.68
2026-03-07,A045,29,466.8,0.698,0.755,0.871,4.16
2026-06-15,A045,49,339.9,0.891,0.782,0.903,3.87
2026-05-01,A045,49,267.2,0.818,0.937,0.956,4.4
2026-03-04,A045,44,552.1,0.79,0.72,0.952,3.5
2026-03-08,A045,55,375.4,0.877,0.648,0.909,3.85
2026-04-25,A045,48,626.5,0.877,0.927,0.937,4.06
2026-03-27,A045,38,476.5,0.723,0.774,0.918,3.26
2026-06-21,A045,25,182.6,0.869,0.807,0.835,4.39
2026-06-08,A045,45,568.1,0.674,0.891,0.849,3.75
2026-02-13,A045,60,525.2,0.676,0.687,0.883,4.07
2026-03-05,A045,36,489.4,0.892,0.678,0.833,4.67
2026-06-11,A045,49,618.7,0.753,0.717,0.833,4.35
2026-03-14,A045,27,401.4,0.664,0.687,0.818,4.31
2026-05-21,A045,19,653.2,0.615,0.608,0.924,4.25
2026-04-30,A045,15,348.4,0.862,0.921,0.803,4.21
2026-06-19,A045,35,365.8,0.774,0.769,0.832,3.68
2026-05-07,A045,49,442.7,0.732,0.611,0.932,4.32
2026-02-03,A045,42,227.3,0.766,0.903,0.916,4.31
2026-05-10,A045,54,673.6,0.682,0.71,0.981,4.62
2026-05-31,A045,45,228.9,0.694,0.674,0.848,4.16
2026-02-26,A045,36,541.3,0.764,0.657,0.91,3.89
2026-07-10,A045,50,294.1,0.572,0.918,0.888,4.59
2026-07-05,A045,40,198.6,0.612,0.725,0.902,3.94
2026-02-18,A045,32,477.6,0.79,0.768,0.942,3.28
2026-05-24,A045,30,297.0,0.569,0.857,0.935,4.68
2026-05-16,A045,17,233.2,0.674,0.693,0.941,4.02
2026-07-21,A045,23,448.0,0.861,0.877,0.96,3.65
2026-05-09,A045,33,492.5,0.709,0.862,0.855,3.37
2026-06-13,A045,25,216.3,0.766,0.872,0.899,4.49
2026-03-31,A045,27,447.2,0.726,0.76,0.853,4.07
2026-04-03,A046,22,388.0,0.835,0.642,0.91,4.3
2026-07-11,A046,38,282.0,0.619,0.82,0.805,4.04
2026-06-29,A046,51,269.3,0.707,0.869,0.909,3.72
2026-05-26,A046,22,562.0,0.899,0.773,0.8,4.51
2026-07-07,A046,51,355.6,0.559,0.942,0.847,3.3
2026-04-05,A046,57,335.4,0.807,0.843,0.891,4.21
2026-01-26,A046,49,541.5,0.672,0.916,0.873,4.6
2026-04-22,A046,15,600.0,0.622,0.777,0.817,3.88
2026-03-25,A046,35,647.8,0.613,0.701,0.951,4.17
2026-03-13,A046,22,567.7,0.634,0.847,0.894,3.8
2026-03-10,A046,51,452.6,0.674,0.716,0.97,4.22
2026-01-30,A046,27,375.4,0.801,0.923,0.845,3.43
2026-02-09,A046,56,285.3,0.6,0.901,0.811,3.87
2026-03-09,A046,29,476.8,0.684,0.771,0.941,4.74
2026-02-25,A046,52,673.4,0.88,0.896,0.894,4.78
2026-02-10,A046,30,665.3,0.645,0.836,0.862,3.58
2026-03-07,A046,40,321.8,0.797,0.681,0.954,3.38
2026-02-11,A046,34,348.1,0.82,0.779,0.868,4.22
2026-06-15,A046,57,506.1,0.551,0.66,0.827,4.37
2026-03-04,A046,44,663.0,0.683,0.707,0.872,3.85
2026-04-09,A046,50,524.3,0.793,0.63,0.865,4.06
2026-04-25,A046,40,717.8,0.589,0.885,0.989,3.72
2026-02-24,A046,60,411.5,0.625,0.901,0.881,3.65
2026-06-21,A046,18,208.4,0.739,0.805,0.816,4.1
2026-06-08,A046,40,623.6,0.687,0.782,0.821,4.12
2026-07-15,A046,23,495.0,0.678,0.64,0.834,4.59
2026-03-05,A046,19,530.6,0.87,0.755,0.818,4.57
2026-06-11,A046,34,583.8,0.898,0.901,0.813,3.69
2026-05-21,A046,51,220.9,0.619,0.915,0.873,4.08
2026-04-30,A046,20,468.8,0.655,0.772,0.981,4.13
2026-06-19,A046,53,345.7,0.681,0.911,0.847,4.27
2026-04-21,A046,41,646.0,0.566,0.669,0.831,4.75
2026-03-11,A046,51,406.1,0.889,0.705,0.958,3.35
2026-02-03,A046,30,615.8,0.662,0.866,0.967,3.92
2026-05-10,A046,31,367.5,0.643,0.709,0.899,4.71
2026-07-22,A046,19,192.1,0.853,0.819,0.877,3.55
2026-02-26,A046,46,669.6,0.804,0.715,0.945,4.03
2026-07-05,A046,19,195.4,0.665,0.601,0.817,4.21
2026-02-18,A046,21,647.5,0.587,0.848,0.858,4.33
2026-03-24,A046,57,530.0,0.723,0.885,0.91,4.39
2026-07-21,A046,47,410.4,0.904,0.901,0.869,4.3
2026-05-09,A046,32,299.6,0.802,0.872,0.964,4.45
2026-03-31,A046,58,290.8,0.62,0.747,0.868,4.34
2026-03-22,A047,51,271.0,0.589,0.622,0.835,4.31
2026-04-03,A047,53,212.0,0.906,0.644,0.872,4.15
2026-07-07,A047,58,200.0,0.671,0.779,0.95,4.32
2026-04-05,A047,58,445.5,0.615,0.764,0.878,4.52
2026-05-27,A047,56,406.2,0.577,0.777,0.843,4.79
2026-01-26,A047,21,212.9,0.913,0.663,0.825,4.6
2026-04-22,A047,56,581.4,0.573,0.611,0.852,3.58
2026-07-09,A047,41,439.0,0.781,0.883,0.871,4.23
2026-03-13,A047,41,583.7,0.702,0.887,0.883,3.31
2026-03-10,A047,27,296.7,0.698,0.761,0.978,3.93
2026-02-09,A047,42,674.9,0.607,0.906,0.952,3.75
2026-02-25,A047,50,604.8,0.864,0.696,0.892,3.78
2026-02-10,A047,45,578.4,0.723,0.936,0.87,4.56
2026-03-07,A047,30,347.7,0.765,0.804,0.918,4.29
2026-02-11,A047,60,294.7,0.618,0.761,0.892,3.27
2026-06-15,A047,15,459.6,0.582,0.879,0.889,3.44
2026-01-28,A047,25,331.9,0.914,0.903,0.922,4.48
2026-04-09,A047,50,694.0,0.846,0.7,0.812,4.32
2026-04-25,A047,59,386.2,0.597,0.868,0.874,3.38
2026-02-24,A047,21,555.2,0.794,0.809,0.985,3.9
2026-06-08,A047,49,515.6,0.706,0.725,0.921,3.52
2026-02-13,A047,24,629.2,0.622,0.726,0.926,3.61
2026-07-15,A047,60,495.5,0.835,0.865,0.955,4.29
2026-03-05,A047,34,278.9,0.749,0.796,0.902,3.32
2026-06-11,A047,47,425.9,0.637,0.893,0.898,4.34
2026-03-14,A047,15,540.2,0.741,0.704,0.81,4.42
2026-05-21,A047,47,217.4,0.766,0.781,0.875,4.32
2026-04-30,A047,27,288.3,0.738,0.7,0.864,3.99
2026-06-19,A047,42,586.1,0.716,0.692,0.966,4.1
2026-05-07,A047,22,556.9,0.556,0.704,0.953,4.79
2026-03-11,A047,53,198.5,0.67,0.717,0.92,3.46
2026-02-03,A047,27,263.2,0.782,0.712,0.832,3.78
2026-05-10,A047,49,715.3,0.801,0.836,0.889,4.41
2026-05-31,A047,36,363.9,0.623,0.662,0.91,4.19
2026-07-10,A047,51,632.6,0.763,0.869,0.841,3.38
2026-07-05,A047,49,594.9,0.847,0.711,0.863,3.28
2026-05-24,A047,37,645.6,0.861,0.822,0.899,3.77
2026-05-16,A047,56,539.1,0.732,0.612,0.863,3.93
2026-07-21,A047,20,183.7,0.818,0.887,0.869,4.3
2026-05-09,A047,33,415.7,0.663,0.756,0.927,4.01
2026-03-31,A047,49,645.4,0.714,0.862,0.975,3.52
2026-03-22,A048,50,285.1,0.811,0.899,0.917,4.39
2026-04-03,A048,43,285.7,0.657,0.696,0.912,4.48
2026-07-11,A048,50,241.8,0.876,0.87,0.951,4.48
2026-06-29,A048,39,202.6,0.603,0.91,0.962,4.23
2026-07-07,A048,18,252.6,0.612,0.735,0.856,3.35
2026-04-05,A048,43,495.2,0.852,0.897,0.832,3.37
2026-01-26,A048,55,484.7,0.871,0.922,0.849,4.31
2026-04-22,A048,50,642.5,0.621,0.832,0.804,4.59
2026-03-25,A048,57,668.8,0.91,0.614,0.914,3.33
2026-07-09,A048,28,313.3,0.873,0.652,0.821,3.29
2026-02-25,A048,28,479.7,0.62,0.712,0.979,4.63
2026-02-10,A048,31,222.6,0.787,0.621,0.963,4.19
2026-04-12,A048,23,307.1,0.62,0.903,0.953,3.5
2026-02-11,A048,39,371.6,0.604,0.87,0.9,4.31
2026-06-15,A048,27,672.0,0.731,0.798,0.916,3.92
2026-01-28,A048,53,591.4,0.7,0.902,0.972,4.27
2026-03-04,A048,30,208.9,0.695,0.868,0.976,3.4
2026-03-08,A048,58,536.3,0.716,0.61,0.979,4.53
2026-04-09,A048,55,409.9,0.755,0.762,0.931,4.1
2026-02-24,A048,24,243.4,0.875,0.757,0.819,3.77
2026-06-21,A048,50,525.9,0.572,0.923,0.981,3.52
2026-06-08,A048,46,439.0,0.812,0.669,0.851,3.25
2026-02-13,A048,45,394.8,0.87,0.867,0.821,3.28
2026-07-15,A048,40,423.6,0.687,0.947,0.949,4.17
2026-03-05,A048,29,306.2,0.832,0.918,0.945,3.91
2026-06-11,A048,48,431.2,0.714,0.935,0.978,3.36
2026-05-21,A048,18,230.4,0.793,0.754,0.907,3.53
2026-04-30,A048,16,248.5,0.867,0.846,0.929,3.29
2026-06-19,A048,35,262.7,0.847,0.713,0.916,3.88
2026-02-07,A048,38,570.8,0.735,0.646,0.817,4.06
2026-04-21,A048,60,525.5,0.571,0.661,0.829,3.89
2026-03-11,A048,34,469.6,0.754,0.812,0.92,3.88
2026-02-03,A048,20,407.1,0.915,0.919,0.808,4.2
2026-07-10,A048,46,467.1,0.75,0.614,0.928,3.73
2026-07-05,A048,49,234.9,0.647,0.688,0.87,3.22
2026-02-18,A048,37,510.1,0.555,0.72,0.819,3.75
2026-05-24,A048,39,472.7,0.875,0.918,0.897,4.74
2026-07-21,A048,45,567.4,0.905,0.791,0.895,4.72
2026-06-13,A048,15,552.4,0.766,0.667,0.851,3.85
2026-03-31,A048,38,396.2,0.876,0.632,0.823,4.56
2026-03-22,A049,28,343.0,0.72,0.604,0.922,3.38
2026-04-03,A049,22,355.9,0.891,0.735,0.834,4.61
2026-05-26,A049,37,434.1,0.761,0.798,0.948,3.55
2026-07-07,A049,25,396.8,0.835,0.648,0.828,4.1
2026-04-05,A049,42,288.1,0.876,0.743,0.984,3.39
2026-04-22,A049,24,285.7,0.892,0.617,0.899,4.2
2026-03-25,A049,27,664.0,0.678,0.808,0.896,4.21
2026-07-09,A049,21,344.3,0.583,0.908,0.897,4.51
2026-01-30,A049,42,399.3,0.595,0.914,0.945,3.5
2026-02-09,A049,51,621.9,0.74,0.618,0.948,4.16
2026-03-09,A049,49,680.0,0.724,0.681,0.831,3.41
2026-02-25,A049,47,392.6,0.74,0.774,0.894,3.52
2026-02-10,A049,21,279.0,0.552,0.937,0.965,3.47
2026-04-12,A049,29,454.1,0.728,0.756,0.801,3.99
2026-03-07,A049,34,373.7,0.6,0.841,0.818,4.3
2026-02-11,A049,31,364.6,0.656,0.699,0.84,4.53
2026-06-15,A049,36,608.7,0.705,0.623,0.865,4.26
2026-05-01,A049,38,539.2,0.844,0.651,0.928,4.78
2026-03-04,A049,34,657.5,0.865,0.813,0.983,4.28
2026-03-08,A049,25,620.4,0.908,0.837,0.977,3.6
2026-04-09,A049,54,334.7,0.679,0.844,0.982,4.78
2026-04-25,A049,42,652.0,0.77,0.724,0.965,3.93
2026-03-27,A049,34,646.9,0.628,0.624,0.867,3.56
2026-02-24,A049,19,503.6,0.648,0.744,0.941,4.1
2026-06-08,A049,29,635.6,0.564,0.636,0.832,3.51
2026-07-15,A049,52,262.0,0.794,0.72,0.95,4.76
2026-06-11,A049,49,481.9,0.719,0.913,0.915,4.46
2026-03-14,A049,38,630.6,0.912,0.626,0.847,3.99
2026-05-21,A049,38,585.0,0.869,0.73,0.945,3.56
2026-04-30,A049,29,229.9,0.576,0.872,0.82,3.6
2026-06-19,A049,24,304.2,0.632,0.726,0.859,3.41
2026-05-07,A049,41,515.0,0.636,0.785,0.975,4.78
2026-02-07,A049,44,609.9,0.732,0.686,0.878,4.25
2026-04-21,A049,19,303.0,0.851,0.77,0.854,4.73
2026-03-11,A049,48,308.3,0.751,0.615,0.814,3.44
2026-02-03,A049,60,645.5,0.719,0.746,0.828,3.21
2026-05-10,A049,26,451.1,0.73,0.842,0.937,3.82
2026-05-31,A049,23,410.2,0.89,0.616,0.848,4.61
2026-07-22,A049,52,236.8,0.751,0.861,0.934,3.62
2026-07-10,A049,41,488.9,0.558,0.802,0.88,3.57
2026-07-05,A049,35,282.9,0.909,0.697,0.848,4.01
2026-05-24,A049,17,659.0,0.893,0.608,0.965,4.61
2026-03-24,A049,43,564.8,0.844,0.901,0.979,4.39
2026-05-09,A049,51,392.2,0.649,0.622,0.897,4.59
2026-06-13,A049,50,691.7,0.572,0.865,0.925,4.09
2026-03-31,A049,44,481.2,0.801,0.885,0.874,3.54
2026-03-22,A050,38,668.3,0.562,0.907,0.838,3.95
2026-04-03,A050,25,373.3,0.875,0.787,0.886,4.61
2026-07-11,A050,38,337.8,0.843,0.841,0.95,3.78
2026-06-29,A050,60,193.5,0.655,0.932,0.807,4.04
2026-07-07,A050,52,684.0,0.811,0.679,0.927,4.23
2026-01-26,A050,18,338.1,0.602,0.658,0.936,4.27
2026-04-22,A050,55,421.7,0.678,0.693,0.963,4.35
2026-07-09,A050,34,568.8,0.597,0.867,0.826,4.68
2026-03-13,A050,15,568.9,0.897,0.932,0.977,4.38
2026-03-10,A050,25,635.3,0.893,0.705,0.916,4.4
2026-02-09,A050,27,448.6,0.775,0.647,0.929,4.06
2026-03-09,A050,21,282.5,0.687,0.612,0.967,4.27
2026-02-25,A050,58,533.7,0.772,0.764,0.989,3.94
2026-02-10,A050,51,388.8,0.707,0.713,0.987,4.7
2026-04-12,A050,35,245.4,0.607,0.696,0.929,3.96
2026-03-07,A050,26,193.7,0.862,0.773,0.922,3.29
2026-02-11,A050,42,574.1,0.705,0.659,0.844,4.54
2026-05-01,A050,47,394.3,0.62,0.941,0.836,3.66
2026-03-04,A050,25,608.7,0.738,0.624,0.87,3.52
2026-03-08,A050,48,498.1,0.722,0.642,0.877,4.08
2026-04-09,A050,23,312.3,0.646,0.947,0.876,3.58
2026-04-25,A050,56,385.9,0.721,0.912,0.928,4.11
2026-03-27,A050,29,584.1,0.763,0.947,0.884,4.35
2026-02-24,A050,17,288.6,0.768,0.714,0.922,4.75
2026-07-15,A050,44,264.0,0.702,0.601,0.897,4.32
2026-03-05,A050,56,306.6,0.652,0.881,0.913,4.36
2026-06-11,A050,53,442.3,0.628,0.763,0.962,4.66
2026-03-14,A050,41,391.7,0.557,0.613,0.955,3.81
2026-05-21,A050,34,477.9,0.741,0.72,0.955,4.66
2026-04-30,A050,34,438.3,0.82,0.945,0.862,4.02
2026-05-07,A050,53,690.5,0.704,0.754,0.823,4.15
2026-02-07,A050,19,547.5,0.733,0.65,0.811,3.94
2026-04-21,A050,17,454.2,0.795,0.873,0.946,3.63
2026-03-11,A050,34,398.0,0.766,0.678,0.818,3.68
2026-02-03,A050,54,281.1,0.843,0.813,0.832,3.97
2026-05-10,A050,30,278.3,0.838,0.894,0.977,3.89
2026-05-31,A050,19,472.6,0.581,0.72,0.941,4.15
2026-07-22,A050,48,506.7,0.768,0.759,0.801,4.06
2026-07-10,A050,23,573.2,0.649,0.656,0.959,4.75
2026-07-05,A050,32,636.5,0.828,0.602,0.87,3.41
2026-02-18,A050,48,535.2,0.762,0.913,0.9,3.67
2026-05-16,A050,40,664.9,0.605,0.84,0.826,4.73
2026-03-24,A050,20,500.2,0.582,0.611,0.971,4.42
2026-07-21,A050,19,354.8,0.626,0.901,0.966,4.66
2026-05-09,A050,54,328.1,0.866,0.839,0.895,4.61
2026-03-31,A050,18,717.3,0.574,0.781,0.87,4.19
2026-03-22,A051,33,641.2,0.794,0.883,0.929,3.43
2026-07-11,A051,60,261.7,0.871,0.683,0.8,4.16
2026-06-29,A051,19,683.5,0.731,0.775,0.97,3.32
2026-05-26,A051,18,456.1,0.629,0.727,0.9,4.54
2026-07-07,A051,32,533.9,0.739,0.715,0.915,4.78
2026-04-05,A051,40,284.5,0.859,0.626,0.976,4.42
2026-05-27,A051,53,659.4,0.579,0.871,0.861,4.56
2026-01-26,A051,33,472.0,0.844,0.732,0.865,3.44
2026-04-22,A051,15,431.3,0.667,0.694,0.888,3.5
2026-07-09,A051,42,621.4,0.642,0.653,0.981,3.74
2026-03-13,A051,33,439.1,0.792,0.837,0.929,4.15
2026-01-30,A051,49,711.3,0.867,0.841,0.887,4.61
2026-02-09,A051,18,576.4,0.572,0.762,0.858,3.77
2026-02-25,A051,54,359.1,0.577,0.624,0.957,3.6
2026-02-10,A051,57,610.0,0.879,0.853,0.986,4.7
2026-04-12,A051,58,217.8,0.906,0.7,0.873,4.05
2026-03-07,A051,53,608.5,0.865,0.876,0.942,4.25
2026-02-11,A051,25,500.4,0.665,0.693,0.953,4.66
2026-06-15,A051,40,496.9,0.709,0.701,0.989,4.68
2026-05-01,A051,41,386.4,0.746,0.916,0.898,4.18
2026-01-28,A051,50,496.5,0.84,0.847,0.811,3.79
2026-04-25,A051,30,577.1,0.909,0.653,0.864,3.7
2026-03-27,A051,40,493.8,0.598,0.861,0.855,3.6
2026-06-21,A051,15,684.0,0.719,0.685,0.851,3.62
2026-06-08,A051,57,716.3,0.64,0.907,0.939,4.15
2026-02-13,A051,46,260.9,0.791,0.706,0.962,3.23
2026-07-15,A051,22,406.4,0.87,0.671,0.963,3.75
2026-03-05,A051,32,635.9,0.76,0.664,0.876,4.3
2026-06-11,A051,49,650.3,0.804,0.886,0.807,3.37
2026-03-14,A051,18,358.2,0.915,0.836,0.85,3.34
2026-05-21,A051,49,325.4,0.879,0.925,0.921,3.53
2026-02-07,A051,22,239.3,0.759,0.758,0.842,4.12
2026-04-21,A051,46,582.3,0.857,0.698,0.913,4.4
2026-03-11,A051,25,308.1,0.8,0.788,0.972,4.46
2026-02-03,A051,45,499.3,0.576,0.778,0.901,4.69
2026-05-31,A051,57,627.6,0.724,0.792,0.871,3.49
2026-02-26,A051,38,254.8,0.597,0.651,0.852,4.27
2026-07-10,A051,38,711.0,0.554,0.795,0.948,3.93
2026-02-18,A051,47,183.1,0.893,0.661,0.898,4.38
2026-05-24,A051,27,579.3,0.751,0.717,0.966,4.24
2026-05-16,A051,32,483.3,0.569,0.822,0.902,3.77
2026-03-24,A051,37,456.9,0.696,0.874,0.842,4.02
2026-07-21,A051,41,282.5,0.707,0.934,0.943,4.79
2026-05-09,A051,51,671.9,0.639,0.688,0.887,4.01
2026-06-13,A051,18,320.7,0.649,0.85,0.844,4.0
2026-03-31,A051,53,531.8,0.782,0.936,0.939,3.68
2026-03-22,A052,19,191.3,0.831,0.78,0.973,3.3
2026-04-03,A052,58,305.5,0.775,0.85,0.842,4.04
2026-07-11,A052,28,314.7,0.692,0.75,0.975,3.82
2026-06-29,A052,47,471.8,0.868,0.749,0.956,4.39
2026-05-26,A052,60,309.2,0.911,0.647,0.974,4.24
2026-07-07,A052,60,337.7,0.707,0.763,0.935,3.53
2026-04-05,A052,42,645.6,0.623,0.852,0.925,3.87
2026-05-27,A052,34,402.9,0.575,0.929,0.916,3.93
2026-01-26,A052,46,274.0,0.814,0.801,0.934,4.17
2026-04-22,A052,47,368.4,0.628,0.787,0.876,4.32
2026-07-09,A052,37,539.4,0.622,0.861,0.913,3.89
2026-03-13,A052,24,700.6,0.696,0.633,0.964,3.57
2026-03-10,A052,33,458.0,0.653,0.619,0.825,3.93
2026-01-30,A052,47,250.3,0.879,0.691,0.896,4.77
2026-02-09,A052,21,538.2,0.82,0.723,0.906,3.49
2026-03-09,A052,37,614.8,0.849,0.657,0.955,4.67
2026-02-25,A052,23,474.7,0.682,0.846,0.856,3.81
2026-02-10,A052,56,530.2,0.672,0.759,0.897,3.96
2026-02-11,A052,25,682.5,0.717,0.815,0.832,4.66
2026-06-15,A052,50,644.5,0.846,0.906,0.836,4.0
2026-05-01,A052,21,357.8,0.728,0.946,0.824,3.44
2026-01-28,A052,38,450.2,0.703,0.854,0.817,3.87
2026-03-04,A052,35,349.9,0.841,0.716,0.876,3.67
2026-03-08,A052,58,196.2,0.636,0.634,0.896,3.25
2026-04-25,A052,52,622.9,0.712,0.64,0.917,4.46
2026-03-27,A052,55,580.0,0.616,0.63,0.919,3.68
2026-02-24,A052,47,554.8,0.744,0.901,0.915,4.05
2026-06-21,A052,55,437.0,0.871,0.754,0.85,3.38
2026-02-13,A052,18,302.4,0.615,0.735,0.92,3.8
2026-03-05,A052,40,706.6,0.664,0.931,0.819,4.2
2026-06-11,A052,33,536.4,0.65,0.609,0.879,3.23
2026-03-14,A052,33,290.5,0.865,0.65,0.907,4.08
2026-06-19,A052,47,494.0,0.677,0.737,0.879,3.29
2026-05-07,A052,29,708.6,0.773,0.835,0.98,3.74
2026-02-07,A052,53,422.0,0.811,0.923,0.93,3.77
2026-04-21,A052,38,417.0,0.552,0.621,0.952,3.86
2026-02-03,A052,20,697.4,0.655,0.703,0.927,4.38
2026-05-31,A052,56,365.8,0.774,0.613,0.934,3.38
2026-07-22,A052,16,247.1,0.901,0.744,0.955,3.36
2026-02-26,A052,19,266.6,0.865,0.86,0.848,3.55
2026-07-05,A052,40,643.1,0.75,0.744,0.895,4.57
2026-02-18,A052,50,523.7,0.907,0.886,0.875,4.32
2026-05-24,A052,34,378.3,0.705,0.651,0.846,4.64
2026-05-16,A052,24,489.3,0.879,0.795,0.89,4.05
2026-03-24,A052,21,493.2,0.879,0.882,0.93,4.49
2026-07-21,A052,43,195.2,0.85,0.672,0.93,3.6
2026-05-09,A052,21,276.9,0.846,0.8,0.852,4.14
2026-03-31,A052,29,535.3,0.667,0.923,0.832,3.46
2026-03-22,A053,19,453.8,0.799,0.756,0.868,3.97
2026-05-26,A053,32,398.1,0.746,0.632,0.849,3.48
2026-07-07,A053,50,265.0,0.761,0.905,0.917,4.54
2026-04-05,A053,42,371.5,0.588,0.666,0.864,4.02
2026-05-27,A053,34,445.1,0.613,0.802,0.911,4.49
2026-01-26,A053,21,524.1,0.765,0.687,0.898,4.2
2026-07-09,A053,35,688.2,0.785,0.839,0.957,3.82
2026-03-10,A053,54,293.9,0.637,0.919,0.834,3.55
2026-01-30,A053,60,187.2,0.908,0.64,0.99,3.44
2026-02-09,A053,32,236.8,0.811,0.679,0.897,4.68
2026-02-25,A053,28,534.0,0.617,0.721,0.971,4.73
2026-02-10,A053,17,663.9,0.552,0.772,0.956,3.69
2026-04-12,A053,40,714.4,0.81,0.777,0.919,3.6
2026-03-07,A053,58,531.0,0.676,0.924,0.885,3.4
2026-05-01,A053,49,701.8,0.766,0.646,0.896,3.75
2026-01-28,A053,45,538.1,0.749,0.758,0.959,4.79
2026-03-04,A053,41,383.7,0.781,0.738,0.864,4.25
2026-04-09,A053,48,224.5,0.672,0.74,0.894,3.27
2026-04-25,A053,20,535.0,0.732,0.839,0.921,3.32
2026-02-24,A053,49,645.8,0.571,0.724,0.99,3.27
2026-02-13,A053,25,601.0,0.595,0.618,0.979,4.12
2026-07-15,A053,25,535.4,0.827,0.847,0.915,3.51
2026-03-05,A053,42,663.1,0.619,0.674,0.97,4.13
2026-06-11,A053,36,467.9,0.566,0.865,0.986,3.72
2026-03-14,A053,20,703.3,0.65,0.77,0.873,3.95
2026-04-30,A053,18,462.0,0.607,0.751,0.861,3.99
2026-06-19,A053,41,680.8,0.781,0.767,0.962,3.64
2026-03-11,A053,40,633.4,0.826,0.856,0.963,3.87
2026-02-03,A053,29,242.9,0.644,0.722,0.844,4.5
2026-05-10,A053,48,213.6,0.901,0.919,0.81,4.47
2026-05-31,A053,53,510.7,0.611,0.745,0.808,4.3
2026-07-22,A053,58,694.4,0.775,0.82,0.93,4.11
2026-02-26,A053,34,632.0,0.877,0.682,0.853,3.37
2026-07-10,A053,30,458.7,0.762,0.694,0.915,3.3
2026-07-05,A053,19,507.7,0.554,0.721,0.857,3.45
2026-02-18,A053,36,365.3,0.607,0.811,0.821,4.46
2026-07-21,A053,48,299.7,0.909,0.682,0.927,4.11
2026-06-13,A053,49,478.2,0.55,0.934,0.98,3.31
2026-03-31,A053,60,426.6,0.617,0.929,0.867,4.61
2026-03-22,A054,51,483.4,0.69,0.933,0.973,4.48
2026-04-03,A054,55,291.1,0.632,0.626,0.928,3.8
2026-07-11,A054,48,386.2,0.734,0.882,0.966,3.65
2026-06-29,A054,58,600.5,0.66,0.834,0.846,3.49
2026-05-26,A054,15,664.1,0.618,0.742,0.901,4.17
2026-07-07,A054,28,281.8,0.836,0.749,0.803,4.05
2026-04-05,A054,28,408.4,0.833,0.681,0.949,4.1
2026-05-27,A054,47,281.2,0.619,0.606,0.941,4.74
2026-01-26,A054,54,338.5,0.804,0.67,0.912,4.61
2026-04-22,A054,57,281.4,0.854,0.889,0.971,4.75
2026-03-25,A054,42,266.6,0.768,0.713,0.964,4.11
2026-07-09,A054,33,411.4,0.875,0.897,0.83,4.64
2026-03-13,A054,40,399.0,0.673,0.636,0.869,3.79
2026-03-10,A054,28,492.7,0.679,0.604,0.809,3.65
2026-01-30,A054,31,555.5,0.808,0.815,0.854,3.68
2026-02-25,A054,59,680.6,0.872,0.638,0.913,4.77
2026-02-10,A054,34,184.4,0.665,0.94,0.927,3.88
2026-04-12,A054,24,210.3,0.799,0.639,0.944,4.29
2026-03-07,A054,58,677.8,0.551,0.921,0.895,4.67
2026-02-11,A054,24,256.1,0.628,0.924,0.811,3.69
2026-06-15,A054,32,402.5,0.656,0.702,0.881,4.15
2026-05-01,A054,17,652.6,0.889,0.622,0.877,3.32
2026-01-28,A054,46,313.0,0.834,0.907,0.99,3.56
2026-03-04,A054,44,194.6,0.805,0.943,0.983,3.51
2026-03-08,A054,23,219.8,0.659,0.817,0.962,4.41
2026-02-24,A054,17,460.4,0.786,0.767,0.818,3.93
2026-02-13,A054,32,591.0,0.744,0.808,0.834,4.34
2026-07-15,A054,19,404.9,0.582,0.634,0.865,4.78
2026-03-05,A054,22,623.6,0.59,0.841,0.81,3.35
2026-06-11,A054,36,199.3,0.72,0.645,0.927,3.72
2026-03-14,A054,54,650.5,0.81,0.713,0.925,4.06
2026-05-21,A054,56,700.3,0.556,0.734,0.85,4.31
2026-04-30,A054,42,680.3,0.881,0.93,0.871,3.43
2026-05-07,A054,55,470.9,0.653,0.728,0.922,3.84
2026-02-07,A054,18,562.5,0.876,0.711,0.82,3.6
2026-04-21,A054,53,227.5,0.845,0.918,0.903,4.13
2026-03-11,A054,45,700.2,0.863,0.828,0.948,4.5
2026-02-03,A054,57,291.4,0.756,0.738,0.981,3.91
2026-05-10,A054,59,443.4,0.831,0.943,0.914,4.15
2026-07-05,A054,30,519.7,0.823,0.907,0.827,3.88
2026-02-18,A054,22,272.4,0.669,0.777,0.876,4.0
2026-05-24,A054,22,470.3,0.805,0.734,0.936,3.4
2026-05-16,A054,37,275.5,0.741,0.947,0.937,3.94
2026-03-24,A054,22,415.9,0.779,0.799,0.865,4.52
2026-07-21,A054,19,486.4,0.689,0.683,0.951,4.57
2026-05-09,A054,38,208.2,0.752,0.602,0.823,3.79
2026-06-13,A054,31,696.8,0.75,0.902,0.968,3.31
2026-03-31,A054,36,473.6,0.62,0.636,0.947,4.16
2026-03-22,A055,42,692.5,0.818,0.637,0.904,3.53
2026-04-03,A055,50,588.7,0.838,0.646,0.942,3.57
2026-07-11,A055,24,541.2,0.73,0.75,0.873,4.57
2026-06-29,A055,24,481.8,0.644,0.767,0.976,3.82
2026-05-26,A055,19,535.7,0.868,0.662,0.814,3.83
2026-07-07,A055,45,305.0,0.876,0.611,0.807,3.82
2026-04-05,A055,37,553.8,0.734,0.658,0.941,4.76
2026-05-27,A055,34,557.9,0.778,0.622,0.915,4.45
2026-01-26,A055,45,314.2,0.616,0.754,0.854,4.74
2026-04-22,A055,36,676.1,0.787,0.606,0.915,3.98
2026-03-25,A055,22,683.0,0.572,0.835,0.932,4.07
2026-03-13,A055,22,510.4,0.798,0.616,0.929,4.8
2026-03-10,A055,32,539.4,0.69,0.921,0.823,3.84
2026-01-30,A055,36,665.7,0.599,0.696,0.97,3.73
2026-02-09,A055,57,318.2,0.846,0.766,0.948,3.89
2026-03-09,A055,55,516.9,0.853,0.9,0.984,3.34
2026-02-10,A055,46,534.9,0.775,0.644,0.893,4.66
2026-04-12,A055,26,463.0,0.558,0.834,0.933,4.26
2026-03-07,A055,22,381.0,0.798,0.603,0.813,4.27
2026-02-11,A055,17,344.8,0.686,0.77,0.804,4.33
2026-06-15,A055,37,663.3,0.8,0.789,0.972,3.66
2026-05-01,A055,55,550.4,0.586,0.702,0.892,4.12
2026-01-28,A055,51,244.9,0.895,0.62,0.978,4.16
2026-03-04,A055,31,595.1,0.725,0.608,0.851,3.46
2026-03-08,A055,36,185.4,0.624,0.876,0.834,4.75
2026-03-27,A055,48,265.3,0.644,0.934,0.853,3.49
2026-02-24,A055,33,401.2,0.907,0.829,0.86,4.22
2026-06-21,A055,22,358.9,0.845,0.799,0.91,3.62
2026-07-15,A055,24,453.3,0.755,0.879,0.818,4.67
2026-06-11,A055,20,246.3,0.757,0.615,0.883,4.14
2026-03-14,A055,24,411.7,0.83,0.657,0.809,4.1
2026-05-21,A055,42,509.6,0.757,0.682,0.866,3.89
2026-06-19,A055,22,692.1,0.664,0.875,0.838,3.42
2026-02-07,A055,52,222.0,0.867,0.771,0.979,4.58
2026-04-21,A055,38,395.8,0.804,0.943,0.984,3.36
2026-03-11,A055,24,543.3,0.574,0.748,0.844,4.72
2026-02-03,A055,41,265.0,0.607,0.893,0.912,4.66
2026-05-10,A055,19,423.3,0.784,0.931,0.883,4.31
2026-05-31,A055,16,427.6,0.804,0.934,0.874,3.54
2026-07-22,A055,16,519.3,0.839,0.878,0.972,4.78
2026-02-18,A055,19,435.3,0.889,0.757,0.912,3.3
2026-05-16,A055,35,304.9,0.621,0.656,0.953,3.45
2026-03-24,A055,43,208.7,0.702,0.95,0.863,3.79
2026-07-21,A055,18,260.9,0.696,0.673,0.828,4.26
2026-05-09,A055,56,562.5,0.804,0.697,0.805,4.79
2026-06-13,A055,20,553.2,0.619,0.633,0.987,4.38
2026-03-31,A055,51,465.3,0.751,0.898,0.838,3.21
2026-07-11,A056,36,614.4,0.684,0.843,0.954,3.94
2026-05-26,A056,28,531.4,0.831,0.718,0.894,3.85
2026-07-07,A056,18,693.5,0.638,0.939,0.933,3.44
2026-04-05,A056,29,690.9,0.584,0.868,0.946,3.38
2026-01-26,A056,57,506.8,0.609,0.735,0.877,3.98
2026-04-22,A056,34,673.4,0.699,0.789,0.855,3.74
2026-03-13,A056,36,337.7,0.575,0.792,0.817,4.25
2026-03-10,A056,20,361.1,0.704,0.829,0.804,4.71
2026-01-30,A056,32,471.7,0.584,0.851,0.904,3.64
2026-02-09,A056,23,322.8,0.808,0.788,0.91,3.2
2026-02-25,A056,51,332.3,0.573,0.697,0.87,4.03
2026-02-10,A056,51,399.1,0.701,0.785,0.952,4.42
2026-04-12,A056,59,506.5,0.723,0.894,0.875,3.55
2026-02-11,A056,29,192.6,0.877,0.935,0.973,3.58
2026-06-15,A056,29,627.4,0.906,0.748,0.935,3.71
2026-03-04,A056,58,311.9,0.777,0.733,0.955,3.63
2026-04-09,A056,28,223.4,0.567,0.767,0.966,4.53
2026-04-25,A056,24,719.1,0.792,0.675,0.91,4.22
2026-03-27,A056,33,575.2,0.629,0.882,0.959,3.32
2026-06-21,A056,22,238.3,0.578,0.725,0.862,3.68
2026-06-08,A056,23,620.9,0.71,0.839,0.812,4.71
2026-02-13,A056,17,239.7,0.864,0.876,0.841,3.94
2026-07-15,A056,18,508.9,0.746,0.801,0.81,4.08
2026-03-05,A056,28,354.8,0.749,0.671,0.814,4.35
2026-06-11,A056,57,433.3,0.787,0.878,0.857,4.71
2026-05-21,A056,52,362.5,0.828,0.769,0.806,4.26
2026-06-19,A056,57,248.1,0.839,0.895,0.802,3.48
2026-05-07,A056,60,417.1,0.791,0.698,0.912,4.07
2026-02-07,A056,33,524.4,0.834,0.617,0.929,4.37
2026-03-11,A056,32,553.1,0.896,0.866,0.917,3.71
2026-02-03,A056,45,321.3,0.85,0.736,0.925,3.4
2026-05-10,A056,41,635.9,0.815,0.836,0.928,4.57
2026-05-31,A056,54,481.8,0.601,0.907,0.815,4.58
2026-07-22,A056,34,538.9,0.764,0.871,0.839,3.86
2026-02-26,A056,37,689.0,0.736,0.727,0.878,4.32
2026-07-05,A056,50,580.5,0.614,0.626,0.966,4.71
2026-02-18,A056,40,299.7,0.661,0.927,0.965,4.12
2026-05-24,A056,19,243.3,0.802,0.698,0.839,3.49
2026-05-16,A056,32,240.5,0.67,0.71,0.948,3.6
2026-03-24,A056,34,288.5,0.617,0.761,0.873,4.41
2026-07-21,A056,47,265.1,0.8,0.936,0.989,3.92
2026-05-09,A056,33,257.1,0.909,0.867,0.958,3.35
2026-06-13,A056,23,621.9,0.603,0.813,0.838,3.52
2026-03-31,A056,29,346.3,0.644,0.832,0.831,4.14
2026-03-22,A057,17,284.8,0.741,0.72,0.966,4.36
2026-06-29,A057,48,314.0,0.709,0.82,0.975,4.2
2026-05-27,A057,18,517.4,0.892,0.612,0.913,3.5
2026-01-26,A057,46,552.8,0.648,0.602,0.804,4.64
2026-04-22,A057,23,202.0,0.603,0.688,0.877,4.57
2026-03-25,A057,24,465.3,0.839,0.756,0.842,3.78
2026-03-13,A057,57,229.2,0.802,0.901,0.935,4.5
2026-03-10,A057,20,454.3,0.768,0.652,0.968,4.63
2026-02-09,A057,49,486.5,0.779,0.715,0.812,4.14
2026-02-25,A057,41,504.5,0.758,0.743,0.975,3.5
2026-04-12,A057,60,384.5,0.663,0.735,0.939,3.59
2026-02-11,A057,52,457.6,0.895,0.691,0.904,3.44
2026-06-15,A057,54,412.1,0.571,0.712,0.803,4.02
2026-05-01,A057,22,542.3,0.838,0.721,0.846,3.85
2026-01-28,A057,53,556.5,0.7,0.626,0.902,4.01
2026-03-04,A057,50,364.5,0.575,0.903,0.957,3.69
2026-04-09,A057,47,329.6,0.839,0.872,0.864,4.13
2026-03-27,A057,20,279.6,0.575,0.659,0.984,4.62
2026-02-24,A057,41,182.9,0.629,0.846,0.97,3.44
2026-06-21,A057,29,568.8,0.75,0.829,0.911,4.62
2026-02-13,A057,52,684.9,0.673,0.627,0.967,3.21
2026-07-15,A057,24,315.2,0.691,0.739,0.969,3.5
2026-03-05,A057,23,479.6,0.58,0.836,0.942,3.7
2026-03-14,A057,59,336.0,0.646,0.899,0.923,4.5
2026-05-21,A057,15,267.2,0.834,0.9,0.888,4.74
2026-04-30,A057,54,651.9,0.82,0.947,0.816,3.24
2026-06-19,A057,51,216.0,0.613,0.815,0.824,3.51
2026-05-07,A057,47,267.6,0.818,0.619,0.918,4.26
2026-05-10,A057,29,412.5,0.896,0.724,0.971,4.8
2026-05-31,A057,41,236.9,0.777,0.788,0.961,3.89
2026-07-22,A057,55,615.4,0.74,0.805,0.859,4.13
2026-02-26,A057,37,510.0,0.753,0.663,0.955,3.31
2026-07-05,A057,15,421.2,0.804,0.935,0.885,3.76
2026-02-18,A057,28,449.3,0.873,0.693,0.982,3.31
2026-05-16,A057,60,453.4,0.669,0.603,0.936,4.28
2026-03-24,A057,33,330.5,0.804,0.657,0.843,3.86
2026-03-31,A057,21,565.4,0.872,0.645,0.92,4.27
2026-03-22,A058,38,709.2,0.632,0.786,0.984,4.48
2026-04-03,A058,36,298.5,0.737,0.802,0.854,3.84
2026-06-29,A058,43,461.9,0.671,0.673,0.881,3.86
2026-05-26,A058,39,511.3,0.685,0.624,0.803,3.3
2026-07-07,A058,45,641.6,0.803,0.61,0.969,3.57
2026-05-27,A058,52,531.3,0.714,0.805,0.986,4.73
2026-01-26,A058,18,590.8,0.787,0.766,0.963,4.52
2026-04-22,A058,15,513.4,0.745,0.866,0.898,3.57
2026-03-25,A058,51,258.3,0.91,0.796,0.94,4.01
2026-07-09,A058,31,529.8,0.833,0.769,0.848,3.27
2026-03-13,A058,38,399.9,0.59,0.73,0.981,4.25
2026-01-30,A058,41,645.3,0.715,0.767,0.98,3.31
2026-02-09,A058,35,539.2,0.572,0.801,0.983,3.21
2026-03-09,A058,60,403.6,0.68,0.662,0.989,4.32
2026-02-25,A058,20,372.7,0.697,0.758,0.813,3.2
2026-02-10,A058,36,574.2,0.744,0.85,0.985,3.75
2026-03-07,A058,45,360.9,0.753,0.674,0.916,3.88
2026-02-11,A058,52,559.5,0.854,0.931,0.981,4.15
2026-06-15,A058,55,662.9,0.595,0.786,0.954,4.43
2026-05-01,A058,29,414.8,0.635,0.765,0.851,4.77
2026-01-28,A058,53,626.4,0.899,0.879,0.906,4.11
2026-03-08,A058,16,510.6,0.559,0.927,0.92,4.36
2026-04-09,A058,45,687.2,0.67,0.774,0.852,3.69
2026-03-27,A058,49,217.5,0.637,0.684,0.98,3.26
2026-02-13,A058,44,252.2,0.828,0.866,0.904,4.1
2026-07-15,A058,45,295.2,0.664,0.614,0.814,4.17
2026-03-05,A058,37,237.9,0.862,0.927,0.813,4.09
2026-06-11,A058,34,612.2,0.621,0.888,0.819,3.77
2026-05-21,A058,31,344.2,0.702,0.683,0.832,3.53
2026-04-30,A058,19,576.6,0.856,0.931,0.949,4.7
2026-06-19,A058,23,330.5,0.818,0.713,0.873,4.43
2026-05-07,A058,15,387.3,0.861,0.924,0.844,3.22
2026-02-07,A058,16,593.4,0.812,0.752,0.869,3.23
2026-04-21,A058,24,716.7,0.887,0.861,0.959,3.3
2026-03-11,A058,25,287.0,0.862,0.856,0.949,3.54
2026-02-03,A058,33,626.3,0.908,0.659,0.92,3.72
2026-05-10,A058,40,394.9,0.835,0.887,0.82,4.34
2026-05-31,A058,23,192.6,0.739,0.889,0.849,3.91
2026-02-26,A058,37,377.6,0.905,0.897,0.832,4.64
2026-07-10,A058,26,358.8,0.571,0.776,0.839,3.82
2026-07-05,A058,21,409.9,0.69,0.848,0.874,4.7
2026-05-24,A058,47,355.6,0.642,0.724,0.844,4.79
2026-05-16,A058,36,458.6,0.878,0.811,0.94,4.33
2026-03-24,A058,40,411.9,0.912,0.855,0.877,4.08
2026-05-09,A058,27,381.0,0.734,0.62,0.804,4.16
2026-06-13,A058,48,478.6,0.899,0.718,0.837,3.28
2026-03-31,A058,26,228.1,0.904,0.787,0.96,4.07
2026-04-03,A059,27,523.4,0.615,0.781,0.956,4.75
2026-07-11,A059,22,479.3,0.614,0.67,0.878,3.54
2026-06-29,A059,51,668.3,0.847,0.731,0.983,4.27
2026-05-26,A059,53,432.5,0.785,0.906,0.942,4.05
2026-07-07,A059,59,341.3,0.905,0.678,0.838,4.61
2026-04-05,A059,21,295.6,0.661,0.728,0.945,4.45
2026-05-27,A059,19,657.4,0.8,0.741,0.839,4.01
2026-01-26,A059,15,456.2,0.597,0.668,0.928,3.45
2026-03-25,A059,25,442.4,0.578,0.784,0.92,3.34
2026-07-09,A059,22,512.5,0.673,0.876,0.811,4.33
2026-03-13,A059,16,635.0,0.726,0.843,0.826,3.87
2026-03-10,A059,56,568.9,0.612,0.814,0.889,3.32
2026-02-09,A059,33,431.5,0.792,0.877,0.961,3.99
2026-03-09,A059,49,594.4,0.664,0.78,0.984,4.53
2026-02-10,A059,25,223.3,0.824,0.659,0.875,4.78
2026-06-15,A059,41,582.2,0.646,0.906,0.923,4.1
2026-05-01,A059,25,246.7,0.822,0.901,0.926,3.81
2026-01-28,A059,26,236.4,0.763,0.847,0.847,3.69
2026-03-04,A059,27,403.3,0.612,0.709,0.875,4.13
2026-03-08,A059,40,529.1,0.83,0.919,0.846,3.77
2026-04-09,A059,60,345.3,0.742,0.839,0.813,3.43
2026-06-21,A059,59,472.6,0.668,0.768,0.98,4.59
2026-06-08,A059,42,322.4,0.914,0.641,0.966,4.09
2026-03-05,A059,51,322.4,0.807,0.818,0.903,3.28
2026-06-11,A059,51,379.1,0.803,0.69,0.811,3.22
2026-03-14,A059,49,241.0,0.81,0.882,0.951,3.83
2026-05-21,A059,20,356.4,0.72,0.807,0.822,3.66
2026-04-30,A059,45,414.0,0.65,0.744,0.946,4.26
2026-06-19,A059,55,644.9,0.816,0.624,0.904,4.38
2026-05-07,A059,60,344.2,0.801,0.673,0.944,3.67
2026-02-07,A059,56,211.7,0.825,0.938,0.969,4.71
2026-04-21,A059,21,418.1,0.59,0.844,0.805,4.58
2026-02-03,A059,35,195.9,0.612,0.743,0.855,3.32
2026-05-10,A059,31,224.6,0.69,0.868,0.948,4.27
2026-07-22,A059,43,397.4,0.607,0.748,0.967,3.28
2026-07-10,A059,18,450.2,0.583,0.715,0.956,4.59
2026-07-05,A059,56,331.7,0.844,0.69,0.984,4.47
2026-03-24,A059,26,318.7,0.862,0.655,0.847,4.37
2026-07-21,A059,27,487.6,0.601,0.709,0.982,4.67
2026-05-09,A059,28,319.9,0.809,0.603,0.835,3.62
2026-06-13,A059,40,360.0,0.863,0.908,0.901,3.95
2026-03-22,A060,50,451.8,0.62,0.817,0.867,3.66
2026-04-03,A060,24,188.3,0.885,0.633,0.825,4.19
2026-07-11,A060,24,365.6,0.734,0.637,0.903,4.53
2026-06-29,A060,52,693.5,0.568,0.603,0.962,3.64
2026-05-26,A060,23,379.1,0.889,0.937,0.833,4.57
2026-07-07,A060,46,417.6,0.743,0.766,0.885,4.63
2026-04-05,A060,28,550.7,0.663,0.831,0.834,3.51
2026-04-22,A060,40,310.2,0.888,0.726,0.886,3.22
2026-03-25,A060,32,526.1,0.665,0.872,0.932,3.59
2026-07-09,A060,46,613.2,0.828,0.73,0.824,4.48
2026-03-13,A060,28,475.5,0.701,0.873,0.853,3.25
2026-03-10,A060,18,622.5,0.719,0.942,0.967,3.83
2026-01-30,A060,38,537.0,0.554,0.797,0.931,3.22
2026-03-09,A060,18,315.5,0.602,0.66,0.863,3.76
2026-02-25,A060,26,343.6,0.899,0.714,0.959,4.75
2026-02-10,A060,31,696.8,0.668,0.935,0.965,4.72
2026-04-12,A060,52,676.6,0.812,0.803,0.939,4.15
2026-03-07,A060,39,645.8,0.642,0.857,0.806,4.73
2026-02-11,A060,29,700.8,0.715,0.924,0.822,4.38
2026-06-15,A060,19,623.5,0.854,0.626,0.946,4.24
2026-05-01,A060,21,611.4,0.615,0.612,0.84,3.5
2026-01-28,A060,15,234.6,0.684,0.715,0.843,3.7
2026-03-04,A060,23,614.0,0.707,0.628,0.802,3.61
2026-04-09,A060,54,229.0,0.6,0.721,0.949,4.38
2026-04-25,A060,34,490.1,0.866,0.602,0.86,4.52
2026-03-27,A060,29,387.0,0.689,0.692,0.818,4.21
2026-02-24,A060,36,636.1,0.76,0.834,0.845,3.66
2026-06-21,A060,52,326.0,0.884,0.73,0.881,3.76
2026-06-08,A060,42,665.7,0.713,0.666,0.859,3.57
2026-02-13,A060,46,708.8,0.625,0.655,0.813,3.98
2026-07-15,A060,15,234.5,0.803,0.817,0.984,4.33
2026-06-11,A060,26,593.5,0.617,0.685,0.813,4.55
2026-03-14,A060,29,639.7,0.625,0.937,0.931,3.53
2026-05-21,A060,47,540.0,0.62,0.95,0.933,3.87
2026-04-30,A060,35,515.1,0.839,0.845,0.907,3.66
2026-06-19,A060,24,515.6,0.822,0.809,0.964,4.04
2026-04-21,A060,52,712.4,0.664,0.807,0.869,3.82
2026-03-11,A060,24,348.0,0.855,0.799,0.958,3.27
2026-02-03,A060,19,342.0,0.559,0.738,0.934,3.24
2026-05-10,A060,43,345.7,0.841,0.781,0.884,4.08
2026-07-22,A060,19,319.1,0.609,0.907,0.824,4.23
2026-02-26,A060,20,685.2,0.799,0.757,0.848,4.75
2026-07-05,A060,30,196.8,0.56,0.738,0.93,3.29
2026-02-18,A060,28,232.1,0.629,0.813,0.961,4.46
2026-05-24,A060,18,380.5,0.678,0.869,0.886,4.76
2026-05-16,A060,48,218.4,0.82,0.802,0.902,4.75
2026-07-21,A060,59,481.7,0.848,0.837,0.817,4.57
2026-05-09,A060,56,596.9,0.795,0.7,0.933,4.74
2026-06-13,A060,17,361.7,0.904,0.716,0.96,3.36
2026-03-31,A060,38,463.4,0.787,0.674,0.93,3.57
2026-03-22,A061,31,438.2,0.857,0.886,0.843,3.96
2026-04-03,A061,42,184.2,0.734,0.887,0.844,3.87
2026-05-26,A061,54,193.0,0.882,0.658,0.865,3.28
2026-07-07,A061,34,447.3,0.864,0.777,0.962,3.26
2026-05-27,A061,28,357.0,0.725,0.857,0.944,3.68
2026-01-26,A061,50,682.0,0.864,0.66,0.947,3.8
2026-04-22,A061,31,373.9,0.907,0.607,0.893,3.8
2026-07-09,A061,56,608.6,0.661,0.774,0.813,4.41
2026-03-13,A061,19,232.9,0.906,0.639,0.981,3.85
2026-01-30,A061,54,217.9,0.652,0.808,0.968,4.57
2026-02-09,A061,44,678.1,0.652,0.656,0.886,3.74
2026-03-09,A061,46,432.6,0.75,0.899,0.824,3.91
2026-02-25,A061,45,397.3,0.889,0.878,0.891,4.14
2026-04-12,A061,15,468.5,0.865,0.634,0.821,4.57
2026-03-07,A061,50,481.8,0.656,0.659,0.832,4.55
2026-02-11,A061,34,427.5,0.913,0.776,0.896,4.62
2026-06-15,A061,25,575.5,0.595,0.837,0.86,4.48
2026-05-01,A061,24,372.3,0.895,0.634,0.831,3.85
2026-01-28,A061,38,487.9,0.642,0.671,0.808,3.66
2026-03-04,A061,36,348.1,0.6,0.696,0.899,3.73
2026-03-08,A061,53,622.0,0.845,0.803,0.848,3.46
2026-04-09,A061,45,348.2,0.825,0.746,0.901,3.26
2026-04-25,A061,30,185.9,0.797,0.655,0.96,4.59
2026-03-27,A061,59,568.9,0.821,0.675,0.852,4.7
2026-02-24,A061,20,584.3,0.867,0.649,0.821,3.26
2026-06-21,A061,49,185.4,0.894,0.871,0.912,4.32
2026-06-08,A061,20,362.3,0.825,0.818,0.841,3.39
2026-02-13,A061,30,478.5,0.81,0.772,0.847,4.08
2026-07-15,A061,34,432.0,0.886,0.626,0.96,4.19
2026-03-05,A061,57,414.1,0.755,0.805,0.839,4.77
2026-03-14,A061,51,624.4,0.627,0.621,0.95,4.48
2026-05-21,A061,32,368.6,0.639,0.864,0.896,3.8
2026-06-19,A061,35,227.0,0.825,0.637,0.825,4.57
2026-02-07,A061,23,620.5,0.72,0.715,0.961,4.66
2026-04-21,A061,55,558.0,0.69,0.785,0.905,4.49
2026-03-11,A061,43,591.1,0.908,0.618,0.82,4.44
2026-02-03,A061,29,292.7,0.702,0.735,0.988,4.7
2026-05-10,A061,20,631.3,0.874,0.927,0.815,4.48
2026-05-31,A061,56,704.0,0.608,0.784,0.894,3.48
2026-07-22,A061,57,690.5,0.66,0.645,0.962,4.58
2026-07-10,A061,58,490.3,0.762,0.8,0.834,3.22
2026-07-05,A061,33,363.2,0.621,0.702,0.858,3.31
2026-02-18,A061,55,284.2,0.688,0.945,0.89,4.55
2026-05-16,A061,17,665.1,0.556,0.672,0.884,3.99
2026-03-24,A061,27,343.6,0.788,0.732,0.809,4.36
2026-07-21,A061,55,620.1,0.661,0.813,0.824,3.22
2026-05-09,A061,55,287.1,0.788,0.684,0.823,4.12
2026-06-13,A061,43,716.3,0.672,0.773,0.856,3.38
2026-03-31,A061,24,279.9,0.706,0.636,0.872,4.44
2026-03-22,A062,52,430.5,0.835,0.636,0.962,4.52
2026-04-03,A062,53,357.3,0.612,0.795,0.967,4.41
2026-05-26,A062,31,212.0,0.728,0.915,0.898,3.89
2026-07-07,A062,31,349.4,0.769,0.914,0.929,4.0
2026-04-05,A062,52,381.6,0.699,0.781,0.867,4.35
2026-05-27,A062,27,362.6,0.668,0.765,0.976,3.8
2026-01-26,A062,21,555.9,0.655,0.884,0.944,3.55
2026-04-22,A062,28,359.4,0.648,0.699,0.933,3.9
2026-03-25,A062,54,570.1,0.78,0.83,0.853,4.4
2026-03-13,A062,46,225.5,0.847,0.742,0.964,3.5
2026-03-10,A062,16,202.6,0.773,0.641,0.904,3.79
2026-02-09,A062,58,492.0,0.592,0.852,0.952,4.79
2026-03-09,A062,39,250.9,0.84,0.626,0.92,3.68
2026-02-25,A062,27,307.9,0.659,0.816,0.894,4.55
2026-04-12,A062,45,369.3,0.899,0.941,0.926,3.41
2026-03-07,A062,24,501.6,0.624,0.935,0.919,3.2
2026-02-11,A062,15,629.0,0.888,0.615,0.969,3.32
2026-06-15,A062,19,320.2,0.59,0.663,0.978,4.34
2026-05-01,A062,18,531.2,0.615,0.649,0.872,3.33
2026-01-28,A062,22,482.2,0.908,0.945,0.922,4.25
2026-03-04,A062,49,565.0,0.723,0.852,0.857,3.7
2026-03-08,A062,37,679.8,0.737,0.772,0.813,3.72
2026-04-09,A062,56,241.7,0.783,0.707,0.86,3.96
2026-04-25,A062,45,540.3,0.65,0.731,0.981,3.98
2026-03-27,A062,38,678.0,0.661,0.76,0.871,4.23
2026-02-24,A062,49,365.5,0.7,0.879,0.959,4.25
2026-06-08,A062,48,679.3,0.686,0.924,0.93,3.33
2026-02-13,A062,27,238.1,0.829,0.667,0.955,3.37
2026-07-15,A062,51,414.9,0.701,0.647,0.972,4.26
2026-06-11,A062,33,374.8,0.9,0.885,0.83,3.26
2026-03-14,A062,26,532.6,0.876,0.768,0.92,4.57
2026-05-21,A062,33,266.8,0.612,0.617,0.851,3.35
2026-04-30,A062,19,453.1,0.763,0.841,0.884,3.52
2026-06-19,A062,20,396.3,0.61,0.796,0.984,3.26
2026-05-07,A062,29,414.3,0.81,0.665,0.978,4.07
2026-02-07,A062,53,646.5,0.79,0.83,0.893,3.81
2026-04-21,A062,39,362.8,0.715,0.687,0.921,4.21
2026-03-11,A062,47,673.7,0.56,0.654,0.97,4.5
2026-02-03,A062,51,408.3,0.674,0.694,0.872,3.95
2026-05-10,A062,24,717.7,0.814,0.656,0.886,3.88
2026-07-22,A062,18,439.7,0.835,0.725,0.985,4.31
2026-02-26,A062,52,335.6,0.586,0.779,0.95,3.81
2026-07-10,A062,38,425.0,0.788,0.843,0.809,4.48
2026-02-18,A062,22,617.0,0.807,0.887,0.952,3.32
2026-05-24,A062,51,676.3,0.694,0.779,0.947,4.1
2026-05-16,A062,43,477.5,0.758,0.881,0.96,4.66
2026-03-24,A062,57,561.6,0.621,0.929,0.824,3.63
2026-07-21,A062,52,719.1,0.797,0.845,0.866,4.0
2026-05-09,A062,45,589.6,0.756,0.723,0.815,3.38
2026-06-13,A062,60,345.9,0.916,0.725,0.961,4.17
2026-03-22,A063,22,367.0,0.745,0.729,0.834,3.93
2026-04-03,A063,58,223.3,0.645,0.88,0.984,4.63
2026-06-29,A063,30,609.2,0.852,0.819,0.981,3.48
2026-05-26,A063,40,580.5,0.669,0.947,0.984,4.62
2026-04-05,A063,38,674.9,0.557,0.621,0.981,4.48
2026-01-26,A063,26,602.4,0.729,0.845,0.844,3.9
2026-04-22,A063,43,315.4,0.837,0.775,0.847,4.7
2026-03-25,A063,50,690.2,0.839,0.899,0.805,4.07
2026-03-13,A063,18,495.0,0.696,0.868,0.919,4.12
2026-03-10,A063,31,568.1,0.668,0.674,0.922,4.68
2026-01-30,A063,30,511.8,0.664,0.669,0.953,3.58
2026-03-09,A063,31,607.6,0.606,0.701,0.926,4.46
2026-02-25,A063,45,377.1,0.749,0.832,0.802,3.31
2026-02-10,A063,44,380.9,0.646,0.666,0.855,4.01
2026-03-07,A063,16,242.9,0.901,0.641,0.969,4.77
2026-02-11,A063,15,272.8,0.631,0.683,0.957,3.68
2026-06-15,A063,43,253.1,0.799,0.788,0.975,3.87
2026-05-01,A063,58,433.5,0.828,0.943,0.851,4.37
2026-01-28,A063,39,679.1,0.778,0.86,0.806,4.73
2026-03-04,A063,57,579.7,0.821,0.883,0.841,4.17
2026-03-08,A063,29,698.6,0.795,0.672,0.817,4.66
2026-04-25,A063,30,668.1,0.775,0.773,0.952,4.56
2026-03-27,A063,43,496.7,0.764,0.841,0.855,3.53
2026-06-08,A063,27,256.0,0.703,0.709,0.868,3.93
2026-02-13,A063,22,549.6,0.735,0.828,0.87,4.09
2026-07-15,A063,38,421.1,0.565,0.645,0.836,3.42
2026-03-05,A063,49,569.4,0.668,0.615,0.875,4.12
2026-03-14,A063,17,550.9,0.864,0.844,0.841,4.23
2026-04-30,A063,36,542.8,0.614,0.921,0.884,3.99
2026-06-19,A063,18,342.4,0.691,0.913,0.827,3.58
2026-05-07,A063,32,611.2,0.794,0.734,0.846,4.24
2026-02-07,A063,33,716.6,0.804,0.778,0.816,4.44
2026-03-11,A063,50,254.8,0.588,0.909,0.954,4.56
2026-02-03,A063,37,309.7,0.79,0.734,0.965,4.58
2026-05-31,A063,31,188.3,0.736,0.66,0.967,3.27
2026-02-26,A063,47,686.2,0.575,0.889,0.893,3.96
2026-07-10,A063,39,577.5,0.844,0.887,0.887,4.18
2026-07-05,A063,25,385.3,0.878,0.673,0.954,4.02
2026-05-16,A063,24,283.5,0.817,0.629,0.949,3.49
2026-03-24,A063,33,283.1,0.808,0.666,0.851,3.33
2026-07-21,A063,50,265.5,0.578,0.694,0.879,3.37
2026-05-09,A063,15,667.8,0.884,0.848,0.872,4.71
2026-06-13,A063,18,399.8,0.72,0.738,0.852,4.5
2026-03-31,A063,46,530.9,0.684,0.726,0.955,4.29
2026-03-22,A064,52,667.7,0.782,0.638,0.871,3.84
2026-07-11,A064,19,415.1,0.641,0.623,0.893,4.15
2026-06-29,A064,41,681.3,0.873,0.839,0.904,3.34
2026-07-07,A064,24,579.9,0.602,0.846,0.902,3.36
2026-04-05,A064,60,434.5,0.561,0.737,0.93,3.91
2026-05-27,A064,50,274.7,0.692,0.934,0.948,3.7
2026-01-26,A064,44,477.6,0.803,0.711,0.951,4.45
2026-04-22,A064,32,552.6,0.839,0.699,0.909,3.41
2026-07-09,A064,44,658.6,0.749,0.733,0.968,4.67
2026-03-13,A064,59,673.5,0.622,0.87,0.99,4.3
2026-01-30,A064,37,519.7,0.72,0.795,0.942,3.81
2026-02-09,A064,43,475.3,0.698,0.636,0.835,3.87
2026-03-09,A064,60,417.4,0.765,0.934,0.983,4.66
2026-02-25,A064,49,604.5,0.749,0.81,0.833,3.95
2026-02-10,A064,15,317.7,0.721,0.735,0.929,4.14
2026-04-12,A064,19,249.4,0.57,0.921,0.975,4.57
2026-06-15,A064,36,299.2,0.783,0.625,0.948,3.32
2026-05-01,A064,35,239.0,0.697,0.68,0.824,3.29
2026-01-28,A064,22,383.1,0.841,0.647,0.923,4.22
2026-03-04,A064,42,195.3,0.662,0.662,0.94,4.52
2026-03-08,A064,26,466.3,0.653,0.656,0.872,3.26
2026-04-09,A064,45,704.2,0.611,0.792,0.863,3.46
2026-06-21,A064,56,361.3,0.845,0.748,0.949,4.29
2026-06-08,A064,16,433.6,0.662,0.942,0.932,3.39
2026-02-13,A064,31,499.2,0.576,0.878,0.938,3.51
2026-07-15,A064,32,391.5,0.853,0.741,0.805,4.66
2026-03-05,A064,39,333.5,0.572,0.854,0.816,4.13
2026-06-11,A064,52,531.7,0.718,0.654,0.869,3.26
2026-03-14,A064,58,496.8,0.887,0.786,0.91,3.85
2026-05-21,A064,25,213.2,0.815,0.672,0.978,4.26
2026-04-30,A064,15,221.2,0.572,0.699,0.807,4.64
2026-06-19,A064,19,272.5,0.861,0.931,0.921,3.45
2026-05-07,A064,39,242.8,0.831,0.917,0.9,4.61
2026-02-07,A064,17,432.4,0.858,0.7,0.842,4.32
2026-04-21,A064,54,230.9,0.816,0.812,0.877,3.67
2026-03-11,A064,31,209.2,0.8,0.784,0.822,3.89
2026-02-03,A064,50,207.0,0.571,0.62,0.841,4.15
2026-05-10,A064,48,673.2,0.572,0.665,0.827,4.09
2026-05-31,A064,29,300.0,0.566,0.727,0.929,3.8
2026-07-22,A064,18,402.9,0.786,0.658,0.865,3.4
2026-02-26,A064,26,686.7,0.868,0.644,0.93,4.2
2026-07-10,A064,22,325.4,0.746,0.896,0.884,3.29
2026-07-05,A064,23,545.5,0.635,0.663,0.843,4.22
2026-05-24,A064,22,237.4,0.915,0.776,0.953,3.54
2026-05-16,A064,40,592.2,0.64,0.814,0.929,4.31
2026-03-24,A064,44,446.6,0.571,0.813,0.89,3.8
2026-07-21,A064,39,616.8,0.571,0.7,0.857,4.73
2026-05-09,A064,50,377.9,0.64,0.679,0.868,3.78
2026-06-13,A064,51,284.9,0.651,0.732,0.916,4.11
2026-03-31,A064,27,317.8,0.741,0.872,0.842,4.39
2026-03-22,A065,51,653.5,0.636,0.876,0.801,4.44
2026-04-03,A065,31,660.1,0.908,0.89,0.955,3.95
2026-07-11,A065,32,192.4,0.596,0.622,0.874,3.78
2026-06-29,A065,36,324.6,0.908,0.652,0.816,4.44
2026-05-26,A065,44,496.8,0.918,0.829,0.856,3.4
2026-04-05,A065,25,265.3,0.778,0.669,0.866,4.76
2026-05-27,A065,60,415.8,0.557,0.824,0.844,3.59
2026-01-26,A065,26,465.7,0.703,0.88,0.92,3.33
2026-03-25,A065,21,420.0,0.834,0.652,0.897,3.94
2026-07-09,A065,15,213.0,0.689,0.797,0.982,3.79
2026-03-13,A065,58,546.7,0.79,0.635,0.929,3.28
2026-01-30,A065,34,703.1,0.825,0.636,0.842,3.32
2026-02-09,A065,42,483.1,0.607,0.825,0.954,4.77
2026-02-25,A065,25,502.8,0.565,0.712,0.909,3.76
2026-02-10,A065,23,427.5,0.864,0.623,0.871,3.53
2026-04-12,A065,27,404.7,0.72,0.793,0.821,3.53
2026-03-07,A065,49,457.1,0.776,0.716,0.944,3.3
2026-02-11,A065,27,571.5,0.652,0.65,0.812,4.2
2026-06-15,A065,23,334.1,0.706,0.926,0.966,3.93
2026-05-01,A065,38,498.9,0.752,0.612,0.864,4.16
2026-01-28,A065,32,391.0,0.776,0.875,0.956,4.78
2026-03-04,A065,52,505.0,0.758,0.937,0.908,3.2
2026-03-08,A065,16,228.3,0.858,0.816,0.817,4.66
2026-04-09,A065,23,201.8,0.87,0.79,0.847,4.16
2026-04-25,A065,30,714.2,0.9,0.869,0.843,3.29
2026-03-27,A065,35,491.3,0.811,0.836,0.831,4.66
2026-06-21,A065,39,448.5,0.765,0.642,0.908,3.33
2026-02-13,A065,27,657.4,0.819,0.873,0.975,3.88
2026-03-05,A065,25,389.7,0.585,0.898,0.966,3.25
2026-06-11,A065,51,406.1,0.908,0.689,0.923,4.01
2026-04-30,A065,51,283.6,0.869,0.727,0.967,4.41
2026-06-19,A065,18,598.7,0.784,0.877,0.879,3.51
2026-05-07,A065,43,523.2,0.635,0.7,0.891,3.5
2026-02-07,A065,47,315.3,0.873,0.66,0.922,4.71
2026-04-21,A065,36,525.5,0.58,0.85,0.922,4.54
2026-05-10,A065,27,286.3,0.767,0.902,0.93,4.5
2026-05-31,A065,36,456.9,0.694,0.818,0.866,3.61
2026-07-22,A065,52,572.6,0.897,0.877,0.955,3.23
2026-02-26,A065,44,194.4,0.821,0.807,0.988,4.48
2026-07-05,A065,31,278.3,0.636,0.941,0.942,3.85
2026-02-18,A065,16,205.2,0.782,0.795,0.946,4.51
2026-05-24,A065,20,606.5,0.821,0.833,0.861,3.49
2026-05-16,A065,44,406.9,0.768,0.606,0.856,3.37
2026-03-24,A065,15,344.9,0.914,0.808,0.915,3.88
2026-07-21,A065,60,413.1,0.817,0.696,0.941,3.64
2026-05-09,A065,38,675.8,0.611,0.684,0.875,3.66
2026-06-13,A065,59,213.2,0.84,0.689,0.947,3.88
2026-03-31,A065,34,180.1,0.669,0.659,0.914,3.44
2026-03-22,A066,37,583.5,0.808,0.877,0.894,3.22
2026-04-03,A066,57,402.2,0.774,0.64,0.817,4.08
2026-07-11,A066,55,197.1,0.845,0.901,0.971,4.12
2026-06-29,A066,48,182.0,0.619,0.651,0.915,4.57
2026-05-26,A066,57,319.1,0.911,0.731,0.864,4.77
2026-04-05,A066,38,235.5,0.918,0.95,0.802,3.97
2026-05-27,A066,49,663.6,0.587,0.65,0.95,4.68
2026-04-22,A066,23,393.6,0.626,0.882,0.913,3.49
2026-07-09,A066,28,653.1,0.817,0.816,0.941,3.81
2026-03-13,A066,47,373.7,0.753,0.737,0.841,3.35
2026-03-10,A066,59,248.4,0.625,0.926,0.872,4.77
2026-03-09,A066,45,266.8,0.657,0.703,0.802,4.36
2026-02-25,A066,46,698.3,0.809,0.628,0.961,3.28
2026-02-10,A066,21,225.5,0.868,0.83,0.864,4.78
2026-04-12,A066,49,719.5,0.718,0.828,0.989,4.7
2026-03-07,A066,30,382.2,0.827,0.861,0.841,3.87
2026-02-11,A066,20,355.6,0.671,0.645,0.928,3.56
2026-01-28,A066,47,559.4,0.654,0.612,0.841,4.34
2026-03-04,A066,35,216.5,0.894,0.875,0.838,3.65
2026-04-09,A066,30,590.6,0.667,0.657,0.871,3.99
2026-04-25,A066,22,554.5,0.819,0.834,0.91,3.98
2026-02-24,A066,18,313.2,0.584,0.647,0.854,4.33
2026-06-21,A066,47,257.4,0.653,0.741,0.926,4.56
2026-06-08,A066,49,391.9,0.571,0.754,0.951,3.38
2026-02-13,A066,53,193.8,0.843,0.894,0.881,4.33
2026-03-05,A066,34,716.0,0.727,0.764,0.836,4.57
2026-06-11,A066,27,442.3,0.699,0.753,0.963,4.72
2026-03-14,A066,26,230.0,0.611,0.943,0.824,3.92
2026-05-21,A066,52,370.9,0.75,0.772,0.802,4.02
2026-04-30,A066,17,516.3,0.553,0.699,0.839,4.22
2026-06-19,A066,60,659.9,0.793,0.885,0.816,3.99
2026-05-07,A066,28,495.6,0.685,0.906,0.844,4.76
2026-02-07,A066,56,438.9,0.602,0.748,0.923,4.27
2026-04-21,A066,19,405.1,0.913,0.919,0.964,4.48
2026-02-03,A066,59,679.5,0.704,0.676,0.906,3.86
2026-05-10,A066,28,342.9,0.918,0.911,0.966,4.17
2026-05-31,A066,29,319.9,0.807,0.734,0.982,4.23
2026-07-22,A066,24,603.5,0.724,0.833,0.828,3.86
2026-02-26,A066,59,663.3,0.82,0.717,0.927,3.28
2026-07-05,A066,45,632.2,0.842,0.786,0.975,4.79
2026-02-18,A066,37,631.1,0.695,0.772,0.99,3.76
2026-05-24,A066,15,461.6,0.693,0.792,0.804,4.35
2026-05-16,A066,55,269.0,0.897,0.863,0.831,3.58
2026-03-24,A066,53,206.9,0.653,0.725,0.897,4.08
2026-07-21,A066,55,581.1,0.595,0.786,0.859,4.7
2026-05-09,A066,54,185.1,0.553,0.786,0.885,4.64
2026-03-31,A066,36,628.1,0.587,0.7,0.965,4.61
2026-03-22,A067,50,186.0,0.659,0.902,0.85,3.99
2026-07-11,A067,52,705.8,0.815,0.798,0.968,3.82
2026-06-29,A067,52,563.3,0.755,0.863,0.967,3.76
2026-05-26,A067,21,553.7,0.875,0.777,0.89,4.52
2026-07-07,A067,38,247.3,0.558,0.913,0.845,4.32
2026-04-05,A067,60,254.8,0.871,0.749,0.958,4.03
2026-07-09,A067,19,368.8,0.551,0.623,0.975,4.08
2026-03-13,A067,43,675.0,0.893,0.651,0.804,4.32
2026-03-10,A067,48,452.3,0.685,0.825,0.942,4.78
2026-01-30,A067,24,214.2,0.741,0.887,0.907,3.53
2026-02-09,A067,33,271.3,0.919,0.733,0.974,3.95
2026-03-09,A067,44,279.2,0.777,0.87,0.804,3.24
2026-02-25,A067,44,493.4,0.76,0.67,0.951,4.16
2026-02-10,A067,28,510.6,0.864,0.889,0.863,4.46
2026-04-12,A067,17,579.4,0.735,0.618,0.809,3.38
2026-02-11,A067,31,633.2,0.8,0.924,0.925,4.48
2026-05-01,A067,54,434.9,0.776,0.733,0.894,4.31
2026-01-28,A067,56,215.6,0.65,0.656,0.988,4.57
2026-03-04,A067,20,634.0,0.868,0.882,0.932,4.4
2026-03-08,A067,53,663.8,0.763,0.881,0.808,4.35
2026-04-09,A067,48,647.5,0.894,0.712,0.93,4.7
2026-04-25,A067,55,347.0,0.831,0.638,0.976,4.46
2026-03-27,A067,48,310.2,0.673,0.75,0.94,3.38
2026-06-21,A067,30,281.3,0.728,0.819,0.835,4.69
2026-06-08,A067,47,607.3,0.704,0.896,0.92,3.4
2026-02-13,A067,48,264.9,0.664,0.674,0.947,4.16
2026-07-15,A067,51,284.0,0.854,0.888,0.963,3.38
2026-03-05,A067,43,567.3,0.625,0.928,0.974,3.75
2026-06-11,A067,19,696.2,0.762,0.723,0.915,4.49
2026-03-14,A067,48,432.0,0.716,0.876,0.828,4.05
2026-05-21,A067,26,559.2,0.706,0.808,0.92,4.61
2026-04-30,A067,30,687.9,0.708,0.721,0.873,3.6
2026-06-19,A067,47,691.7,0.6,0.83,0.947,4.26
2026-05-07,A067,37,394.0,0.671,0.734,0.837,3.63
2026-04-21,A067,45,594.3,0.614,0.873,0.888,3.81
2026-03-11,A067,18,532.6,0.862,0.891,0.939,4.14
2026-02-03,A067,46,526.2,0.801,0.768,0.925,4.7
2026-05-10,A067,21,714.4,0.66,0.642,0.91,4.23
2026-07-10,A067,26,234.2,0.747,0.936,0.977,3.51
2026-07-05,A067,16,409.0,0.754,0.79,0.814,3.74
2026-02-18,A067,51,261.9,0.792,0.772,0.861,4.23
2026-05-24,A067,32,436.3,0.861,0.852,0.989,3.41
2026-05-16,A067,19,514.7,0.86,0.864,0.925,4.41
2026-07-21,A067,21,224.0,0.868,0.718,0.892,4.0
2026-03-31,A067,39,439.6,0.645,0.723,0.848,4.73
2026-03-22,A068,40,414.6,0.634,0.913,0.972,3.78
2026-04-03,A068,55,673.6,0.558,0.83,0.888,3.48
2026-07-11,A068,23,708.3,0.778,0.631,0.914,4.53
2026-06-29,A068,28,363.9,0.711,0.821,0.818,3.98
2026-07-07,A068,52,532.0,0.675,0.9,0.827,4.16
2026-04-05,A068,41,593.2,0.562,0.905,0.865,3.67
2026-01-26,A068,21,207.9,0.692,0.807,0.951,4.02
2026-04-22,A068,21,220.0,0.639,0.689,0.936,3.79
2026-07-09,A068,20,383.9,0.913,0.882,0.957,3.59
2026-03-13,A068,38,441.8,0.803,0.8,0.866,3.85
2026-03-10,A068,46,345.1,0.646,0.653,0.911,3.46
2026-01-30,A068,43,615.9,0.92,0.727,0.872,4.3
2026-02-09,A068,25,350.8,0.588,0.859,0.932,4.6
2026-03-09,A068,48,442.6,0.758,0.678,0.887,3.31
2026-02-25,A068,38,531.1,0.561,0.714,0.911,3.71
2026-02-10,A068,28,283.9,0.823,0.747,0.823,4.77
2026-04-12,A068,59,672.5,0.71,0.779,0.875,4.63
2026-02-11,A068,38,306.1,0.913,0.85,0.977,4.77
2026-06-15,A068,50,343.0,0.735,0.708,0.848,3.37
2026-05-01,A068,36,297.2,0.852,0.836,0.873,3.24
2026-01-28,A068,21,650.0,0.89,0.713,0.987,3.89
2026-03-04,A068,51,368.7,0.784,0.625,0.804,3.52
2026-03-08,A068,38,539.8,0.697,0.919,0.861,3.97
2026-04-09,A068,26,475.0,0.689,0.607,0.933,3.25
2026-04-25,A068,49,619.5,0.659,0.885,0.804,4.38
2026-03-27,A068,16,697.4,0.79,0.936,0.801,3.32
2026-02-24,A068,16,270.9,0.581,0.904,0.836,4.06
2026-06-21,A068,21,654.0,0.896,0.783,0.907,3.33
2026-02-13,A068,21,412.0,0.683,0.835,0.983,3.42
2026-03-05,A068,27,409.2,0.894,0.631,0.968,4.48
2026-06-11,A068,41,689.1,0.76,0.764,0.941,3.86
2026-05-21,A068,47,476.6,0.657,0.617,0.957,3.98
2026-04-30,A068,59,222.0,0.908,0.738,0.948,4.71
2026-06-19,A068,20,592.9,0.89,0.879,0.816,3.9
2026-02-07,A068,39,565.2,0.771,0.818,0.802,4.3
2026-04-21,A068,41,527.8,0.591,0.854,0.819,4.51
2026-03-11,A068,18,510.9,0.851,0.885,0.929,4.3
2026-02-03,A068,19,187.2,0.643,0.87,0.943,3.5
2026-05-10,A068,21,264.3,0.793,0.803,0.88,4.44
2026-07-22,A068,54,562.2,0.753,0.899,0.87,4.05
2026-02-26,A068,60,264.6,0.562,0.751,0.873,4.02
2026-07-10,A068,28,601.6,0.561,0.837,0.99,4.48
2026-07-05,A068,47,457.2,0.836,0.894,0.811,4.05
2026-02-18,A068,39,610.2,0.854,0.733,0.86,4.08
2026-05-24,A068,42,199.3,0.868,0.743,0.918,4.75
2026-05-16,A068,55,274.6,0.584,0.692,0.862,3.43
2026-07-21,A068,54,197.8,0.797,0.722,0.856,3.59
2026-06-13,A068,40,245.5,0.628,0.721,0.848,3.45
2026-03-31,A068,16,599.4,0.654,0.838,0.92,3.44
2026-03-22,A069,60,397.5,0.794,0.614,0.959,4.79
2026-04-03,A069,16,610.9,0.615,0.806,0.975,3.58
2026-07-11,A069,25,403.9,0.908,0.771,0.839,3.92
2026-06-29,A069,25,638.0,0.859,0.925,0.848,4.19
2026-07-07,A069,59,500.1,0.797,0.828,0.816,3.35
2026-04-05,A069,52,643.8,0.772,0.665,0.815,4.17
2026-05-27,A069,42,528.7,0.766,0.781,0.885,4.79
2026-01-26,A069,37,408.5,0.72,0.686,0.955,3.81
2026-04-22,A069,40,601.2,0.572,0.872,0.965,3.54
2026-07-09,A069,51,314.3,0.865,0.648,0.979,4.76
2026-03-10,A069,39,397.1,0.75,0.65,0.879,3.42
2026-01-30,A069,40,325.7,0.701,0.889,0.852,4.49
2026-02-09,A069,23,233.2,0.596,0.934,0.893,4.49
2026-03-09,A069,15,231.2,0.789,0.836,0.865,4.24
2026-02-25,A069,21,365.7,0.651,0.747,0.94,4.26
2026-02-10,A069,27,499.4,0.892,0.711,0.847,3.86
2026-04-12,A069,28,182.8,0.909,0.767,0.839,4.5
2026-03-07,A069,41,232.7,0.82,0.728,0.878,3.95
2026-05-01,A069,29,195.1,0.633,0.791,0.856,4.56
2026-01-28,A069,34,694.7,0.656,0.909,0.833,3.45
2026-03-04,A069,17,676.2,0.672,0.601,0.808,4.1
2026-04-09,A069,58,289.1,0.783,0.861,0.856,4.56
2026-02-24,A069,49,373.8,0.87,0.866,0.943,3.6
2026-06-08,A069,53,184.5,0.659,0.798,0.902,3.96
2026-02-13,A069,39,276.1,0.813,0.831,0.819,3.91
2026-03-14,A069,24,209.7,0.652,0.887,0.965,3.28
2026-05-21,A069,60,571.9,0.604,0.843,0.918,4.23
2026-06-19,A069,24,478.4,0.77,0.842,0.968,3.54
2026-05-07,A069,20,563.6,0.834,0.889,0.969,3.73
2026-04-21,A069,56,515.5,0.609,0.637,0.84,3.6
2026-03-11,A069,31,285.3,0.784,0.931,0.966,3.44
2026-02-03,A069,45,441.4,0.896,0.802,0.802,4.03
2026-05-10,A069,15,440.2,0.817,0.864,0.806,3.47
2026-05-31,A069,21,594.2,0.665,0.639,0.892,4.69
2026-07-22,A069,52,228.9,0.808,0.721,0.827,4.52
2026-02-26,A069,18,344.9,0.624,0.788,0.957,4.57
2026-07-10,A069,30,370.0,0.746,0.931,0.913,3.55
2026-07-05,A069,47,669.5,0.633,0.776,0.895,3.96
2026-02-18,A069,59,453.1,0.615,0.786,0.866,4.21
2026-05-24,A069,37,513.5,0.721,0.664,0.813,4.63
2026-07-21,A069,34,667.2,0.846,0.936,0.976,3.63
2026-05-09,A069,32,203.4,0.578,0.929,0.841,4.74
2026-03-31,A069,26,616.1,0.682,0.87,0.836,3.9
2026-03-22,A070,47,432.8,0.9,0.616,0.849,4.7
2026-04-03,A070,38,194.4,0.628,0.898,0.904,3.54
2026-07-11,A070,23,639.0,0.754,0.694,0.942,4.35
2026-06-29,A070,21,244.3,0.561,0.836,0.951,4.52
2026-05-26,A070,34,512.0,0.914,0.909,0.899,3.67
2026-07-07,A070,50,249.9,0.897,0.621,0.803,3.72
2026-04-05,A070,46,707.0,0.587,0.831,0.944,4.18
2026-05-27,A070,55,307.7,0.69,0.661,0.819,4.59
2026-01-26,A070,32,717.0,0.867,0.816,0.892,4.23
2026-04-22,A070,16,238.7,0.83,0.904,0.943,3.6
2026-07-09,A070,23,390.0,0.844,0.853,0.953,3.58
2026-01-30,A070,46,493.4,0.657,0.737,0.802,4.06
2026-02-09,A070,40,213.2,0.555,0.869,0.976,3.48
2026-03-09,A070,37,521.7,0.561,0.717,0.856,4.04
2026-02-10,A070,16,428.2,0.731,0.845,0.829,3.59
2026-04-12,A070,18,323.2,0.601,0.709,0.817,4.4
2026-03-07,A070,37,591.4,0.776,0.861,0.937,3.54
2026-02-11,A070,27,556.1,0.598,0.779,0.803,3.53
2026-06-15,A070,56,504.5,0.794,0.754,0.899,3.34
2026-05-01,A070,32,305.9,0.685,0.92,0.843,4.15
2026-01-28,A070,54,488.8,0.863,0.83,0.987,4.62
2026-04-09,A070,38,250.4,0.828,0.717,0.87,3.64
2026-04-25,A070,47,472.1,0.573,0.851,0.891,4.69
2026-02-24,A070,23,548.1,0.657,0.841,0.838,4.61
2026-06-08,A070,24,715.4,0.901,0.87,0.942,3.93
2026-02-13,A070,36,468.1,0.88,0.661,0.823,4.68
2026-03-05,A070,49,428.0,0.613,0.626,0.981,4.01
2026-06-11,A070,31,230.8,0.775,0.618,0.854,3.71
2026-03-14,A070,15,293.4,0.566,0.934,0.827,4.75
2026-05-21,A070,26,672.7,0.75,0.903,0.907,3.83
2026-04-30,A070,38,551.1,0.876,0.865,0.987,4.21
2026-06-19,A070,35,413.9,0.683,0.872,0.897,4.12
2026-05-07,A070,34,202.7,0.86,0.69,0.897,3.28
2026-03-11,A070,16,628.6,0.618,0.756,0.876,3.58
2026-02-03,A070,42,675.9,0.581,0.934,0.822,4.68
2026-05-10,A070,21,248.1,0.666,0.666,0.84,3.81
2026-07-22,A070,18,582.5,0.636,0.654,0.882,3.24
2026-02-26,A070,39,375.9,0.606,0.747,0.9,3.93
2026-07-05,A070,34,631.8,0.878,0.713,0.969,4.14
2026-02-18,A070,26,494.9,0.568,0.917,0.803,3.95
2026-05-16,A070,54,318.6,0.556,0.725,0.816,4.25
2026-03-24,A070,28,659.5,0.812,0.721,0.972,3.88
2026-07-21,A070,26,489.3,0.857,0.727,0.886,3.36
2026-05-09,A070,47,341.1,0.557,0.71,0.847,4.1
2026-06-13,A070,17,204.1,0.734,0.785,0.869,3.27
2026-03-31,A070,60,208.7,0.779,0.862,0.85,4.77
2026-03-22,A071,42,390.0,0.741,0.643,0.865,3.84
2026-04-03,A071,54,602.2,0.865,0.638,0.855,3.47
2026-07-11,A071,60,445.9,0.562,0.901,0.805,4.04
2026-06-29,A071,46,583.4,0.621,0.693,0.909,3.37
2026-07-07,A071,48,681.7,0.648,0.856,0.896,3.49
2026-04-05,A071,19,195.6,0.778,0.917,0.916,4.24
2026-05-27,A071,43,451.6,0.589,0.717,0.966,3.86
2026-01-26,A071,35,636.6,0.603,0.668,0.954,4.71
2026-03-25,A071,42,432.3,0.696,0.626,0.916,3.39
2026-03-10,A071,32,413.2,0.721,0.739,0.885,4.66
2026-01-30,A071,28,400.2,0.57,0.946,0.825,3.62
2026-02-09,A071,59,408.4,0.612,0.889,0.987,3.3
2026-03-09,A071,34,273.8,0.684,0.793,0.853,4.55
2026-02-25,A071,30,516.1,0.848,0.864,0.824,4.09
2026-02-10,A071,20,337.9,0.581,0.686,0.922,4.67
2026-04-12,A071,38,443.6,0.711,0.697,0.988,3.38
2026-03-07,A071,58,434.5,0.759,0.613,0.933,3.7
2026-06-15,A071,57,450.2,0.71,0.831,0.907,4.38
2026-05-01,A071,34,659.1,0.713,0.798,0.929,4.56
2026-01-28,A071,42,430.3,0.6,0.856,0.913,3.78
2026-04-25,A071,44,307.4,0.661,0.844,0.908,4.22
2026-06-21,A071,15,290.8,0.78,0.805,0.962,4.09
2026-06-08,A071,31,395.3,0.885,0.696,0.965,4.52
2026-02-13,A071,51,432.8,0.85,0.745,0.818,3.28
2026-07-15,A071,32,232.6,0.56,0.932,0.888,3.24
2026-03-05,A071,49,538.2,0.703,0.928,0.875,4.16
2026-03-14,A071,30,520.7,0.893,0.607,0.889,4.15
2026-05-21,A071,39,656.4,0.769,0.769,0.985,3.42
2026-06-19,A071,53,523.1,0.77,0.814,0.981,4.72
2026-05-07,A071,38,709.4,0.804,0.846,0.917,4.35
2026-02-07,A071,24,405.0,0.764,0.665,0.855,3.37
2026-04-21,A071,42,467.9,0.822,0.766,0.976,4.31
2026-03-11,A071,18,313.5,0.753,0.872,0.834,4.72
2026-02-03,A071,49,697.3,0.735,0.896,0.861,3.98
2026-07-22,A071,50,377.8,0.778,0.622,0.955,3.88
2026-07-05,A071,32,348.4,0.711,0.901,0.809,3.37
2026-03-24,A071,29,409.5,0.824,0.935,0.848,3.62
2026-07-21,A071,33,673.0,0.84,0.848,0.805,3.87
2026-06-13,A071,41,528.0,0.63,0.621,0.846,3.33
2026-03-31,A071,49,482.0,0.769,0.665,0.847,4.21
2026-04-03,A072,28,277.4,0.608,0.791,0.968,3.99
2026-07-11,A072,35,604.8,0.906,0.903,0.883,4.69
2026-06-29,A072,53,335.4,0.645,0.93,0.949,4.37
2026-07-07,A072,50,645.0,0.77,0.655,0.903,3.7
2026-01-26,A072,46,264.0,0.731,0.875,0.818,4.54
2026-03-25,A072,52,250.2,0.823,0.877,0.851,4.21
2026-07-09,A072,55,581.9,0.88,0.897,0.971,3.38
2026-03-13,A072,34,224.5,0.554,0.847,0.948,4.73
2026-03-10,A072,45,240.5,0.797,0.849,0.947,4.42
2026-01-30,A072,30,498.8,0.587,0.71,0.822,3.38
2026-02-09,A072,20,295.8,0.914,0.943,0.885,4.57
2026-03-09,A072,44,200.7,0.859,0.823,0.949,3.7
2026-02-25,A072,31,682.2,0.834,0.812,0.964,4.3
2026-04-12,A072,33,566.6,0.604,0.746,0.955,4.12
2026-03-07,A072,37,205.5,0.767,0.86,0.916,3.76
2026-02-11,A072,20,686.7,0.696,0.613,0.804,4.75
2026-05-01,A072,16,257.1,0.819,0.685,0.862,4.77
2026-03-04,A072,28,218.7,0.888,0.881,0.838,4.05
2026-03-08,A072,28,645.6,0.62,0.93,0.902,3.9
2026-04-09,A072,37,235.5,0.776,0.614,0.846,3.29
2026-04-25,A072,37,455.6,0.62,0.602,0.92,4.8
2026-02-24,A072,58,534.9,0.681,0.862,0.843,3.94
2026-06-21,A072,45,552.9,0.908,0.87,0.968,3.81
2026-06-08,A072,24,499.1,0.717,0.895,0.976,3.9
2026-02-13,A072,47,471.6,0.743,0.672,0.83,4.8
2026-07-15,A072,30,200.5,0.79,0.679,0.858,3.53
2026-03-05,A072,41,629.5,0.707,0.844,0.936,4.04
2026-06-11,A072,53,234.1,0.818,0.781,0.931,4.12
2026-03-14,A072,38,528.2,0.676,0.633,0.949,4.32
2026-05-21,A072,42,345.3,0.574,0.66,0.803,4.41
2026-06-19,A072,28,304.0,0.745,0.666,0.843,4.45
2026-02-07,A072,53,493.1,0.862,0.893,0.88,3.92
2026-03-11,A072,28,436.8,0.681,0.869,0.958,4.63
2026-05-31,A072,38,671.2,0.751,0.937,0.978,4.61
2026-07-22,A072,33,346.1,0.872,0.705,0.967,3.21
2026-02-26,A072,60,487.2,0.896,0.687,0.859,3.81
2026-07-10,A072,28,546.2,0.906,0.638,0.83,3.57
2026-07-05,A072,25,428.2,0.559,0.637,0.95,4.71
2026-02-18,A072,46,539.9,0.917,0.731,0.86,4.6
2026-05-24,A072,52,621.0,0.717,0.666,0.815,3.23
2026-05-16,A072,30,586.1,0.9,0.925,0.915,3.64
2026-03-24,A072,37,632.0,0.794,0.843,0.853,3.36
2026-05-09,A072,29,385.4,0.712,0.759,0.903,3.37
2026-03-31,A072,48,497.6,0.716,0.894,0.836,4.22
2026-07-11,A073,50,719.4,0.599,0.672,0.954,3.89
2026-06-29,A073,41,556.1,0.8,0.658,0.86,4.46
2026-05-26,A073,55,617.4,0.616,0.714,0.93,4.49
2026-07-07,A073,38,552.9,0.727,0.817,0.956,4.13
2026-04-05,A073,23,654.8,0.657,0.668,0.931,4.11
2026-05-27,A073,37,510.4,0.878,0.785,0.879,4.53
2026-04-22,A073,45,433.3,0.765,0.812,0.921,4.57
2026-03-25,A073,50,399.7,0.836,0.929,0.892,3.77
2026-03-13,A073,23,544.9,0.564,0.79,0.804,4.79
2026-03-10,A073,54,241.8,0.835,0.732,0.932,3.65
2026-02-09,A073,24,351.9,0.905,0.743,0.94,3.57
2026-03-09,A073,39,489.7,0.741,0.769,0.973,3.88
2026-02-25,A073,19,371.3,0.809,0.678,0.883,3.87
2026-02-10,A073,41,592.5,0.753,0.894,0.918,3.64
2026-04-12,A073,42,678.0,0.563,0.653,0.8,3.88
2026-02-11,A073,52,562.1,0.686,0.94,0.891,4.74
2026-06-15,A073,35,433.7,0.597,0.713,0.874,3.47
2026-05-01,A073,59,390.9,0.85,0.742,0.942,3.84
2026-01-28,A073,36,280.4,0.633,0.661,0.89,4.52
2026-03-04,A073,22,438.8,0.66,0.709,0.904,4.2
2026-04-09,A073,17,485.2,0.769,0.927,0.927,4.31
2026-04-25,A073,15,190.7,0.852,0.821,0.83,3.23
2026-03-27,A073,24,548.6,0.627,0.835,0.807,3.93
2026-02-24,A073,47,259.1,0.881,0.715,0.944,3.42
2026-06-21,A073,37,250.7,0.781,0.823,0.974,3.95
2026-02-13,A073,35,712.7,0.843,0.837,0.891,3.55
2026-07-15,A073,32,444.9,0.768,0.646,0.812,3.86
2026-03-05,A073,16,348.2,0.816,0.937,0.959,3.64
2026-06-11,A073,49,216.1,0.581,0.844,0.962,3.37
2026-03-14,A073,20,517.1,0.706,0.927,0.876,4.37
2026-05-21,A073,51,210.6,0.795,0.684,0.965,4.63
2026-06-19,A073,23,561.3,0.887,0.759,0.912,3.98
2026-05-07,A073,58,718.6,0.663,0.65,0.825,3.54
2026-02-07,A073,57,224.1,0.681,0.627,0.989,3.36
2026-04-21,A073,42,331.8,0.57,0.842,0.882,3.74
2026-03-11,A073,32,250.2,0.733,0.884,0.846,4.19
2026-02-03,A073,54,263.3,0.897,0.701,0.82,3.72
2026-05-10,A073,26,256.8,0.6,0.761,0.805,4.7
2026-05-31,A073,45,582.7,0.619,0.632,0.846,3.33
2026-07-22,A073,16,580.7,0.72,0.677,0.912,3.84
2026-02-26,A073,20,326.4,0.796,0.65,0.897,3.3
2026-07-10,A073,58,639.2,0.852,0.643,0.902,4.2
2026-07-05,A073,56,494.2,0.632,0.613,0.96,3.44
2026-02-18,A073,38,237.5,0.774,0.614,0.843,3.3
2026-05-24,A073,38,190.0,0.812,0.765,0.983,4.67
2026-05-16,A073,43,514.2,0.844,0.616,0.867,3.61
2026-03-24,A073,46,193.1,0.576,0.725,0.962,3.55
2026-07-21,A073,39,452.1,0.708,0.678,0.873,3.33
2026-05-09,A073,51,303.9,0.592,0.842,0.923,3.81
2026-06-13,A073,50,410.3,0.734,0.795,0.82,4.19
2026-03-22,A074,25,216.5,0.58,0.8,0.92,4.09
2026-04-03,A074,52,198.8,0.654,0.794,0.828,4.37
2026-07-11,A074,51,381.1,0.606,0.826,0.835,4.57
2026-06-29,A074,16,623.5,0.84,0.771,0.805,4.69
2026-05-26,A074,30,450.5,0.797,0.632,0.973,3.37
2026-05-27,A074,58,427.9,0.699,0.751,0.936,4.72
2026-01-26,A074,26,513.8,0.801,0.78,0.968,4.37
2026-03-25,A074,27,209.4,0.561,0.869,0.896,4.38
2026-07-09,A074,18,630.1,0.907,0.613,0.888,3.73
2026-03-13,A074,50,622.7,0.635,0.837,0.948,4.66
2026-02-10,A074,39,207.6,0.791,0.902,0.979,3.79
2026-04-12,A074,59,324.5,0.83,0.875,0.893,4.65
2026-03-07,A074,55,583.6,0.63,0.752,0.962,3.69
2026-02-11,A074,60,574.6,0.61,0.81,0.845,4.16
2026-06-15,A074,31,391.8,0.565,0.632,0.867,4.05
2026-03-08,A074,24,192.5,0.853,0.673,0.836,4.74
2026-04-09,A074,40,505.6,0.676,0.637,0.92,3.66
2026-04-25,A074,34,313.9,0.555,0.799,0.917,3.68
2026-03-27,A074,23,551.4,0.616,0.902,0.825,4.45
2026-02-24,A074,28,628.5,0.624,0.606,0.952,3.97
2026-06-21,A074,37,469.4,0.889,0.888,0.98,4.3
2026-06-08,A074,58,640.3,0.65,0.897,0.846,4.24
2026-02-13,A074,19,395.8,0.564,0.775,0.844,3.64
2026-07-15,A074,31,594.8,0.662,0.656,0.945,4.63
2026-03-05,A074,43,664.3,0.808,0.719,0.865,4.57
2026-06-11,A074,35,511.8,0.62,0.821,0.84,3.49
2026-04-30,A074,21,699.2,0.842,0.933,0.953,4.19
2026-05-07,A074,52,568.6,0.718,0.763,0.898,4.07
2026-04-21,A074,39,638.3,0.691,0.807,0.825,3.23
2026-03-11,A074,28,621.4,0.903,0.665,0.907,3.97
2026-02-03,A074,32,221.7,0.801,0.762,0.935,3.25
2026-05-10,A074,17,472.8,0.893,0.642,0.964,3.54
2026-05-31,A074,48,568.2,0.762,0.723,0.9,4.59
2026-02-26,A074,59,297.5,0.716,0.917,0.946,4.72
2026-07-10,A074,32,341.0,0.573,0.742,0.9,3.74
2026-07-05,A074,26,229.7,0.884,0.855,0.932,4.01
2026-05-24,A074,41,335.2,0.834,0.834,0.964,3.32
2026-07-21,A074,42,464.6,0.736,0.865,0.866,4.27
2026-06-13,A074,45,678.5,0.763,0.894,0.907,4.2
2026-03-31,A074,43,252.9,0.791,0.847,0.92,4.14
2026-03-22,A075,15,391.6,0.892,0.683,0.886,4.48
2026-07-11,A075,19,381.5,0.654,0.929,0.935,3.74
2026-06-29,A075,25,471.3,0.777,0.808,0.864,3.5
2026-07-07,A075,60,383.6,0.682,0.924,0.9,4.38
2026-05-27,A075,49,304.8,0.685,0.888,0.827,4.21
2026-01-26,A075,15,459.7,0.703,0.924,0.812,4.17
2026-04-22,A075,17,622.7,0.853,0.666,0.918,3.32
2026-03-25,A075,27,190.3,0.793,0.621,0.947,4.76
2026-07-09,A075,26,232.0,0.605,0.656,0.899,3.5
2026-03-13,A075,18,587.8,0.679,0.877,0.895,4.44
2026-03-10,A075,60,315.3,0.651,0.647,0.921,4.53
2026-01-30,A075,49,542.6,0.586,0.703,0.971,3.38
2026-02-09,A075,23,264.3,0.772,0.908,0.967,3.89
2026-03-09,A075,18,545.2,0.618,0.77,0.979,3.25
2026-02-25,A075,40,556.8,0.615,0.796,0.877,4.78
2026-02-10,A075,21,641.7,0.586,0.778,0.829,3.85
2026-02-11,A075,56,330.7,0.58,0.739,0.866,3.26
2026-06-15,A075,24,628.8,0.565,0.686,0.854,3.45
2026-01-28,A075,26,492.3,0.669,0.664,0.922,3.63
2026-03-04,A075,18,356.2,0.551,0.622,0.929,3.93
2026-03-08,A075,45,569.1,0.821,0.622,0.825,3.32
2026-04-25,A075,47,403.3,0.657,0.795,0.972,3.32
2026-03-27,A075,42,474.2,0.732,0.627,0.939,4.71
2026-02-24,A075,53,415.4,0.825,0.794,0.928,4.61
2026-06-08,A075,28,406.1,0.74,0.616,0.889,4.25
2026-02-13,A075,45,559.5,0.909,0.744,0.967,4.74
2026-07-15,A075,42,387.0,0.705,0.908,0.835,3.25
2026-03-05,A075,15,633.2,0.795,0.701,0.984,4.77
2026-06-11,A075,47,532.3,0.563,0.789,0.882,4.63
2026-03-14,A075,59,554.5,0.795,0.922,0.857,4.76
2026-05-21,A075,17,501.5,0.737,0.65,0.809,3.64
2026-06-19,A075,51,420.0,0.707,0.646,0.81,3.23
2026-05-07,A075,35,519.9,0.575,0.622,0.87,3.44
2026-02-07,A075,34,215.0,0.603,0.889,0.985,4.12
2026-04-21,A075,54,635.1,0.678,0.603,0.836,4.06
2026-03-11,A075,50,610.3,0.727,0.708,0.818,4.54
2026-02-03,A075,52,349.0,0.825,0.786,0.891,3.8
2026-05-10,A075,18,203.2,0.632,0.816,0.931,4.78
2026-05-31,A075,50,192.3,0.879,0.883,0.878,3.73
2026-07-22,A075,47,207.9,0.58,0.853,0.888,4.47
2026-02-26,A075,52,487.4,0.722,0.771,0.872,3.23
2026-07-10,A075,50,424.2,0.844,0.803,0.871,4.73
2026-02-18,A075,19,489.9,0.621,0.604,0.809,3.56
2026-05-24,A075,52,288.5,0.644,0.759,0.939,4.3
2026-03-24,A075,40,689.4,0.815,0.786,0.807,3.4
2026-07-21,A075,26,561.0,0.706,0.897,0.942,4.74
2026-06-13,A075,24,565.4,0.687,0.673,0.81,4.29
2026-03-31,A075,50,534.9,0.87,0.89,0.812,4.06
